respondent_id,consent,a1_age,a2_sex,a3_cadre,a4_qualification,a5_years_practice,a6_years_facility,a7_department,a8_facility_type,a9_location,a10_ipc_training,a11_ipc_training_recency,a12_lassa_training,b1,b2,b3,b4,b5,b6,b7,b8,b9,b10,b11,b12,b13,b14,b15,c1,c2,c3,c4,c5,c6,c7,c8,c9,c10,c11,c12,c13,c14,c15,c16,c17,c18,c19,c20,d1,d2,d3,d4,d5,d6,d7,d8,d9,d10,d11,d12,d13,d14,d15,d16,d17,d18,d19,d20,d21,d22,d23,d24,d25,e1,e2,e3,e4,e5,e6,e7,e8,e9,e10,e11,e12,e13,e14,e15,f1,f2,f3,f4,f5,f6,f7,f8,f9,f10,f11,f12,f13,f14,f15,f16,f17,f18,f19,f20,g1,g2,g3,g4,g5,g6,g7,g8,g9,g10,g11,g12,h1,h2,h3,h4,h5,h6,h7,h8,h9,h10,h11,h12,h13,h14,h15,h16,h17,h18,h19,h20,i1,i2,i3,i4,i5,i6,i7,i8,i9,i10,i11,i12,i13,i14,i15,j1,j2,j3,j4,j5,j6,j7,j8,j9,j10,j11,j12,j13,j14,j15,k1,k2,k3,k4
R0001,yes,18_24,male,chew,hnd,6_10,1_5,inpatient,primary,rural,yes,1_2y,no,true,false,false,true,dk,true,dk,true,false,true,false,true,dk,true,true,3,3,2,3,5,3,2,2,3,4,4,2,3,4,4,2,2,3,3,2,4,3,5,4,4,3,5,4,4,5,5,4,1,4,3,5,4,4,4,4,5,5,4,3,4,2,3,4,3,1,4,3,4,4,4,3,3,4,4,3,3,2,2,1,2,3,2,3,4,1,3,3,2,2,3,3,3,4,2,3,rarely,rarely,rarely,sometimes,rarely,sometimes,often,sometimes,often,sometimes,sometimes,sometimes,available,not_available,available,available,available,available,not_available,available,available,partial,available,unknown,available,available,available,available,available,available,not_available,available,yes,yes,no,no,yes,no,no,no,yes,yes,dk,dk,yes,no,yes,1,3,1,2,3,4,4,3,3,4,3,3,2,3,2,High workload and inadequate staffing,"PPE, alcohol-based hand rub and isolation space",Maintain emergency PPE stocks and strengthen referral and notification procedures.,Water supply and PPE availability should be maintained consistently.
R0002,yes,25_34,female,chew,bachelor,6_10,1_5,emergency,primary,rural,no,unknown,no,true,true,true,true,false,true,true,true,true,true,true,true,true,false,dk,4,3,4,3,3,4,4,3,5,3,5,5,4,3,4,4,3,3,4,1,3,2,1,2,2,3,3,3,3,3,2,3,4,4,3,3,3,5,3,4,2,5,5,4,3,2,2,3,3,2,1,3,2,3,4,3,4,2,3,2,3,4,2,1,4,1,1,2,2,2,3,2,1,2,3,4,1,2,2,2,rarely,often,often,sometimes,never,always,sometimes,sometimes,often,sometimes,sometimes,sometimes,partial,available,available,available,available,unknown,available,not_available,available,available,available,available,partial,partial,available,partial,available,available,available,available,yes,yes,no,no,dk,yes,no,no,yes,dk,yes,yes,no,yes,no,3,3,5,3,1,4,3,3,3,3,1,2,3,4,4,High workload and inadequate staffing,"Training materials, PPE and cleaning supplies",Conduct routine IPC audits and communicate findings to staff.,Regular monitoring and adequate supplies would improve compliance.
R0003,yes,35_44,female,nurse_midwife,bachelor,1_5,1_5,inpatient,primary,rural,yes,6m,no,false,dk,false,dk,false,true,true,true,true,true,true,true,dk,false,false,5,1,3,4,2,3,2,3,3,4,2,3,3,3,5,4,2,3,2,3,4,2,2,2,4,1,4,2,2,4,2,2,2,2,1,2,1,4,3,3,3,2,2,1,2,4,3,3,4,4,5,3,5,2,2,1,3,3,4,3,2,3,1,3,1,1,1,1,2,1,3,2,2,2,1,3,2,3,2,3,often,always,often,often,often,sometimes,often,often,sometimes,often,sometimes,often,available,available,available,not_available,available,available,available,available,available,available,available,available,available,available,available,not_available,available,available,available,partial,yes,yes,yes,yes,no,yes,no,yes,yes,no,yes,yes,dk,yes,dk,4,3,4,3,3,3,3,3,3,3,3,4,3,3,1,Limited isolation and waste-management infrastructure,"PPE, alcohol-based hand rub and isolation space",Conduct regular IPC and Lassa fever refresher training and outbreak drills.,Water supply and PPE availability should be maintained consistently.
R0004,yes,35_44,female,lab,diploma,gt15,6_10,maternity,secondary,urban,yes,7_12m,no,true,false,true,true,false,false,true,true,false,true,true,true,false,dk,true,4,2,3,3,3,3,2,2,4,2,3,4,2,4,1,3,2,3,2,3,4,3,4,3,3,3,1,2,3,5,2,4,2,2,2,4,3,2,4,4,4,4,3,1,3,4,3,4,1,3,3,2,3,3,2,3,3,4,3,3,2,3,3,4,4,3,3,4,5,3,1,3,3,4,3,4,3,3,2,4,often,always,always,always,often,rarely,sometimes,often,sometimes,often,often,often,available,available,unknown,not_available,available,available,not_available,partial,available,available,available,not_available,available,not_available,not_available,partial,available,available,available,available,no,yes,yes,yes,yes,yes,no,yes,yes,no,yes,no,no,dk,no,4,3,5,3,3,4,2,4,3,4,4,4,4,4,3,Limited isolation and waste-management infrastructure,"Water, soap and sharps containers",Conduct routine IPC audits and communicate findings to staff.,Water supply and PPE availability should be maintained consistently.
R0005,yes,18_24,male,environmental_health,diploma,1_5,11_15,inpatient,secondary,semiurban,yes,6m,no,true,true,false,dk,false,true,true,true,false,true,false,false,true,dk,true,2,4,4,3,4,4,2,3,3,2,2,3,4,3,5,2,3,3,5,3,3,2,2,3,1,1,1,2,2,3,3,3,2,3,2,4,2,1,3,4,2,3,4,1,2,4,2,3,1,4,2,3,4,3,2,3,4,2,2,3,3,2,2,3,3,3,3,3,2,3,3,2,2,3,3,3,2,1,4,4,never,rarely,rarely,rarely,rarely,rarely,never,rarely,sometimes,rarely,rarely,sometimes,available,unknown,available,available,available,available,available,not_available,available,available,partial,available,available,not_available,unknown,available,available,partial,not_available,available,yes,yes,yes,yes,yes,yes,yes,dk,yes,dk,dk,dk,no,dk,yes,3,2,2,2,5,3,2,2,2,1,3,3,2,2,3,Inconsistent PPE availability,"Water, soap and sharps containers",Conduct routine IPC audits and communicate findings to staff.,Regular monitoring and adequate supplies would improve compliance.
R0006,yes,35_44,female,cho,hnd,1_5,1_5,maternity,primary,rural,yes,6m,no,dk,false,true,false,false,true,true,true,dk,true,true,true,true,false,true,5,5,3,5,4,5,4,4,3,3,4,4,4,4,4,5,5,4,5,4,3,4,3,3,4,4,4,3,3,4,3,1,3,2,3,2,4,5,4,4,2,3,5,4,3,3,4,4,3,4,3,4,3,4,2,3,2,3,3,3,2,4,3,2,2,3,3,4,2,4,4,1,4,3,4,3,3,5,3,4,always,often,sometimes,sometimes,often,always,sometimes,rarely,sometimes,often,often,often,available,available,available,not_available,available,available,not_available,available,partial,available,available,not_available,available,unknown,available,available,available,not_available,not_available,not_available,yes,no,dk,yes,no,no,yes,yes,yes,dk,yes,yes,yes,dk,yes,4,5,4,5,4,5,5,5,5,5,5,4,5,4,5,Inconsistent PPE availability,"Training materials, PPE and cleaning supplies","Improve water, sanitation, waste management and PPE availability.",Water supply and PPE availability should be maintained consistently.
R0007,yes,35_44,male,lab,bachelor,gt15,6_10,theatre,secondary,urban,yes,1_2y,yes,true,true,dk,dk,false,true,false,true,true,true,dk,false,true,false,dk,4,4,4,4,3,2,3,4,4,4,2,2,2,4,2,2,2,4,2,3,3,5,5,1,3,4,3,4,2,3,3,3,3,5,4,3,4,2,2,4,3,5,4,4,2,3,3,4,2,4,3,3,4,3,4,3,2,4,3,4,4,4,5,5,5,2,4,5,4,5,5,3,5,4,5,4,5,5,4,3,sometimes,rarely,sometimes,often,often,often,sometimes,often,rarely,often,always,sometimes,unknown,available,partial,available,partial,available,unknown,available,available,unknown,partial,available,available,partial,available,available,not_available,available,not_available,partial,yes,yes,no,no,yes,yes,yes,no,no,dk,yes,yes,yes,no,dk,4,4,2,2,3,4,3,2,3,3,3,3,4,3,3,Insufficient refresher training and supervision,"PPE, alcohol-based hand rub and isolation space",Conduct regular IPC and Lassa fever refresher training and outbreak drills.,Regular monitoring and adequate supplies would improve compliance.
R0008,yes,35_44,female,environmental_health,bachelor,1_5,11_15,inpatient,secondary,rural,yes,1_2y,no,true,false,true,false,dk,true,true,false,false,true,true,true,dk,false,dk,5,4,5,4,5,5,3,3,4,4,5,5,5,5,5,5,4,5,5,4,1,4,5,3,4,4,3,3,4,4,2,4,2,3,4,2,2,4,3,2,2,1,3,3,3,5,3,3,2,4,5,3,4,2,2,3,4,2,4,3,3,2,3,2,2,4,4,4,3,2,4,3,3,1,2,1,3,3,3,2,always,always,often,sometimes,always,often,sometimes,always,always,often,always,often,available,available,available,partial,available,available,available,not_available,not_available,not_available,not_available,available,available,available,not_available,not_available,available,partial,not_available,unknown,yes,yes,yes,no,no,yes,dk,yes,yes,yes,no,yes,yes,yes,yes,4,4,3,2,5,3,3,3,5,1,3,3,3,3,4,Inconsistent PPE availability,"PPE, alcohol-based hand rub and isolation space",Conduct regular IPC and Lassa fever refresher training and outbreak drills.,Staff understand IPC but workload can affect compliance.
R0009,yes,25_34,male,other,bachelor,1_5,11_15,opd,secondary,rural,yes,6m,yes,true,true,dk,true,false,true,false,true,true,false,false,true,true,false,true,2,4,3,3,3,4,4,2,3,4,4,5,4,3,5,5,3,4,3,4,3,4,3,4,4,2,3,4,3,3,4,3,3,3,4,5,4,3,3,4,3,5,4,4,4,5,2,4,2,2,3,4,4,2,3,2,4,2,4,2,2,1,3,2,3,3,2,2,2,4,2,2,3,4,3,3,3,3,3,2,often,always,always,sometimes,sometimes,sometimes,often,always,often,always,sometimes,often,not_available,available,available,available,not_available,available,partial,available,available,not_available,partial,available,available,available,available,not_available,not_available,available,available,available,yes,dk,yes,dk,yes,no,yes,yes,no,dk,no,yes,dk,yes,yes,4,3,3,3,3,2,2,4,3,4,2,2,4,2,3,Inconsistent PPE availability,"PPE, alcohol-based hand rub and isolation space",Conduct routine IPC audits and communicate findings to staff.,Staff understand IPC but workload can affect compliance.
R0010,yes,25_34,female,cho,diploma,6_10,1_5,opd,primary,urban,yes,7_12m,no,false,false,true,dk,true,false,true,false,true,true,true,true,true,true,dk,4,3,3,3,5,4,2,4,3,2,2,2,3,3,4,3,3,2,3,2,3,1,3,1,3,2,2,3,2,3,2,2,1,2,3,1,4,3,2,4,3,2,3,3,4,3,4,4,3,3,3,5,3,5,3,4,3,5,3,2,5,1,2,3,2,4,4,3,1,3,3,3,3,2,4,1,4,1,2,4,sometimes,sometimes,rarely,rarely,rarely,never,sometimes,never,often,sometimes,rarely,rarely,available,available,available,not_available,available,not_available,available,available,available,not_available,partial,available,available,partial,available,not_available,partial,available,partial,available,no,yes,no,yes,yes,dk,dk,yes,yes,yes,yes,no,dk,yes,yes,2,3,3,2,2,2,2,1,3,2,2,2,3,5,3,Limited water and hand-hygiene supplies,"Gloves, masks, disinfectants and waste bins","Provide a functional isolation area, clear SOPs and regular supervision.",The facility needs stronger supervision and refresher training.
R0011,yes,25_34,male,cho,bachelor,1_5,lt1,theatre,primary,urban,yes,6m,no,true,true,true,false,true,true,true,true,true,true,true,true,true,false,false,4,4,3,3,3,4,2,3,3,3,3,4,3,5,3,4,2,3,2,4,3,3,4,3,3,2,3,3,3,3,3,3,2,4,3,3,4,3,3,3,3,2,4,3,4,4,3,3,3,2,3,3,3,2,2,4,2,3,3,4,3,4,4,3,2,5,3,5,3,4,4,4,1,2,3,3,3,4,3,3,sometimes,never,often,rarely,rarely,rarely,rarely,sometimes,rarely,na,often,rarely,not_available,available,available,partial,partial,available,not_available,available,not_available,available,available,not_available,available,available,available,available,available,available,available,not_available,yes,dk,yes,yes,yes,no,yes,no,yes,no,no,no,dk,yes,yes,3,3,3,1,5,5,4,3,4,5,5,4,3,3,5,Availability of IPC supplies and management support,"Training materials, PPE and cleaning supplies",Maintain emergency PPE stocks and strengthen referral and notification procedures.,Regular monitoring and adequate supplies would improve compliance.
R0012,yes,45_54,male,chew,bachelor,6_10,6_10,maternity,primary,urban,yes,6m,yes,true,dk,false,dk,false,true,true,true,true,true,dk,true,true,dk,false,3,4,5,5,3,5,5,4,5,3,3,5,5,3,5,5,4,5,3,5,4,4,2,4,3,5,3,4,4,4,4,3,3,3,3,3,1,3,4,3,2,3,4,4,4,5,5,5,4,4,4,3,5,3,3,4,2,3,3,4,3,3,2,4,4,5,4,3,3,4,2,2,4,3,4,2,4,3,4,5,sometimes,na,often,sometimes,often,sometimes,often,sometimes,often,often,sometimes,sometimes,partial,partial,partial,not_available,partial,available,not_available,unknown,available,not_available,not_available,available,partial,partial,not_available,partial,partial,available,not_available,not_available,dk,no,yes,dk,no,yes,yes,dk,no,yes,dk,yes,dk,dk,yes,3,5,4,4,4,3,5,3,4,3,4,5,4,4,5,Insufficient refresher training and supervision,"Gloves, masks, disinfectants and waste bins","Provide a functional isolation area, clear SOPs and regular supervision.",Regular monitoring and adequate supplies would improve compliance.
R0013,yes,25_34,female,lab,hnd,1_5,1_5,paediatric,secondary,semiurban,yes,1_2y,no,false,true,true,false,false,true,true,false,true,true,false,true,true,false,false,3,3,3,2,5,3,3,3,4,3,2,3,3,3,4,5,2,3,4,4,2,5,3,5,5,4,5,5,3,4,4,4,4,5,5,4,5,2,2,5,5,4,5,4,4,4,3,4,3,2,3,3,4,2,4,1,4,2,3,2,4,5,3,4,3,4,4,4,4,4,3,4,5,4,4,5,3,4,3,4,always,rarely,often,sometimes,sometimes,often,always,always,sometimes,sometimes,sometimes,sometimes,not_available,not_available,partial,available,partial,available,available,partial,available,available,partial,unknown,not_available,available,available,available,available,unknown,not_available,not_available,yes,yes,dk,no,no,yes,yes,yes,no,yes,yes,yes,no,yes,yes,3,4,5,2,3,3,2,3,4,2,4,4,3,3,2,Limited water and hand-hygiene supplies,"Training materials, PPE and cleaning supplies",Maintain emergency PPE stocks and strengthen referral and notification procedures.,Water supply and PPE availability should be maintained consistently.
R0014,yes,55_plus,male,nurse_midwife,bachelor,11_15,1_5,laboratory,primary,rural,yes,6m,no,dk,dk,true,true,false,true,false,true,true,true,true,true,true,false,true,3,4,3,2,3,2,2,3,2,4,2,3,3,2,2,2,3,3,3,4,3,5,4,4,3,4,2,2,5,3,3,4,3,5,3,5,4,3,3,3,4,3,4,4,4,2,3,1,3,2,2,3,3,4,3,3,2,4,3,4,3,3,2,4,2,1,2,4,3,2,1,3,3,3,2,2,3,2,3,3,often,rarely,rarely,sometimes,sometimes,often,sometimes,never,rarely,sometimes,never,sometimes,partial,available,available,partial,available,available,available,available,available,available,available,partial,not_available,available,not_available,not_available,available,partial,available,not_available,no,yes,no,yes,yes,no,yes,yes,yes,no,yes,no,no,dk,no,2,2,3,2,2,4,3,3,2,3,3,4,2,2,3,Availability of IPC supplies and management support,"Gloves, masks, disinfectants and waste bins","Provide a functional isolation area, clear SOPs and regular supervision.",The facility needs stronger supervision and refresher training.
R0015,yes,25_34,male,nurse_midwife,certificate,1_5,6_10,maternity,primary,rural,no,unknown,no,true,true,true,true,false,true,true,true,true,true,true,true,true,false,true,4,3,2,2,4,5,4,3,4,4,4,3,3,4,4,3,3,4,3,2,4,3,2,5,4,2,5,4,2,4,2,2,3,3,4,3,4,2,3,3,3,2,5,5,3,5,5,4,4,3,3,4,5,4,2,1,2,2,2,3,3,4,3,3,2,2,3,4,2,4,4,2,1,3,3,3,2,3,4,3,often,often,sometimes,sometimes,sometimes,often,always,always,often,always,often,often,available,available,available,not_available,available,available,not_available,available,available,partial,unknown,available,available,partial,available,available,available,available,available,available,no,no,dk,yes,yes,yes,no,dk,yes,dk,yes,dk,no,yes,no,4,3,4,3,4,5,3,4,5,3,4,3,2,4,4,Limited water and hand-hygiene supplies,"Gloves, masks, disinfectants and waste bins",Maintain emergency PPE stocks and strengthen referral and notification procedures.,More practical outbreak drills and feedback would be useful.
R0016,yes,45_54,female,chew,certificate,11_15,1_5,inpatient,primary,urban,no,unknown,yes,true,false,true,true,true,true,true,true,true,true,true,true,false,false,true,3,4,3,4,4,4,4,3,3,3,4,2,3,4,4,3,3,4,4,1,4,5,2,4,4,3,3,4,4,3,3,3,3,4,5,4,3,4,3,2,4,4,3,2,4,3,3,4,2,4,2,3,4,2,1,2,3,3,3,3,2,3,3,2,3,4,2,2,2,1,3,3,5,4,3,3,2,3,2,3,sometimes,always,often,always,always,always,always,always,always,often,often,always,not_available,available,available,available,not_available,not_available,available,available,partial,not_available,available,not_available,available,not_available,not_available,available,available,unknown,partial,partial,yes,yes,yes,no,dk,no,no,yes,no,yes,yes,yes,yes,dk,dk,3,3,2,3,2,3,3,2,1,1,1,2,4,2,3,Inconsistent PPE availability,"Gloves, masks, disinfectants and waste bins",Maintain emergency PPE stocks and strengthen referral and notification procedures.,Staff understand IPC but workload can affect compliance.
R0017,yes,45_54,male,attendant,hnd,gt15,1_5,theatre,primary,semiurban,no,unknown,no,dk,false,false,true,false,true,dk,false,true,false,true,true,false,true,dk,4,1,2,3,2,2,2,1,4,3,4,4,3,3,4,4,2,2,3,2,1,4,2,2,2,2,4,3,3,3,2,4,3,4,3,3,1,2,3,4,3,3,2,2,2,2,4,3,4,3,1,2,1,2,4,3,3,2,2,4,5,2,2,2,3,2,2,3,4,2,2,4,2,4,2,3,3,3,3,3,rarely,often,rarely,sometimes,often,rarely,often,rarely,always,often,often,sometimes,unknown,available,available,available,partial,available,available,available,available,available,partial,not_available,available,available,available,available,unknown,not_available,unknown,available,yes,yes,yes,yes,no,yes,no,yes,dk,no,no,yes,no,yes,yes,2,2,3,3,3,5,4,1,3,4,3,4,4,4,2,Inconsistent PPE availability,"PPE, alcohol-based hand rub and isolation space","Improve water, sanitation, waste management and PPE availability.",The facility needs stronger supervision and refresher training.
R0018,yes,25_34,female,nurse_midwife,hnd,1_5,6_10,inpatient,secondary,urban,no,unknown,yes,false,true,false,true,true,true,dk,false,true,false,false,dk,true,true,true,4,3,4,4,4,3,2,3,2,4,4,2,4,3,2,4,4,3,4,2,3,2,4,3,3,3,3,4,2,4,5,3,4,2,2,2,3,3,2,3,5,3,4,3,2,2,3,3,2,3,2,3,4,3,2,3,3,2,4,1,3,3,4,3,2,5,3,3,2,3,2,2,2,3,5,4,2,4,3,4,sometimes,often,often,sometimes,sometimes,often,na,sometimes,sometimes,often,often,sometimes,partial,available,partial,available,available,partial,available,available,not_available,available,partial,partial,not_available,available,unknown,not_available,available,available,partial,not_available,dk,yes,dk,dk,yes,yes,no,yes,dk,yes,no,no,dk,yes,yes,4,4,4,3,4,2,3,2,2,4,4,2,4,3,4,Availability of IPC supplies and management support,"PPE, hand-hygiene supplies and running water","Provide a functional isolation area, clear SOPs and regular supervision.",Water supply and PPE availability should be maintained consistently.
R0019,yes,25_34,male,chew,bachelor,1_5,1_5,community,primary,semiurban,no,unknown,no,true,true,false,false,dk,true,dk,false,dk,false,false,false,true,true,false,4,5,3,4,3,2,3,3,4,1,5,3,3,3,2,3,3,4,5,2,3,3,3,3,2,3,3,3,3,3,3,3,5,4,4,3,2,3,4,4,5,2,3,2,3,2,3,3,3,4,4,1,4,5,3,3,3,3,3,3,3,3,3,3,2,3,4,4,2,3,4,4,3,3,4,4,5,5,5,4,rarely,sometimes,sometimes,often,always,sometimes,rarely,often,sometimes,often,sometimes,rarely,available,not_available,partial,partial,available,available,partial,available,available,available,available,available,available,partial,partial,not_available,available,not_available,not_available,not_available,yes,yes,no,dk,yes,yes,no,yes,dk,yes,no,no,dk,yes,dk,3,3,2,5,3,4,3,5,4,3,3,1,4,3,4,Availability of IPC supplies and management support,"Training materials, PPE and cleaning supplies",Maintain emergency PPE stocks and strengthen referral and notification procedures.,Water supply and PPE availability should be maintained consistently.
R0020,yes,25_34,prefer_not,nurse_midwife,diploma,gt15,1_5,community,secondary,rural,no,unknown,yes,true,true,true,false,dk,true,false,true,true,false,true,true,false,false,true,1,2,2,2,3,2,3,1,2,4,2,3,4,3,4,2,4,3,3,3,3,3,1,3,3,3,2,3,1,2,1,2,3,3,3,3,2,4,2,3,3,2,3,2,1,4,3,2,4,3,2,2,1,3,3,2,4,3,2,1,2,4,2,4,4,2,3,1,3,4,3,4,3,1,4,2,2,3,1,4,never,never,rarely,sometimes,sometimes,sometimes,rarely,rarely,rarely,never,often,rarely,partial,available,available,not_available,partial,available,available,available,available,available,available,partial,available,not_available,available,available,available,available,available,not_available,yes,yes,yes,yes,yes,yes,yes,yes,yes,dk,no,no,dk,yes,yes,1,3,2,1,2,2,2,2,2,2,4,1,2,1,2,Inconsistent PPE availability,"PPE, alcohol-based hand rub and isolation space","Provide a functional isolation area, clear SOPs and regular supervision.",More practical outbreak drills and feedback would be useful.
R0021,yes,25_34,male,nurse_midwife,bachelor,1_5,11_15,paediatric,primary,rural,yes,6m,yes,false,true,dk,false,true,false,true,false,true,true,false,false,false,true,true,3,4,4,1,3,3,4,4,5,4,4,4,3,4,2,3,2,3,5,3,3,4,1,3,3,2,2,3,2,4,4,2,2,2,3,2,4,4,4,2,2,3,2,3,4,4,2,4,3,3,3,4,5,3,2,1,3,1,5,3,2,3,3,3,4,3,4,2,3,2,5,2,3,3,3,2,4,3,4,3,often,never,sometimes,sometimes,often,na,often,rarely,often,sometimes,sometimes,sometimes,available,not_available,available,available,available,available,available,not_available,available,partial,available,available,available,available,available,not_available,available,not_available,not_available,partial,dk,yes,yes,yes,yes,yes,yes,yes,yes,dk,no,no,dk,no,dk,3,3,3,3,2,5,3,4,3,4,4,5,3,4,4,Inconsistent PPE availability,"Training materials, PPE and cleaning supplies","Improve water, sanitation, waste management and PPE availability.",Staff understand IPC but workload can affect compliance.
R0022,yes,25_34,female,cho,bachelor,1_5,11_15,opd,secondary,urban,yes,7_12m,no,true,true,true,false,false,true,dk,false,true,true,true,false,true,false,true,4,3,4,5,4,3,5,3,3,5,2,3,4,3,5,4,4,3,3,4,2,2,4,3,4,4,1,2,3,4,2,3,5,3,3,2,2,2,4,2,4,4,4,3,4,1,3,2,3,4,3,4,3,2,3,4,3,2,2,2,1,1,1,3,3,3,2,1,1,2,1,1,2,3,4,4,1,2,4,3,sometimes,often,often,always,rarely,often,sometimes,sometimes,rarely,sometimes,sometimes,na,available,available,partial,available,partial,partial,available,available,partial,partial,not_available,available,unknown,available,not_available,available,available,available,unknown,available,yes,yes,dk,no,dk,dk,no,yes,yes,dk,yes,no,no,yes,yes,3,1,3,4,4,3,2,3,4,3,3,3,2,3,3,Inconsistent PPE availability,"Gloves, masks, disinfectants and waste bins",Conduct routine IPC audits and communicate findings to staff.,More practical outbreak drills and feedback would be useful.
R0023,yes,25_34,female,nurse_midwife,bachelor,11_15,11_15,opd,secondary,rural,no,unknown,no,true,true,true,false,false,true,true,true,true,true,true,true,false,false,true,5,3,4,3,4,2,5,2,2,3,3,4,5,4,3,4,3,4,3,5,1,3,4,3,5,3,4,3,3,3,2,3,2,2,5,3,3,4,3,4,3,2,3,3,3,4,3,3,3,4,3,2,5,2,3,1,3,2,3,3,2,2,3,3,3,2,3,3,2,3,2,3,4,2,3,3,2,4,3,4,sometimes,often,rarely,rarely,sometimes,rarely,sometimes,na,sometimes,sometimes,often,often,not_available,partial,available,partial,available,available,partial,unknown,available,available,available,not_available,available,partial,available,available,partial,not_available,partial,partial,no,dk,yes,dk,yes,no,yes,yes,dk,dk,yes,yes,no,yes,yes,4,4,4,4,2,3,4,3,4,2,4,3,3,3,1,Availability of IPC supplies and management support,"Gloves, masks, disinfectants and waste bins","Provide a functional isolation area, clear SOPs and regular supervision.",More practical outbreak drills and feedback would be useful.
R0024,yes,25_34,male,cho,master,6_10,lt1,emergency,primary,urban,yes,1_2y,yes,false,true,false,false,false,true,true,true,false,true,true,true,true,false,true,2,1,4,2,2,3,3,4,2,3,2,2,5,3,2,2,3,4,4,3,3,3,3,3,2,4,4,3,2,3,3,1,2,3,5,3,5,2,3,3,3,3,2,4,2,2,3,3,2,3,4,2,4,3,3,3,4,1,4,2,2,1,5,3,3,2,1,2,3,4,2,3,2,3,5,4,2,3,3,3,often,sometimes,always,always,often,always,often,always,always,always,sometimes,often,available,available,available,not_available,available,available,not_available,not_available,available,available,available,available,not_available,not_available,partial,partial,not_available,not_available,partial,available,dk,yes,no,yes,yes,no,no,no,dk,yes,yes,no,dk,yes,no,3,5,3,4,3,3,3,3,3,3,5,4,2,3,3,Limited water and hand-hygiene supplies,"PPE, alcohol-based hand rub and isolation space",Conduct regular IPC and Lassa fever refresher training and outbreak drills.,Water supply and PPE availability should be maintained consistently.
R0025,yes,25_34,female,cho,diploma,6_10,1_5,paediatric,secondary,rural,yes,7_12m,yes,false,false,true,false,false,true,dk,true,false,true,true,true,true,dk,true,3,3,4,3,4,3,3,2,3,3,2,3,3,4,2,3,2,2,3,3,2,5,4,3,4,1,3,4,3,5,3,4,4,4,4,4,3,4,3,4,4,2,2,4,2,3,3,3,2,3,4,3,3,4,4,4,3,3,4,2,4,3,4,4,4,3,4,4,3,3,4,3,5,3,3,5,4,3,3,4,often,sometimes,never,often,rarely,never,often,rarely,rarely,never,rarely,rarely,available,available,partial,available,partial,available,partial,available,available,available,available,available,not_available,available,not_available,not_available,available,available,available,available,yes,yes,yes,yes,yes,no,no,yes,dk,yes,yes,yes,dk,dk,no,2,2,2,1,2,1,1,2,2,2,3,2,2,1,2,Limited isolation and waste-management infrastructure,"PPE, hand-hygiene supplies and running water","Improve water, sanitation, waste management and PPE availability.",Regular monitoring and adequate supplies would improve compliance.
R0026,yes,35_44,male,lab,bachelor,1_5,lt1,inpatient,primary,semiurban,yes,7_12m,no,dk,false,true,false,false,false,true,true,true,true,false,false,true,dk,true,2,2,4,3,4,4,4,4,2,5,4,2,2,3,3,4,4,4,5,5,4,3,2,2,4,4,4,3,3,2,4,3,4,2,4,4,4,4,3,5,3,4,2,3,3,2,4,3,3,3,3,4,4,4,4,3,3,5,3,3,2,4,2,3,2,3,4,3,2,2,1,3,3,2,2,3,2,2,1,3,often,sometimes,sometimes,often,sometimes,sometimes,rarely,often,rarely,often,sometimes,sometimes,available,available,partial,available,available,available,available,not_available,partial,available,partial,partial,not_available,not_available,not_available,available,partial,partial,available,not_available,yes,no,yes,yes,yes,yes,yes,yes,yes,no,no,yes,yes,dk,yes,2,3,3,3,2,4,3,4,4,3,3,3,3,3,3,Insufficient refresher training and supervision,"PPE, hand-hygiene supplies and running water",Conduct regular IPC and Lassa fever refresher training and outbreak drills.,The facility needs stronger supervision and refresher training.
R0027,yes,25_34,female,nurse_midwife,diploma,6_10,gt15,laboratory,secondary,rural,yes,7_12m,yes,true,true,true,false,true,true,false,true,true,true,true,true,true,false,true,4,4,3,4,5,3,4,3,4,4,3,4,3,5,4,5,2,3,4,2,4,3,3,3,4,3,3,2,4,4,2,3,2,4,4,4,4,2,3,3,3,3,4,3,4,4,3,2,5,3,3,4,3,3,2,1,2,2,4,2,2,3,3,3,4,5,3,4,3,4,3,3,2,3,3,4,3,5,3,3,rarely,sometimes,sometimes,often,sometimes,often,always,always,often,rarely,sometimes,sometimes,available,available,available,partial,available,available,available,available,partial,available,available,available,partial,not_available,available,available,available,available,available,not_available,dk,yes,yes,yes,yes,yes,dk,yes,no,no,yes,yes,yes,yes,yes,3,2,2,4,4,3,1,2,4,3,3,1,3,3,2,Limited water and hand-hygiene supplies,"PPE, alcohol-based hand rub and isolation space","Improve water, sanitation, waste management and PPE availability.",More practical outbreak drills and feedback would be useful.
R0028,yes,25_34,female,pharmacy,diploma,11_15,6_10,other,secondary,urban,yes,7_12m,no,false,true,true,false,false,false,true,true,true,true,true,true,true,false,true,3,4,3,4,4,4,4,5,2,2,4,4,5,3,4,3,3,2,4,3,4,3,2,3,3,5,4,3,3,2,3,2,3,2,2,3,4,4,3,3,5,2,4,3,2,3,2,4,4,1,3,3,3,3,3,3,3,2,3,4,5,3,4,3,3,2,2,4,3,5,2,2,3,2,2,2,5,3,2,4,always,always,often,always,always,often,sometimes,sometimes,often,sometimes,sometimes,often,unknown,available,available,available,not_available,available,available,not_available,not_available,partial,available,partial,partial,not_available,available,available,available,available,not_available,available,yes,yes,yes,dk,yes,yes,no,yes,no,yes,yes,no,dk,no,yes,2,3,3,2,4,4,2,5,4,4,3,3,2,1,4,High workload and inadequate staffing,"Water, soap and sharps containers",Conduct regular IPC and Lassa fever refresher training and outbreak drills.,Regular monitoring and adequate supplies would improve compliance.
R0029,yes,45_54,female,nurse_midwife,hnd,6_10,11_15,paediatric,primary,semiurban,yes,7_12m,yes,true,true,true,false,false,true,true,true,true,true,true,true,true,false,true,5,2,2,3,2,4,4,4,4,4,3,3,3,4,3,5,3,3,2,2,2,2,3,3,3,3,4,3,3,4,3,3,3,2,5,4,3,2,3,3,4,4,5,3,2,1,3,2,2,3,2,1,2,5,2,3,5,3,3,1,2,4,3,4,4,4,1,4,3,4,3,4,4,5,4,3,2,5,3,3,sometimes,sometimes,sometimes,often,often,sometimes,rarely,sometimes,sometimes,always,often,always,not_available,available,available,available,available,partial,available,not_available,available,partial,available,available,available,not_available,partial,available,available,partial,not_available,available,yes,yes,no,yes,yes,no,yes,yes,yes,yes,dk,yes,no,yes,yes,4,4,2,2,3,2,3,3,3,3,3,4,3,3,3,Inconsistent PPE availability,"PPE, alcohol-based hand rub and isolation space",Conduct routine IPC audits and communicate findings to staff.,More practical outbreak drills and feedback would be useful.
R0030,yes,35_44,male,attendant,diploma,11_15,1_5,opd,primary,urban,yes,gt2y,no,true,true,true,false,false,true,true,true,true,true,true,true,true,false,true,3,1,2,2,4,2,2,4,3,3,3,3,2,3,4,3,3,2,2,3,5,2,3,2,2,3,3,4,4,3,3,4,4,3,3,3,3,2,4,4,2,3,3,3,3,3,4,4,4,3,3,4,1,3,1,3,3,4,2,3,2,4,5,2,3,3,4,3,2,3,4,2,1,3,3,4,2,2,4,4,rarely,always,sometimes,often,sometimes,sometimes,sometimes,sometimes,rarely,sometimes,sometimes,rarely,available,available,available,partial,available,available,available,available,available,available,available,available,partial,available,partial,available,partial,available,available,available,yes,yes,yes,yes,dk,yes,yes,dk,no,no,yes,yes,yes,no,yes,1,5,4,3,2,4,2,3,2,3,3,1,3,4,3,Insufficient refresher training and supervision,"PPE, hand-hygiene supplies and running water",Maintain emergency PPE stocks and strengthen referral and notification procedures.,Water supply and PPE availability should be maintained consistently.
R0031,yes,25_34,male,chew,master,1_5,1_5,theatre,secondary,semiurban,yes,gt2y,yes,dk,false,true,true,false,true,true,true,true,false,true,true,true,true,true,3,4,3,3,4,3,5,3,3,5,3,3,5,3,3,2,2,2,3,2,2,2,1,1,1,4,2,3,3,3,2,2,3,2,2,2,1,4,2,3,1,3,3,3,2,5,3,4,4,5,2,4,4,1,3,3,4,3,3,4,2,5,3,4,2,3,4,2,4,2,1,4,3,3,2,2,3,3,2,4,rarely,often,sometimes,often,rarely,often,sometimes,sometimes,sometimes,often,sometimes,rarely,available,unknown,available,available,available,available,partial,partial,available,partial,available,available,available,not_available,partial,partial,partial,available,not_available,available,yes,dk,yes,yes,yes,yes,yes,yes,yes,no,no,yes,dk,yes,yes,1,2,3,4,3,3,3,2,1,2,2,2,4,3,4,Limited water and hand-hygiene supplies,"PPE, hand-hygiene supplies and running water",Conduct routine IPC audits and communicate findings to staff.,The facility needs stronger supervision and refresher training.
R0032,yes,35_44,female,nurse_midwife,bachelor,lt1,6_10,laboratory,primary,semiurban,yes,unknown,yes,false,true,true,false,false,true,true,true,dk,false,true,true,true,false,true,5,4,4,4,2,2,2,5,3,5,4,4,4,2,5,4,2,4,5,4,4,3,5,3,3,2,4,4,4,2,4,4,4,4,4,5,3,3,2,3,3,2,5,3,3,4,4,3,3,4,2,5,4,2,3,2,2,3,2,2,4,1,4,3,2,2,4,2,1,2,4,4,3,5,2,2,2,2,2,4,sometimes,often,rarely,always,sometimes,sometimes,sometimes,sometimes,always,always,always,always,available,available,not_available,partial,available,partial,partial,not_available,unknown,available,available,partial,available,not_available,partial,available,available,partial,unknown,not_available,no,no,no,no,yes,yes,dk,yes,yes,dk,dk,no,no,no,yes,2,1,4,2,4,1,4,3,2,2,4,2,3,3,4,High workload and inadequate staffing,"PPE, hand-hygiene supplies and running water",Conduct regular IPC and Lassa fever refresher training and outbreak drills.,Regular monitoring and adequate supplies would improve compliance.
R0033,yes,25_34,male,nurse_midwife,diploma,1_5,lt1,inpatient,primary,semiurban,no,unknown,no,false,true,true,false,dk,dk,false,true,false,true,false,false,true,false,true,4,5,2,2,3,5,4,4,5,5,3,4,4,3,3,5,4,4,5,2,1,3,2,3,2,2,2,3,1,4,4,1,3,2,2,4,3,3,1,3,1,3,2,3,1,2,3,3,1,2,1,4,3,5,3,4,3,4,3,2,3,3,3,3,3,4,2,2,1,3,1,3,2,2,1,3,2,2,3,3,sometimes,often,sometimes,sometimes,sometimes,often,sometimes,sometimes,rarely,sometimes,sometimes,sometimes,available,not_available,available,not_available,available,available,available,available,available,available,not_available,partial,not_available,available,available,not_available,available,available,available,available,yes,yes,no,no,yes,yes,yes,no,yes,dk,no,yes,no,dk,no,3,2,3,2,4,3,2,4,1,3,3,3,2,2,3,Limited water and hand-hygiene supplies,"Gloves, masks, disinfectants and waste bins",Maintain emergency PPE stocks and strengthen referral and notification procedures.,The facility needs stronger supervision and refresher training.
R0034,yes,35_44,male,chew,bachelor,1_5,11_15,community,secondary,urban,yes,6m,yes,false,true,true,false,false,true,true,true,false,true,true,dk,true,false,false,3,2,3,3,3,3,3,3,2,2,1,4,3,3,3,3,5,3,3,3,2,3,2,4,4,4,2,4,1,3,1,3,3,3,2,4,3,3,3,4,1,4,3,3,3,2,2,3,4,4,3,5,1,4,3,2,3,1,2,3,3,4,3,2,4,2,5,5,3,2,2,4,3,3,3,2,4,3,3,3,sometimes,sometimes,often,often,sometimes,often,often,sometimes,sometimes,rarely,rarely,sometimes,available,available,not_available,partial,available,available,available,available,available,available,available,available,not_available,not_available,not_available,available,available,available,available,available,dk,yes,no,yes,yes,yes,yes,no,yes,yes,no,dk,yes,yes,yes,3,2,2,3,3,2,3,1,4,3,3,2,3,2,1,Availability of IPC supplies and management support,"Training materials, PPE and cleaning supplies",Conduct regular IPC and Lassa fever refresher training and outbreak drills.,More practical outbreak drills and feedback would be useful.
R0035,yes,45_54,male,nurse_midwife,bachelor,6_10,1_5,laboratory,secondary,rural,no,unknown,no,false,true,dk,false,false,true,true,true,true,true,true,true,true,false,true,2,3,3,3,4,3,3,3,5,3,4,3,4,4,3,4,3,3,2,5,4,4,2,5,3,4,3,4,3,5,2,3,3,4,5,2,5,3,2,4,4,4,3,4,3,1,1,2,4,2,3,3,4,3,2,4,1,3,2,2,2,3,3,3,3,4,4,3,3,2,2,1,2,4,2,2,4,4,3,2,sometimes,sometimes,na,often,sometimes,sometimes,often,always,always,often,always,rarely,available,partial,available,available,available,partial,not_available,partial,available,unknown,partial,available,available,not_available,available,available,available,available,partial,not_available,yes,yes,yes,yes,yes,no,no,no,yes,dk,yes,no,dk,dk,no,1,2,3,2,4,3,2,4,1,2,3,3,2,3,3,Insufficient refresher training and supervision,"Training materials, PPE and cleaning supplies","Improve water, sanitation, waste management and PPE availability.",Staff understand IPC but workload can affect compliance.
R0036,yes,45_54,female,nurse_midwife,master,6_10,1_5,paediatric,primary,rural,yes,7_12m,no,false,true,true,false,false,false,true,false,dk,dk,true,dk,false,false,false,2,3,3,2,3,2,2,3,3,3,3,4,2,3,4,3,5,3,1,3,4,4,4,2,5,3,4,4,4,3,4,3,2,4,2,2,5,3,3,3,4,4,3,4,3,2,3,3,3,2,3,4,1,3,3,4,4,4,3,3,2,1,2,3,2,1,1,2,2,2,1,1,2,4,1,2,3,2,3,3,rarely,sometimes,sometimes,sometimes,always,sometimes,sometimes,sometimes,rarely,often,sometimes,na,available,available,available,available,unknown,not_available,available,available,available,available,available,partial,available,not_available,available,available,available,available,not_available,available,yes,yes,yes,no,yes,no,yes,yes,no,no,yes,yes,dk,no,yes,2,3,2,3,3,4,1,3,2,3,2,2,3,2,3,Limited water and hand-hygiene supplies,"PPE, alcohol-based hand rub and isolation space",Conduct regular IPC and Lassa fever refresher training and outbreak drills.,Staff understand IPC but workload can affect compliance.
R0037,yes,25_34,female,cho,master,11_15,11_15,inpatient,primary,urban,yes,1_2y,yes,true,true,true,false,true,false,false,true,true,true,true,true,false,false,false,5,5,2,2,3,2,1,4,3,3,3,2,3,2,3,3,2,5,2,3,3,4,3,3,2,3,3,3,3,4,2,3,2,4,4,4,2,2,3,3,3,3,4,4,2,4,3,1,3,2,3,2,4,2,4,4,2,3,3,1,3,1,3,3,1,2,3,3,2,2,2,3,2,4,2,2,2,3,2,2,rarely,sometimes,rarely,rarely,often,rarely,sometimes,rarely,sometimes,sometimes,sometimes,sometimes,available,available,available,available,available,available,available,partial,partial,partial,available,available,available,available,available,partial,not_available,available,available,available,yes,no,yes,no,yes,yes,yes,yes,no,yes,yes,dk,no,yes,no,2,4,4,4,3,3,3,4,3,3,3,3,3,3,1,Limited isolation and waste-management infrastructure,"Training materials, PPE and cleaning supplies",Conduct routine IPC audits and communicate findings to staff.,The facility needs stronger supervision and refresher training.
R0038,yes,55_plus,female,chew,bachelor,1_5,gt15,paediatric,primary,semiurban,yes,1_2y,yes,true,true,true,true,true,false,false,false,false,true,false,true,false,false,false,3,2,5,2,4,3,3,3,4,4,4,3,4,2,4,5,4,2,3,3,2,3,2,2,2,2,3,1,3,1,3,1,3,3,1,2,2,2,3,2,2,2,4,1,1,3,3,3,2,2,2,3,3,3,3,2,4,3,2,3,3,4,2,3,2,4,3,3,2,3,3,2,3,3,5,2,3,3,4,4,sometimes,often,always,often,always,often,sometimes,always,often,always,sometimes,rarely,available,partial,available,available,available,available,not_available,partial,available,available,available,available,not_available,partial,available,available,available,partial,available,not_available,no,yes,yes,yes,no,yes,no,no,dk,yes,yes,no,dk,yes,yes,3,3,3,3,2,2,2,1,1,2,2,2,3,2,2,High workload and inadequate staffing,"PPE, alcohol-based hand rub and isolation space",Conduct routine IPC audits and communicate findings to staff.,The facility needs stronger supervision and refresher training.
R0039,yes,35_44,female,lab,diploma,lt1,11_15,community,secondary,semiurban,yes,1_2y,yes,true,true,true,false,false,true,true,false,true,true,true,true,true,false,true,4,4,2,4,5,5,5,3,5,4,3,4,5,4,3,3,4,4,5,1,3,1,4,5,4,5,4,4,3,4,3,3,4,4,4,4,4,5,5,5,5,3,3,5,4,2,4,4,2,3,2,3,2,3,4,3,4,2,4,2,2,3,4,4,5,2,4,2,2,5,3,3,4,3,3,3,4,5,4,4,always,always,always,always,always,often,never,often,sometimes,often,sometimes,often,available,not_available,available,not_available,partial,available,available,available,available,unknown,available,available,available,available,available,not_available,available,not_available,not_available,available,yes,no,yes,dk,yes,no,no,no,yes,dk,no,yes,yes,no,yes,4,3,4,2,4,4,3,3,3,3,2,3,4,3,4,Insufficient refresher training and supervision,"PPE, alcohol-based hand rub and isolation space",Conduct regular IPC and Lassa fever refresher training and outbreak drills.,More practical outbreak drills and feedback would be useful.
R0040,yes,35_44,female,nurse_midwife,diploma,6_10,lt1,laboratory,primary,urban,yes,1_2y,yes,true,true,dk,false,false,true,true,true,true,true,true,false,true,dk,true,4,3,3,3,2,4,3,2,3,3,2,3,4,4,3,3,4,3,2,4,2,4,3,3,4,2,2,3,2,3,3,2,3,1,3,4,1,3,4,1,2,3,2,2,2,3,2,2,3,2,3,4,3,4,4,4,4,3,3,2,5,4,2,3,3,3,3,3,2,4,1,3,3,2,2,2,2,2,3,4,often,often,sometimes,always,often,always,often,always,often,often,often,often,available,available,available,partial,available,available,available,not_available,available,available,available,available,available,available,not_available,partial,available,available,available,partial,yes,yes,dk,yes,no,no,no,yes,no,dk,yes,yes,dk,no,yes,2,3,3,4,2,3,4,4,2,3,2,3,2,4,4,Inconsistent PPE availability,"PPE, hand-hygiene supplies and running water",Maintain emergency PPE stocks and strengthen referral and notification procedures.,More practical outbreak drills and feedback would be useful.
R0041,yes,45_54,female,cho,bachelor,1_5,1_5,community,primary,urban,yes,1_2y,yes,true,dk,true,false,false,false,true,false,false,true,true,dk,true,false,false,4,4,4,3,3,2,4,2,2,2,4,3,3,2,1,4,2,3,4,2,1,3,3,4,4,2,4,2,2,4,3,3,2,3,2,2,2,4,3,3,4,4,4,5,4,3,3,4,3,1,2,1,4,3,3,3,3,2,3,4,3,2,1,3,5,2,3,3,4,2,2,2,2,2,4,4,3,4,3,3,rarely,often,sometimes,na,rarely,sometimes,sometimes,sometimes,sometimes,often,always,often,partial,not_available,available,available,available,available,partial,not_available,partial,available,available,available,available,available,available,available,partial,available,partial,partial,no,no,no,no,no,yes,yes,yes,no,yes,yes,yes,no,yes,yes,3,2,2,4,2,3,3,3,3,2,1,2,2,1,2,Insufficient refresher training and supervision,"PPE, alcohol-based hand rub and isolation space",Conduct regular IPC and Lassa fever refresher training and outbreak drills.,The facility needs stronger supervision and refresher training.
R0042,yes,45_54,female,doctor,master,6_10,11_15,laboratory,secondary,urban,yes,7_12m,no,true,true,true,true,false,false,true,true,true,dk,false,false,true,false,true,5,4,4,3,3,4,2,2,3,3,5,4,4,4,4,2,3,4,4,4,4,3,2,4,3,3,2,4,3,4,2,2,2,3,2,2,3,2,2,4,2,4,3,3,2,3,3,2,2,1,3,2,3,4,3,3,2,3,2,3,4,3,2,2,2,2,2,3,2,2,1,3,3,2,3,2,1,2,2,2,rarely,sometimes,sometimes,often,sometimes,never,sometimes,sometimes,rarely,sometimes,often,often,not_available,available,available,not_available,partial,available,available,not_available,partial,available,available,available,available,partial,available,not_available,available,available,not_available,partial,yes,yes,dk,no,yes,dk,no,yes,yes,dk,yes,yes,dk,no,dk,4,2,2,2,3,2,3,2,5,2,3,3,4,3,2,Limited isolation and waste-management infrastructure,"Water, soap and sharps containers","Improve water, sanitation, waste management and PPE availability.",Staff understand IPC but workload can affect compliance.
R0043,yes,55_plus,female,chew,master,11_15,1_5,paediatric,primary,urban,yes,7_12m,no,true,true,true,dk,false,true,true,true,true,true,true,true,dk,false,true,4,4,4,4,4,3,5,3,2,4,4,4,2,4,3,4,1,3,5,3,3,3,3,2,3,3,2,1,4,2,3,3,2,3,1,4,3,2,1,3,3,2,3,3,4,3,2,2,2,2,4,3,4,2,4,4,3,3,4,4,2,3,4,3,3,5,3,3,4,3,3,4,4,4,2,3,2,3,4,4,sometimes,never,sometimes,always,often,rarely,always,sometimes,never,sometimes,rarely,often,available,available,available,available,available,available,available,available,available,partial,partial,available,available,available,partial,partial,available,partial,available,available,yes,yes,yes,yes,yes,dk,yes,yes,yes,yes,yes,no,no,yes,dk,3,2,2,2,2,2,3,2,1,1,4,2,1,1,3,Limited isolation and waste-management infrastructure,"PPE, hand-hygiene supplies and running water","Provide a functional isolation area, clear SOPs and regular supervision.",Staff understand IPC but workload can affect compliance.
R0044,yes,35_44,male,chew,master,6_10,6_10,community,secondary,rural,no,unknown,yes,true,true,dk,false,false,true,true,true,true,true,true,true,true,false,false,2,4,1,3,3,3,2,3,4,2,4,2,4,2,3,4,3,5,1,1,4,4,3,3,2,4,5,4,5,2,5,5,3,3,4,3,4,4,5,4,3,5,4,3,4,2,3,3,3,2,2,2,3,3,3,4,3,3,2,2,3,5,3,4,3,3,3,4,4,3,2,2,2,1,4,3,3,2,4,4,often,always,often,always,always,often,always,sometimes,often,always,always,sometimes,partial,unknown,available,not_available,available,partial,available,available,available,available,not_available,available,not_available,available,available,partial,available,partial,available,available,yes,yes,yes,yes,yes,no,yes,no,yes,no,yes,yes,yes,yes,no,3,4,4,3,4,3,3,4,4,3,2,4,4,2,3,Limited isolation and waste-management infrastructure,"Gloves, masks, disinfectants and waste bins",Maintain emergency PPE stocks and strengthen referral and notification procedures.,The facility needs stronger supervision and refresher training.
R0045,yes,45_54,female,pharmacy,master,gt15,11_15,maternity,secondary,urban,yes,1_2y,yes,true,true,true,false,false,true,true,false,false,true,false,true,true,false,true,1,3,2,2,2,3,3,2,1,3,2,4,3,2,4,2,3,2,3,4,3,4,4,4,3,3,5,3,3,5,3,5,5,5,3,5,4,4,4,3,5,4,4,5,5,3,3,2,3,3,4,2,3,2,3,3,3,3,3,3,2,3,4,2,4,3,4,4,3,1,4,1,3,3,3,3,3,2,3,2,sometimes,often,sometimes,often,sometimes,often,sometimes,sometimes,often,often,always,sometimes,partial,available,partial,available,available,available,not_available,not_available,available,available,available,available,not_available,available,not_available,available,available,available,available,available,no,no,yes,dk,yes,yes,yes,dk,yes,no,no,dk,dk,dk,yes,2,4,3,3,2,3,2,3,2,3,1,2,2,2,3,Insufficient refresher training and supervision,"Water, soap and sharps containers",Maintain emergency PPE stocks and strengthen referral and notification procedures.,The facility needs stronger supervision and refresher training.
R0046,yes,25_34,male,pharmacy,hnd,gt15,1_5,environmental,primary,rural,yes,6m,yes,true,true,false,false,dk,true,true,false,true,true,true,false,true,false,false,4,3,4,3,3,5,4,3,3,3,3,4,3,4,4,4,3,3,2,5,4,4,3,3,5,5,3,5,4,2,4,3,4,2,3,4,2,4,3,4,3,3,4,4,4,5,4,2,3,4,2,2,3,4,1,2,2,3,2,3,4,2,2,2,2,4,3,4,3,3,5,5,1,2,3,4,3,3,3,3,always,often,often,na,often,always,sometimes,often,often,sometimes,often,always,available,available,available,partial,not_available,available,available,not_available,available,not_available,available,partial,available,available,available,available,available,partial,available,partial,yes,yes,yes,no,yes,yes,dk,yes,yes,no,yes,yes,yes,yes,yes,3,3,2,3,2,2,3,2,2,3,3,3,2,2,3,Availability of IPC supplies and management support,"Water, soap and sharps containers","Improve water, sanitation, waste management and PPE availability.",Water supply and PPE availability should be maintained consistently.
R0047,yes,55_plus,male,lab,master,1_5,lt1,inpatient,secondary,rural,yes,1_2y,no,true,true,false,false,false,true,dk,true,true,true,true,true,dk,false,true,2,3,4,3,2,4,4,3,3,4,3,5,2,4,2,2,2,4,3,4,1,4,4,4,3,3,4,3,3,5,4,2,3,3,4,2,4,3,3,1,3,5,4,2,4,4,3,3,2,1,3,2,1,2,4,2,2,3,3,3,4,1,2,2,2,2,3,3,2,4,2,2,2,3,3,1,3,1,4,3,rarely,sometimes,often,sometimes,often,often,sometimes,often,never,sometimes,often,often,not_available,not_available,available,available,available,available,not_available,available,available,available,available,not_available,partial,available,available,available,partial,partial,available,available,yes,yes,no,yes,yes,yes,yes,yes,yes,yes,yes,no,yes,no,dk,3,1,2,3,3,2,4,3,3,2,3,2,3,2,3,Insufficient refresher training and supervision,"PPE, hand-hygiene supplies and running water",Maintain emergency PPE stocks and strengthen referral and notification procedures.,More practical outbreak drills and feedback would be useful.
R0048,yes,25_34,female,cho,certificate,lt1,lt1,paediatric,secondary,semiurban,yes,gt2y,no,true,dk,dk,true,true,true,false,dk,false,false,false,true,false,false,true,3,3,2,3,3,3,3,2,3,1,2,2,2,2,2,4,4,4,3,5,3,4,2,4,5,3,5,3,3,2,4,5,4,5,4,3,4,4,3,4,4,4,3,4,5,4,4,4,2,5,4,4,2,3,3,2,3,3,3,3,3,1,2,3,4,3,4,1,1,3,2,3,3,2,1,2,2,3,1,2,sometimes,often,often,often,sometimes,sometimes,sometimes,sometimes,often,often,often,sometimes,partial,not_available,available,unknown,not_available,available,available,not_available,not_available,available,available,not_available,available,available,partial,unknown,available,partial,available,available,dk,yes,yes,yes,no,yes,dk,dk,no,no,dk,yes,no,yes,yes,2,3,3,4,2,3,2,2,4,3,3,3,4,4,2,Availability of IPC supplies and management support,"Training materials, PPE and cleaning supplies",Conduct regular IPC and Lassa fever refresher training and outbreak drills.,Water supply and PPE availability should be maintained consistently.
R0049,yes,25_34,male,chew,bachelor,lt1,lt1,environmental,primary,semiurban,yes,1_2y,no,false,true,true,false,dk,dk,true,true,true,false,true,true,true,false,true,4,2,4,4,2,3,4,4,4,2,4,3,4,4,3,3,4,4,4,3,3,3,3,2,4,4,3,2,2,2,3,2,3,3,4,3,5,4,4,4,1,4,2,3,3,5,3,3,4,3,2,2,4,3,2,2,4,2,4,3,4,4,3,4,4,3,3,3,4,5,3,4,3,4,3,2,2,2,4,4,often,often,always,always,often,sometimes,sometimes,often,sometimes,often,often,often,partial,partial,available,partial,available,available,available,not_available,available,partial,available,not_available,available,not_available,available,available,available,available,available,available,yes,yes,yes,yes,no,no,dk,no,yes,yes,yes,yes,yes,yes,dk,3,3,5,3,4,5,2,4,3,4,3,3,2,3,4,Limited water and hand-hygiene supplies,"PPE, alcohol-based hand rub and isolation space",Conduct routine IPC audits and communicate findings to staff.,More practical outbreak drills and feedback would be useful.
R0050,yes,25_34,female,nurse_midwife,master,11_15,gt15,opd,primary,semiurban,no,unknown,no,false,false,false,true,dk,false,false,false,true,dk,true,dk,true,false,true,3,2,3,3,4,4,3,3,3,4,3,3,3,3,3,4,4,3,2,4,4,4,4,3,4,2,4,3,3,3,3,5,3,4,4,5,4,3,2,5,4,4,4,3,4,2,2,3,3,5,4,3,5,4,3,2,3,2,5,3,3,2,2,4,3,2,3,3,3,4,3,3,3,5,3,3,3,4,3,4,sometimes,rarely,sometimes,sometimes,sometimes,sometimes,sometimes,sometimes,rarely,sometimes,sometimes,rarely,available,partial,available,available,available,available,available,partial,unknown,available,partial,available,available,not_available,unknown,not_available,available,not_available,available,available,yes,yes,yes,yes,no,no,yes,no,no,yes,yes,dk,no,yes,yes,3,5,4,3,4,3,4,3,4,2,2,2,3,3,2,Limited water and hand-hygiene supplies,"Gloves, masks, disinfectants and waste bins",Conduct regular IPC and Lassa fever refresher training and outbreak drills.,More practical outbreak drills and feedback would be useful.
R0051,yes,25_34,female,nurse_midwife,diploma,gt15,11_15,community,secondary,semiurban,no,unknown,no,false,false,false,false,false,true,true,false,false,false,false,true,true,false,true,4,3,3,3,4,3,3,5,3,5,5,4,3,4,3,3,3,5,3,3,3,3,2,3,4,2,2,2,4,2,3,1,2,3,3,3,3,1,1,3,3,2,1,3,2,4,1,3,4,3,2,3,3,4,4,3,3,4,5,3,4,3,3,5,4,3,2,4,3,4,3,2,4,3,2,3,3,3,4,3,often,often,often,often,often,always,often,rarely,na,always,sometimes,sometimes,partial,available,partial,not_available,partial,available,not_available,not_available,partial,partial,partial,available,available,available,available,not_available,available,available,not_available,partial,yes,yes,yes,no,yes,yes,no,yes,yes,yes,yes,yes,yes,yes,no,3,5,2,3,3,4,3,3,3,3,3,4,4,4,3,Limited water and hand-hygiene supplies,"Water, soap and sharps containers","Improve water, sanitation, waste management and PPE availability.",The facility needs stronger supervision and refresher training.
R0052,yes,18_24,male,nurse_midwife,bachelor,1_5,11_15,opd,primary,urban,no,unknown,no,true,true,true,false,false,true,true,true,false,true,true,true,true,false,true,3,4,4,5,4,4,5,2,3,3,2,5,3,3,4,4,3,5,2,3,3,4,2,3,3,3,2,2,2,3,3,3,3,4,3,1,3,3,3,3,4,3,3,2,3,4,3,4,2,2,2,4,5,1,2,3,2,4,2,2,4,3,2,3,2,4,4,3,2,5,2,3,4,3,3,3,3,3,1,2,always,sometimes,sometimes,always,always,often,often,often,often,often,often,sometimes,available,partial,available,available,partial,partial,available,available,available,available,partial,partial,not_available,not_available,available,available,partial,available,not_available,not_available,no,yes,no,no,yes,yes,yes,yes,no,dk,yes,no,dk,yes,no,3,5,3,3,3,4,1,4,3,3,4,4,5,4,4,High workload and inadequate staffing,"Training materials, PPE and cleaning supplies",Conduct routine IPC audits and communicate findings to staff.,More practical outbreak drills and feedback would be useful.
R0053,yes,35_44,male,chew,bachelor,lt1,1_5,environmental,primary,rural,yes,6m,yes,true,true,false,true,true,true,true,dk,false,true,dk,true,true,true,false,2,3,3,3,3,4,3,2,4,2,4,3,4,3,4,3,2,5,4,4,3,2,4,1,3,2,2,4,3,4,4,2,3,2,2,4,2,3,2,5,3,4,4,2,2,3,3,4,4,2,2,4,4,2,3,2,2,3,3,4,4,3,2,4,2,2,3,4,4,3,2,2,4,2,2,2,4,3,3,2,sometimes,often,often,often,often,sometimes,always,always,sometimes,often,always,often,available,available,available,not_available,partial,available,partial,not_available,available,partial,not_available,available,available,available,available,available,partial,not_available,available,available,no,dk,yes,no,yes,dk,no,yes,yes,dk,no,yes,yes,no,yes,4,5,4,3,4,3,3,3,3,3,4,3,4,1,3,Limited water and hand-hygiene supplies,"Gloves, masks, disinfectants and waste bins",Conduct regular IPC and Lassa fever refresher training and outbreak drills.,Water supply and PPE availability should be maintained consistently.
R0054,yes,45_54,female,doctor,bachelor,11_15,lt1,maternity,primary,urban,yes,7_12m,no,true,false,true,false,true,false,true,true,true,false,true,true,true,true,false,2,3,3,4,3,3,4,5,3,2,3,5,5,4,3,3,2,3,2,3,3,3,3,4,4,4,2,4,4,4,4,2,5,3,3,5,3,4,3,1,4,4,4,4,3,3,3,2,3,3,2,3,4,2,5,2,4,4,4,4,4,3,3,4,5,2,4,4,4,4,3,2,2,1,3,4,2,4,3,3,often,always,always,often,often,often,often,sometimes,always,always,always,sometimes,available,available,available,available,partial,available,available,available,available,partial,available,partial,available,available,partial,available,partial,available,partial,available,dk,yes,dk,no,yes,yes,no,yes,yes,yes,no,yes,dk,no,no,3,3,3,3,4,2,5,4,3,5,5,3,3,4,3,Availability of IPC supplies and management support,"Gloves, masks, disinfectants and waste bins",Maintain emergency PPE stocks and strengthen referral and notification procedures.,The facility needs stronger supervision and refresher training.
R0055,yes,25_34,female,nurse_midwife,hnd,1_5,lt1,emergency,primary,urban,yes,7_12m,yes,true,true,true,dk,false,true,false,true,false,false,true,dk,false,false,true,3,5,3,4,4,3,5,3,1,4,4,5,4,5,4,5,4,5,5,4,5,5,4,3,2,3,5,4,5,2,3,5,4,3,3,4,4,4,2,3,1,4,4,3,4,3,5,3,2,2,3,3,3,3,3,2,3,3,4,3,5,2,3,4,5,5,2,3,4,4,4,4,4,5,4,4,4,5,5,3,rarely,always,na,rarely,sometimes,sometimes,often,always,sometimes,often,often,often,available,available,partial,partial,not_available,not_available,partial,not_available,available,partial,not_available,available,unknown,available,available,available,available,not_available,available,available,yes,no,no,no,yes,no,no,dk,yes,yes,yes,yes,no,dk,yes,5,4,3,4,4,2,3,4,3,4,5,4,4,5,5,Limited isolation and waste-management infrastructure,"PPE, alcohol-based hand rub and isolation space",Maintain emergency PPE stocks and strengthen referral and notification procedures.,More practical outbreak drills and feedback would be useful.
R0056,yes,35_44,male,chew,bachelor,gt15,1_5,maternity,primary,rural,yes,1_2y,no,true,true,true,false,false,true,true,true,true,false,dk,false,true,false,true,2,4,2,5,3,3,4,2,2,4,2,2,3,2,5,3,2,5,4,5,3,4,2,3,5,3,3,2,5,3,3,3,4,3,5,4,4,3,3,3,4,4,3,3,2,2,3,3,3,2,1,4,4,3,3,3,5,3,3,2,2,2,3,2,2,2,2,1,3,4,2,2,3,3,2,2,3,4,3,3,often,sometimes,sometimes,sometimes,rarely,often,rarely,sometimes,sometimes,sometimes,often,rarely,partial,available,partial,not_available,available,available,available,not_available,available,available,available,partial,available,available,available,not_available,available,available,not_available,available,yes,yes,yes,yes,dk,yes,no,yes,yes,dk,dk,yes,yes,no,yes,2,3,3,3,2,3,3,2,3,3,3,2,3,5,3,Limited water and hand-hygiene supplies,"PPE, hand-hygiene supplies and running water",Maintain emergency PPE stocks and strengthen referral and notification procedures.,Regular monitoring and adequate supplies would improve compliance.
R0057,yes,45_54,female,nurse_midwife,bachelor,1_5,1_5,opd,primary,semiurban,yes,1_2y,yes,true,true,true,true,false,true,true,true,true,true,true,false,true,dk,false,3,3,3,3,2,4,4,3,4,2,3,4,4,5,2,3,3,5,3,3,3,3,2,2,4,4,3,4,3,2,4,3,3,2,2,4,1,4,2,3,2,4,3,4,4,3,4,4,3,3,3,3,5,3,3,2,3,2,2,3,4,1,2,2,4,1,1,3,4,4,3,3,3,2,2,2,2,3,2,2,always,often,sometimes,sometimes,often,rarely,sometimes,sometimes,often,na,often,often,available,available,partial,not_available,partial,partial,partial,partial,available,available,not_available,partial,available,available,available,partial,partial,available,partial,partial,yes,no,no,dk,no,no,yes,no,no,no,no,yes,no,no,no,3,4,2,3,1,1,1,3,1,4,4,2,3,3,3,Availability of IPC supplies and management support,"Gloves, masks, disinfectants and waste bins","Improve water, sanitation, waste management and PPE availability.",Water supply and PPE availability should be maintained consistently.
R0058,yes,25_34,male,nurse_midwife,bachelor,6_10,lt1,inpatient,primary,semiurban,yes,gt2y,no,false,dk,true,false,false,true,true,false,true,false,true,true,true,true,true,4,4,4,4,4,2,4,4,4,5,4,3,4,3,4,3,2,4,3,5,3,1,2,5,4,5,4,4,2,5,4,2,4,4,5,3,4,5,3,3,3,4,3,4,4,3,1,2,2,1,4,2,5,4,2,3,3,3,1,3,5,3,4,3,3,5,4,3,5,5,4,4,3,5,4,5,5,5,4,5,sometimes,always,always,rarely,always,sometimes,sometimes,sometimes,sometimes,always,rarely,often,available,available,partial,partial,available,available,available,not_available,partial,available,unknown,partial,available,unknown,not_available,partial,available,available,not_available,not_available,no,yes,no,yes,no,yes,yes,no,dk,dk,yes,yes,yes,yes,yes,4,3,3,1,2,4,2,2,4,5,1,2,3,3,3,Limited water and hand-hygiene supplies,"Gloves, masks, disinfectants and waste bins","Provide a functional isolation area, clear SOPs and regular supervision.",The facility needs stronger supervision and refresher training.
R0059,yes,35_44,male,cho,bachelor,gt15,6_10,opd,primary,semiurban,no,unknown,no,false,false,true,false,true,true,true,false,true,true,false,false,true,false,true,5,3,2,4,4,2,5,4,5,3,4,4,4,5,4,4,5,4,3,4,4,5,4,4,4,5,5,3,4,4,2,4,3,3,3,2,4,5,3,3,4,5,4,5,5,3,4,4,3,4,3,3,3,2,3,2,3,2,4,3,4,2,2,4,2,4,3,3,3,2,1,3,3,2,3,2,3,3,1,2,rarely,often,sometimes,na,sometimes,sometimes,sometimes,rarely,often,sometimes,often,rarely,available,available,partial,available,available,available,not_available,available,partial,not_available,not_available,partial,available,available,partial,partial,available,not_available,available,not_available,dk,yes,yes,yes,yes,yes,yes,yes,yes,yes,yes,yes,dk,dk,yes,4,2,3,4,3,2,2,1,3,3,2,2,3,1,2,Limited isolation and waste-management infrastructure,"PPE, hand-hygiene supplies and running water",Maintain emergency PPE stocks and strengthen referral and notification procedures.,Regular monitoring and adequate supplies would improve compliance.
R0060,yes,25_34,female,cho,bachelor,6_10,6_10,opd,primary,rural,yes,1_2y,no,true,true,true,false,true,true,true,true,true,false,true,true,true,false,false,3,2,3,4,4,4,3,3,3,2,3,4,4,1,2,3,3,3,3,3,3,3,4,3,4,4,4,2,3,4,5,5,3,4,4,3,3,4,2,3,5,4,3,2,4,3,4,3,4,4,3,3,3,3,4,2,3,1,3,2,4,2,5,3,2,2,4,4,3,5,3,2,3,1,3,4,3,3,4,3,never,never,sometimes,rarely,often,never,never,rarely,rarely,rarely,never,rarely,available,available,unknown,available,available,available,available,available,available,available,partial,not_available,partial,not_available,partial,not_available,available,not_available,unknown,available,dk,yes,yes,yes,no,no,no,yes,yes,dk,yes,yes,no,dk,yes,2,4,4,3,2,2,4,2,3,3,4,3,2,3,2,Inconsistent PPE availability,"PPE, hand-hygiene supplies and running water","Provide a functional isolation area, clear SOPs and regular supervision.",Staff understand IPC but workload can affect compliance.
R0061,yes,18_24,female,chew,hnd,1_5,gt15,laboratory,primary,semiurban,yes,6m,no,true,true,false,true,true,true,dk,true,false,dk,dk,true,false,false,dk,2,4,4,3,4,2,4,3,3,2,4,2,3,1,2,4,2,4,4,3,5,2,3,4,4,4,3,4,5,4,4,4,4,2,4,1,3,4,1,5,4,4,2,4,4,2,2,2,3,2,2,2,1,4,3,4,4,4,2,2,3,2,3,3,2,2,2,4,2,2,1,3,1,4,4,3,3,2,2,2,sometimes,sometimes,sometimes,always,often,sometimes,often,often,often,often,often,often,available,available,available,available,available,available,available,not_available,available,available,available,available,available,not_available,partial,not_available,available,available,available,available,yes,yes,yes,yes,no,yes,no,dk,yes,yes,yes,yes,yes,yes,yes,1,3,2,4,3,3,3,1,2,4,4,1,2,2,3,Limited water and hand-hygiene supplies,"Water, soap and sharps containers","Provide a functional isolation area, clear SOPs and regular supervision.",Staff understand IPC but workload can affect compliance.
R0062,yes,18_24,female,attendant,hnd,lt1,1_5,emergency,secondary,rural,yes,6m,no,true,true,false,dk,dk,true,false,true,true,true,true,true,true,false,true,5,4,5,2,4,3,3,4,3,4,4,3,2,4,2,2,3,3,4,1,4,3,2,2,4,5,4,4,3,3,1,3,2,3,3,3,2,4,2,2,2,3,4,3,2,2,4,4,2,2,2,4,3,3,3,3,3,3,4,1,4,2,1,4,2,2,1,1,2,2,2,2,3,2,2,1,3,2,3,4,rarely,sometimes,often,sometimes,sometimes,always,sometimes,sometimes,sometimes,often,rarely,rarely,available,available,available,partial,available,available,not_available,available,unknown,partial,not_available,available,not_available,partial,available,partial,available,available,not_available,available,dk,yes,no,no,no,yes,no,yes,no,yes,no,yes,dk,dk,no,3,4,4,2,3,1,3,4,3,3,2,4,4,2,3,Availability of IPC supplies and management support,"Water, soap and sharps containers","Improve water, sanitation, waste management and PPE availability.",More practical outbreak drills and feedback would be useful.
R0063,yes,25_34,female,chew,master,6_10,1_5,community,primary,rural,no,unknown,no,false,true,true,true,false,true,true,true,true,true,false,true,false,false,true,3,4,4,4,4,5,5,3,5,5,4,5,4,5,4,4,5,5,4,3,2,3,4,4,4,3,2,2,3,4,2,2,3,4,3,3,5,3,3,3,3,4,4,4,2,4,3,4,3,4,5,3,5,2,3,1,2,1,3,5,2,3,5,2,1,2,4,2,4,1,2,4,3,4,5,2,1,1,3,4,always,sometimes,sometimes,always,often,always,often,often,always,always,always,often,partial,available,available,available,available,available,available,partial,partial,partial,available,unknown,available,available,not_available,not_available,partial,not_available,available,partial,yes,no,yes,dk,yes,no,yes,no,no,yes,yes,yes,no,no,no,3,3,2,3,5,3,2,2,4,3,3,2,2,3,2,Availability of IPC supplies and management support,"PPE, hand-hygiene supplies and running water","Provide a functional isolation area, clear SOPs and regular supervision.",More practical outbreak drills and feedback would be useful.
R0064,yes,35_44,male,chew,hnd,lt1,1_5,inpatient,secondary,semiurban,yes,1_2y,yes,dk,false,true,true,true,false,dk,false,false,true,true,false,false,true,dk,3,3,1,3,2,2,2,3,3,4,2,3,4,1,3,3,2,2,2,4,3,3,4,3,4,2,4,3,3,3,3,1,3,4,3,2,4,3,3,4,2,4,4,1,3,5,3,4,4,4,3,5,4,3,2,3,2,3,4,3,5,4,3,2,4,3,3,5,3,3,3,4,3,3,5,4,3,3,3,3,rarely,sometimes,sometimes,often,rarely,rarely,rarely,na,often,often,sometimes,sometimes,available,available,available,available,available,not_available,available,partial,unknown,available,available,partial,available,not_available,partial,not_available,available,available,available,not_available,yes,yes,yes,yes,yes,yes,yes,dk,yes,yes,dk,no,no,dk,yes,3,3,3,4,2,4,4,2,3,4,3,3,4,2,1,Limited isolation and waste-management infrastructure,"Water, soap and sharps containers",Conduct regular IPC and Lassa fever refresher training and outbreak drills.,Staff understand IPC but workload can affect compliance.
R0065,yes,35_44,female,cho,certificate,11_15,6_10,opd,primary,urban,yes,6m,no,true,false,true,dk,false,false,true,dk,false,true,true,true,true,false,true,3,3,3,3,3,3,3,3,3,3,3,3,4,3,4,2,4,3,1,2,5,4,4,4,3,4,4,1,1,3,3,3,3,3,2,2,1,4,4,2,3,3,4,3,1,4,3,3,4,4,4,3,4,2,4,3,3,2,5,3,4,5,3,4,3,2,4,3,5,3,2,4,4,3,3,2,3,3,4,3,sometimes,never,often,sometimes,always,always,often,often,sometimes,often,sometimes,often,available,available,available,available,available,available,available,available,available,available,partial,available,partial,not_available,available,not_available,partial,not_available,partial,not_available,yes,yes,yes,yes,yes,dk,yes,yes,yes,dk,yes,dk,no,dk,no,3,5,5,4,4,1,3,4,2,4,3,4,3,3,5,Limited water and hand-hygiene supplies,"PPE, hand-hygiene supplies and running water","Improve water, sanitation, waste management and PPE availability.",More practical outbreak drills and feedback would be useful.
R0066,yes,35_44,male,nurse_midwife,hnd,6_10,6_10,maternity,primary,semiurban,yes,1_2y,no,true,true,false,false,false,true,true,dk,false,false,dk,true,true,false,dk,3,3,1,3,3,3,2,4,4,3,3,4,2,4,3,5,4,4,3,3,2,4,3,3,4,4,3,4,3,3,3,3,4,3,2,2,5,3,3,1,4,2,3,2,3,3,2,3,2,2,3,3,3,2,4,3,3,3,4,2,4,2,4,4,4,4,3,3,3,4,5,4,3,5,3,5,2,4,3,3,often,rarely,sometimes,rarely,rarely,rarely,sometimes,always,rarely,rarely,sometimes,na,available,available,not_available,not_available,available,available,not_available,available,partial,available,partial,not_available,partial,available,available,partial,available,available,available,not_available,yes,yes,yes,yes,yes,yes,no,yes,yes,dk,no,no,no,no,no,5,4,5,4,3,4,4,4,4,5,3,3,3,4,4,Limited isolation and waste-management infrastructure,"Water, soap and sharps containers",Maintain emergency PPE stocks and strengthen referral and notification procedures.,The facility needs stronger supervision and refresher training.
R0067,yes,25_34,female,nurse_midwife,hnd,1_5,1_5,inpatient,primary,rural,yes,gt2y,yes,true,dk,true,false,true,false,false,true,true,false,dk,true,true,false,false,4,5,2,2,5,3,4,3,3,1,2,3,2,3,2,3,4,3,3,5,5,3,2,4,2,2,4,3,3,4,3,3,3,4,2,4,3,3,4,4,1,3,3,5,1,3,3,2,3,2,1,3,2,4,3,2,2,4,3,4,3,2,1,3,4,1,2,2,3,3,3,3,4,4,3,2,2,2,3,3,rarely,sometimes,often,sometimes,often,rarely,often,often,often,often,often,sometimes,available,available,available,available,available,available,not_available,not_available,not_available,available,available,partial,partial,not_available,available,partial,available,available,available,available,yes,yes,yes,yes,yes,yes,yes,dk,dk,no,no,yes,no,yes,no,3,2,3,2,3,2,4,2,3,2,2,2,3,3,1,Availability of IPC supplies and management support,"Gloves, masks, disinfectants and waste bins","Improve water, sanitation, waste management and PPE availability.",More practical outbreak drills and feedback would be useful.
R0068,yes,35_44,female,nurse_midwife,hnd,1_5,1_5,opd,primary,urban,no,unknown,no,false,false,false,true,true,true,false,false,false,false,false,true,false,true,false,3,3,2,4,2,3,3,3,2,3,3,3,3,2,3,3,2,3,4,3,2,3,3,5,2,2,3,3,4,3,4,2,3,3,5,4,4,2,3,1,3,3,3,4,2,2,3,4,3,4,3,4,3,3,1,3,2,2,4,5,3,4,3,4,3,4,4,4,4,3,3,4,3,4,4,4,4,3,3,5,sometimes,often,always,always,always,always,always,often,often,often,often,always,not_available,available,available,available,available,available,available,available,available,available,available,available,partial,available,partial,available,available,available,not_available,not_available,yes,yes,yes,yes,yes,no,yes,no,yes,no,dk,yes,yes,yes,yes,3,2,3,2,2,3,2,3,3,4,2,3,3,3,3,Availability of IPC supplies and management support,"PPE, hand-hygiene supplies and running water","Improve water, sanitation, waste management and PPE availability.",More practical outbreak drills and feedback would be useful.
R0069,yes,25_34,female,cho,bachelor,11_15,lt1,inpatient,primary,rural,yes,1_2y,yes,true,true,dk,false,false,true,true,true,true,true,true,true,true,true,dk,4,5,4,4,4,5,5,5,3,4,3,3,4,4,5,4,5,4,3,4,3,3,2,3,3,4,3,4,3,2,5,4,3,3,2,3,4,5,2,3,4,3,3,2,4,4,5,5,2,4,3,3,3,3,3,3,3,3,3,4,5,4,4,5,2,3,3,3,4,3,4,2,4,2,4,5,5,3,3,3,rarely,often,sometimes,sometimes,sometimes,sometimes,rarely,sometimes,rarely,often,often,sometimes,partial,partial,available,not_available,not_available,available,partial,available,available,partial,not_available,available,available,not_available,not_available,available,available,available,available,not_available,no,yes,no,yes,yes,no,yes,yes,dk,no,yes,yes,no,yes,no,3,2,3,4,2,4,2,3,4,4,2,4,4,3,5,Insufficient refresher training and supervision,"Water, soap and sharps containers",Conduct routine IPC audits and communicate findings to staff.,The facility needs stronger supervision and refresher training.
R0070,yes,35_44,female,nurse_midwife,certificate,6_10,6_10,opd,primary,semiurban,no,unknown,yes,true,true,true,false,false,true,true,dk,true,true,true,true,true,false,true,3,1,4,4,5,4,5,4,2,1,2,3,4,2,4,3,3,4,5,3,5,2,4,3,4,3,5,3,4,2,3,3,2,4,4,2,3,3,2,3,3,3,3,2,5,3,3,4,4,4,2,3,3,4,5,1,2,4,4,4,2,4,1,3,3,2,4,4,1,4,3,4,3,3,4,3,4,4,4,4,often,sometimes,rarely,often,often,sometimes,sometimes,sometimes,always,sometimes,rarely,often,available,available,partial,partial,available,available,available,partial,not_available,partial,not_available,not_available,not_available,available,not_available,not_available,partial,partial,available,not_available,yes,yes,yes,yes,yes,yes,no,no,no,no,no,no,no,yes,dk,1,2,3,2,2,3,5,2,2,1,2,2,3,5,2,Availability of IPC supplies and management support,"PPE, hand-hygiene supplies and running water",Maintain emergency PPE stocks and strengthen referral and notification procedures.,More practical outbreak drills and feedback would be useful.
R0071,yes,45_54,male,lab,master,6_10,1_5,community,primary,rural,yes,1_2y,no,true,true,false,false,false,true,true,true,true,true,true,true,true,false,true,4,5,4,3,5,5,3,4,4,5,5,4,4,5,5,4,4,5,4,4,3,2,5,3,4,1,2,3,4,2,1,2,4,3,4,4,3,5,3,3,3,3,2,3,3,3,4,3,4,3,4,3,4,2,3,2,3,1,5,3,3,3,4,3,2,1,3,3,3,4,4,4,4,4,3,4,3,3,3,3,sometimes,sometimes,often,often,rarely,sometimes,often,rarely,rarely,often,sometimes,rarely,available,available,available,available,available,available,available,partial,available,available,not_available,available,partial,not_available,available,not_available,available,available,not_available,available,yes,yes,yes,dk,no,no,yes,yes,yes,no,no,dk,dk,yes,dk,4,4,5,5,5,4,3,3,5,3,3,4,4,2,3,Inconsistent PPE availability,"PPE, alcohol-based hand rub and isolation space",Conduct regular IPC and Lassa fever refresher training and outbreak drills.,Water supply and PPE availability should be maintained consistently.
R0072,yes,55_plus,male,chew,master,6_10,11_15,emergency,primary,urban,yes,6m,no,true,true,false,false,false,true,true,true,true,false,true,true,true,false,true,2,2,3,3,5,3,3,5,2,4,4,4,3,4,3,4,3,3,5,4,2,2,2,2,3,2,2,4,2,1,3,2,3,5,3,4,3,1,3,1,2,2,2,2,2,4,2,3,5,4,4,3,3,1,4,3,2,2,4,5,4,2,4,4,3,1,2,3,4,3,1,3,2,4,3,3,4,3,3,5,rarely,sometimes,never,sometimes,sometimes,sometimes,sometimes,sometimes,often,sometimes,sometimes,sometimes,available,available,available,not_available,available,available,partial,unknown,available,not_available,available,available,available,not_available,available,unknown,available,not_available,not_available,available,yes,no,yes,yes,yes,yes,no,no,yes,dk,yes,yes,no,yes,no,3,3,3,4,4,2,4,4,2,3,4,4,3,2,3,Availability of IPC supplies and management support,"Water, soap and sharps containers",Conduct regular IPC and Lassa fever refresher training and outbreak drills.,Regular monitoring and adequate supplies would improve compliance.
R0073,yes,25_34,male,doctor,bachelor,gt15,1_5,laboratory,primary,semiurban,yes,gt2y,yes,true,dk,true,dk,true,false,true,false,dk,false,dk,true,dk,true,false,5,4,5,4,3,4,3,3,2,3,3,4,4,3,4,4,4,4,5,4,3,3,4,4,4,3,3,4,2,5,3,4,3,5,3,3,4,4,4,4,2,5,3,2,4,3,2,3,4,3,4,3,4,2,2,2,2,5,2,3,5,3,3,3,4,1,3,2,2,1,1,3,2,3,4,2,1,1,3,3,sometimes,rarely,often,often,sometimes,often,always,often,sometimes,often,sometimes,often,unknown,available,available,not_available,available,available,available,available,available,not_available,partial,available,unknown,available,not_available,available,available,not_available,not_available,not_available,yes,yes,yes,no,yes,yes,yes,no,yes,yes,no,dk,dk,yes,yes,3,4,5,5,4,5,4,5,5,3,4,4,2,3,4,Limited water and hand-hygiene supplies,"Gloves, masks, disinfectants and waste bins","Provide a functional isolation area, clear SOPs and regular supervision.",The facility needs stronger supervision and refresher training.
R0074,yes,25_34,female,cho,bachelor,11_15,1_5,opd,primary,semiurban,yes,7_12m,no,false,true,true,dk,true,true,false,true,false,dk,true,true,dk,true,true,3,4,4,5,3,3,4,5,3,4,4,4,3,3,3,3,3,4,5,4,4,4,3,4,3,5,4,3,3,4,4,3,4,5,5,4,4,5,5,2,5,5,5,3,5,2,3,4,4,3,4,2,3,2,3,2,3,3,4,4,2,2,1,4,3,2,2,3,2,2,2,2,3,3,3,2,4,2,1,3,often,often,often,often,often,always,often,na,sometimes,often,always,sometimes,available,available,available,available,available,available,partial,not_available,partial,partial,available,unknown,available,available,available,partial,available,available,available,available,dk,no,yes,yes,no,yes,yes,yes,yes,dk,no,yes,dk,yes,no,1,3,2,3,2,2,4,3,2,2,3,1,4,2,4,Inconsistent PPE availability,"PPE, alcohol-based hand rub and isolation space",Maintain emergency PPE stocks and strengthen referral and notification procedures.,Staff understand IPC but workload can affect compliance.
R0075,yes,18_24,female,nurse_midwife,hnd,11_15,6_10,community,secondary,urban,yes,6m,no,true,false,true,false,false,false,false,true,true,true,true,true,true,true,true,2,3,3,4,3,2,3,3,3,4,2,3,3,3,3,3,2,2,2,2,3,4,3,3,5,3,4,4,4,3,4,3,4,4,3,4,3,2,3,3,4,3,4,3,4,2,3,4,2,2,3,2,3,3,3,3,4,4,3,4,3,3,2,3,2,2,3,3,3,3,2,2,2,3,3,5,3,2,1,3,often,rarely,sometimes,rarely,rarely,sometimes,rarely,rarely,rarely,often,never,rarely,partial,available,available,available,available,available,available,available,available,available,available,available,not_available,not_available,available,available,available,available,available,not_available,no,yes,yes,yes,yes,yes,yes,yes,yes,dk,dk,yes,dk,yes,yes,4,3,3,3,4,2,2,4,3,4,3,3,2,2,3,Limited isolation and waste-management infrastructure,"PPE, hand-hygiene supplies and running water","Provide a functional isolation area, clear SOPs and regular supervision.",Water supply and PPE availability should be maintained consistently.
R0076,yes,35_44,male,lab,bachelor,11_15,1_5,paediatric,primary,semiurban,yes,6m,no,true,true,dk,false,false,dk,false,true,true,true,true,true,true,false,true,5,4,3,4,4,4,3,4,4,4,4,5,4,4,4,4,3,5,4,3,3,4,2,4,4,5,1,4,4,4,4,4,5,5,3,3,5,4,4,5,5,5,3,4,3,5,3,5,4,3,4,4,2,2,3,3,3,2,3,5,5,4,3,4,4,4,5,4,5,4,3,5,3,4,4,4,3,4,2,5,often,sometimes,often,often,sometimes,rarely,always,often,sometimes,often,sometimes,sometimes,partial,available,not_available,not_available,available,partial,partial,not_available,available,not_available,available,available,available,available,not_available,available,not_available,partial,not_available,partial,yes,yes,yes,yes,no,yes,yes,yes,yes,no,dk,no,dk,yes,dk,2,5,3,4,4,4,3,4,4,3,3,4,4,2,4,Limited water and hand-hygiene supplies,"PPE, alcohol-based hand rub and isolation space","Improve water, sanitation, waste management and PPE availability.",The facility needs stronger supervision and refresher training.
R0077,yes,35_44,male,nurse_midwife,bachelor,6_10,1_5,maternity,primary,urban,yes,gt2y,yes,true,dk,true,true,false,true,false,false,dk,true,true,true,true,true,dk,4,3,3,4,3,1,2,4,2,3,1,3,5,3,3,2,2,5,3,4,4,3,3,4,4,2,3,3,2,3,3,4,3,3,3,5,4,4,3,2,4,2,3,3,4,3,4,4,5,4,4,4,3,4,1,4,2,3,4,3,2,3,3,2,3,3,4,5,3,3,3,2,3,3,3,4,3,3,5,3,often,rarely,sometimes,sometimes,often,sometimes,often,sometimes,often,sometimes,sometimes,often,not_available,available,available,available,available,available,available,partial,available,available,not_available,not_available,partial,partial,partial,not_available,available,available,partial,available,no,no,yes,yes,yes,yes,dk,yes,yes,no,no,yes,yes,yes,yes,2,2,3,3,2,2,3,4,3,2,3,2,4,3,4,Inconsistent PPE availability,"PPE, hand-hygiene supplies and running water",Maintain emergency PPE stocks and strengthen referral and notification procedures.,The facility needs stronger supervision and refresher training.
R0078,yes,55_plus,male,jchew,bachelor,1_5,1_5,maternity,primary,rural,no,unknown,yes,true,true,true,false,false,true,true,true,false,true,true,true,true,false,dk,4,2,2,2,4,3,4,3,3,3,3,2,3,1,3,2,3,3,3,2,3,3,4,4,4,5,3,2,4,4,1,3,4,4,4,3,5,2,3,2,3,4,4,3,3,2,3,3,2,4,4,3,4,3,3,3,3,2,3,4,2,2,3,2,2,3,2,3,3,3,1,1,3,3,3,3,3,1,1,3,sometimes,sometimes,often,sometimes,rarely,often,often,sometimes,often,rarely,na,often,available,available,available,available,available,partial,not_available,available,available,available,available,unknown,partial,available,not_available,available,partial,available,unknown,available,yes,yes,yes,no,yes,no,yes,yes,no,yes,yes,no,dk,no,yes,3,2,3,5,1,3,2,3,2,3,1,3,4,2,2,Insufficient refresher training and supervision,"PPE, alcohol-based hand rub and isolation space",Conduct regular IPC and Lassa fever refresher training and outbreak drills.,The facility needs stronger supervision and refresher training.
R0079,yes,45_54,female,nurse_midwife,doctorate,6_10,lt1,inpatient,primary,rural,yes,1_2y,no,true,false,true,false,true,true,true,true,true,true,true,true,true,false,true,5,2,4,3,4,4,4,5,4,5,5,4,5,4,3,4,4,5,5,4,5,3,4,3,2,4,3,4,4,3,3,5,4,4,3,2,3,5,3,4,4,4,4,4,4,4,2,1,5,5,1,2,5,2,2,2,2,2,4,3,3,3,3,4,3,1,3,2,3,2,3,4,3,3,4,3,3,4,3,3,often,sometimes,often,na,often,often,sometimes,often,often,sometimes,always,often,available,available,available,available,partial,available,available,available,available,partial,partial,partial,available,available,available,available,partial,not_available,available,not_available,yes,yes,yes,yes,yes,yes,yes,no,yes,dk,dk,yes,no,no,no,2,4,5,2,4,4,4,3,4,4,3,4,4,3,5,Limited water and hand-hygiene supplies,"PPE, hand-hygiene supplies and running water","Improve water, sanitation, waste management and PPE availability.",Regular monitoring and adequate supplies would improve compliance.
R0080,yes,45_54,male,pharmacy,bachelor,6_10,1_5,environmental,secondary,semiurban,yes,7_12m,no,true,false,false,dk,false,false,true,false,dk,false,true,false,dk,dk,false,3,3,4,5,2,3,5,5,4,2,4,5,5,4,4,4,3,5,3,4,2,2,2,3,1,3,1,2,1,4,1,2,2,2,2,2,2,2,1,1,1,1,2,1,1,1,1,2,2,2,2,2,1,4,5,5,5,3,2,1,4,2,4,4,4,4,4,4,2,2,2,3,4,2,3,4,3,3,4,2,rarely,often,rarely,often,sometimes,sometimes,sometimes,rarely,often,sometimes,sometimes,sometimes,available,partial,available,not_available,available,available,not_available,available,available,available,available,available,available,not_available,not_available,available,partial,available,available,partial,yes,yes,yes,yes,yes,no,yes,yes,no,yes,yes,yes,yes,dk,yes,3,4,2,4,4,2,4,2,3,3,4,4,3,4,4,Inconsistent PPE availability,"PPE, hand-hygiene supplies and running water","Improve water, sanitation, waste management and PPE availability.",Regular monitoring and adequate supplies would improve compliance.
R0081,yes,35_44,female,chew,bachelor,gt15,6_10,environmental,primary,semiurban,yes,gt2y,no,dk,true,true,dk,dk,true,dk,true,true,false,false,true,true,false,false,3,3,4,3,4,4,3,4,3,3,4,5,3,4,3,4,4,3,3,4,2,2,5,2,3,3,4,5,3,3,3,4,2,2,3,3,3,4,3,4,3,4,2,3,4,3,3,3,3,3,3,2,4,3,3,2,3,3,4,4,3,3,4,3,5,1,2,2,2,3,3,4,3,1,4,4,2,4,3,4,often,rarely,sometimes,sometimes,sometimes,sometimes,sometimes,often,sometimes,sometimes,sometimes,often,not_available,available,available,available,not_available,available,not_available,available,available,available,partial,available,available,available,available,not_available,available,available,not_available,available,no,yes,no,yes,yes,dk,yes,dk,yes,yes,yes,no,dk,yes,yes,3,3,4,4,3,3,3,3,4,4,3,3,3,2,4,Limited water and hand-hygiene supplies,"PPE, hand-hygiene supplies and running water",Conduct regular IPC and Lassa fever refresher training and outbreak drills.,The facility needs stronger supervision and refresher training.
R0082,yes,35_44,male,cho,bachelor,1_5,gt15,community,primary,urban,yes,6m,yes,true,false,true,false,true,true,true,false,true,true,true,dk,true,false,dk,5,2,3,4,2,4,2,4,3,2,2,4,3,3,2,4,2,4,1,3,4,3,3,5,3,5,4,3,1,4,4,3,3,5,3,5,4,3,5,3,4,5,2,4,3,3,5,4,4,5,2,3,5,2,3,2,1,1,4,3,4,4,4,4,4,4,5,3,3,4,4,5,4,4,4,3,4,3,3,4,often,rarely,na,often,often,often,na,often,often,often,always,always,available,available,available,available,partial,partial,available,partial,available,not_available,partial,partial,available,available,available,available,available,available,not_available,not_available,no,yes,no,yes,yes,no,yes,yes,no,yes,yes,dk,yes,yes,yes,3,1,4,2,3,4,4,2,4,3,2,4,3,4,3,Limited water and hand-hygiene supplies,"PPE, hand-hygiene supplies and running water",Conduct routine IPC audits and communicate findings to staff.,The facility needs stronger supervision and refresher training.
R0083,yes,18_24,male,jchew,hnd,1_5,1_5,emergency,secondary,rural,yes,1_2y,yes,true,true,true,false,false,true,true,true,true,true,true,false,true,false,false,3,2,3,2,3,3,1,2,4,4,2,3,4,4,3,5,3,2,4,3,1,4,3,3,3,4,4,4,3,3,1,4,3,3,4,3,2,3,3,4,3,4,1,2,4,4,3,1,4,4,2,3,3,3,4,2,2,3,2,2,2,2,2,3,3,4,1,2,2,3,3,2,3,1,5,5,4,1,2,2,sometimes,often,rarely,sometimes,sometimes,sometimes,sometimes,sometimes,often,often,sometimes,sometimes,available,available,available,not_available,partial,partial,available,not_available,available,available,available,available,available,not_available,not_available,partial,available,partial,available,not_available,dk,no,yes,yes,yes,no,yes,yes,yes,dk,no,no,no,yes,yes,1,2,2,2,4,2,2,2,1,2,3,2,3,2,2,High workload and inadequate staffing,"Water, soap and sharps containers",Maintain emergency PPE stocks and strengthen referral and notification procedures.,Staff understand IPC but workload can affect compliance.
R0084,yes,18_24,male,nurse_midwife,bachelor,1_5,lt1,environmental,secondary,urban,no,unknown,no,true,true,true,false,false,true,true,true,true,true,true,true,true,false,true,2,4,5,5,2,5,4,5,5,4,5,5,4,5,4,5,4,5,3,5,2,3,4,2,3,4,4,3,3,4,3,2,5,4,4,3,3,3,3,3,3,4,4,5,2,5,2,2,3,4,4,3,2,2,2,2,3,3,3,3,4,2,4,3,3,2,4,4,5,4,4,4,4,3,5,4,3,4,4,4,often,never,sometimes,sometimes,often,sometimes,rarely,sometimes,sometimes,always,often,sometimes,available,available,not_available,available,available,available,partial,not_available,available,available,partial,available,available,available,not_available,partial,available,available,not_available,available,no,yes,yes,yes,no,yes,no,yes,yes,yes,yes,yes,dk,dk,yes,3,3,3,3,4,5,3,2,3,3,5,4,3,1,3,Inconsistent PPE availability,"Training materials, PPE and cleaning supplies","Improve water, sanitation, waste management and PPE availability.",The facility needs stronger supervision and refresher training.
R0085,yes,25_34,male,nurse_midwife,master,6_10,6_10,opd,secondary,urban,yes,1_2y,yes,true,true,true,false,dk,true,false,dk,false,dk,true,true,false,dk,false,3,4,2,3,3,4,4,4,4,3,3,2,4,4,4,3,2,3,4,3,3,4,4,4,3,2,3,2,2,3,2,2,3,3,4,2,3,2,3,3,3,5,2,3,3,5,2,4,4,4,3,3,5,3,4,4,2,2,4,3,2,1,3,3,2,1,2,3,2,2,2,1,2,2,1,1,1,1,1,3,rarely,sometimes,rarely,rarely,rarely,never,sometimes,never,never,sometimes,sometimes,rarely,available,available,not_available,available,available,not_available,partial,available,available,available,available,available,available,not_available,available,available,available,available,not_available,partial,yes,yes,no,no,yes,yes,yes,no,no,no,no,dk,yes,dk,no,4,5,4,3,4,3,4,3,2,4,4,3,4,3,3,Limited water and hand-hygiene supplies,"PPE, alcohol-based hand rub and isolation space",Conduct regular IPC and Lassa fever refresher training and outbreak drills.,The facility needs stronger supervision and refresher training.
R0086,yes,25_34,female,chew,bachelor,gt15,6_10,inpatient,secondary,semiurban,yes,6m,yes,false,false,false,true,false,true,dk,false,false,true,false,true,false,true,false,4,3,3,3,3,2,4,2,1,3,3,2,3,3,3,2,3,3,2,3,2,2,3,2,3,2,3,3,3,3,4,3,3,2,3,4,4,3,3,3,2,2,2,1,3,2,3,4,4,3,4,3,2,3,2,3,3,3,2,4,3,4,4,4,4,2,4,5,3,4,4,4,4,4,4,3,2,2,3,3,rarely,often,sometimes,never,rarely,rarely,sometimes,sometimes,sometimes,never,rarely,rarely,not_available,partial,available,available,available,available,not_available,available,available,available,partial,partial,available,not_available,available,not_available,available,not_available,available,partial,dk,dk,yes,no,no,yes,dk,no,yes,yes,yes,yes,no,dk,yes,1,3,4,3,2,2,4,2,2,4,2,2,3,2,1,Availability of IPC supplies and management support,"Gloves, masks, disinfectants and waste bins","Provide a functional isolation area, clear SOPs and regular supervision.",Water supply and PPE availability should be maintained consistently.
R0087,yes,45_54,female,nurse_midwife,bachelor,6_10,6_10,community,primary,rural,yes,7_12m,no,true,true,true,true,dk,true,true,true,true,true,true,true,true,false,true,4,4,5,5,5,4,5,4,4,3,3,4,4,5,5,2,3,4,4,4,4,5,3,4,2,3,3,2,5,3,2,3,4,4,3,4,4,3,2,3,2,2,2,3,4,3,5,2,5,4,4,5,4,3,3,1,3,2,3,5,4,4,3,3,2,4,5,2,4,3,2,2,4,2,4,3,3,5,4,4,often,often,always,often,always,sometimes,often,sometimes,always,always,sometimes,often,available,not_available,available,partial,available,partial,not_available,available,not_available,available,not_available,partial,available,partial,unknown,available,available,available,partial,available,yes,yes,dk,yes,yes,no,yes,no,yes,yes,yes,dk,dk,yes,dk,2,5,5,4,3,4,5,2,5,4,4,4,3,4,3,Availability of IPC supplies and management support,"Gloves, masks, disinfectants and waste bins",Maintain emergency PPE stocks and strengthen referral and notification procedures.,Staff understand IPC but workload can affect compliance.
R0088,yes,45_54,male,chew,bachelor,gt15,lt1,theatre,primary,rural,no,unknown,no,dk,dk,true,false,true,true,true,true,false,dk,false,true,true,false,true,4,3,3,4,4,4,3,3,4,2,3,4,4,3,3,3,3,4,4,4,5,3,3,2,5,5,5,3,3,2,3,3,3,5,3,5,3,4,2,2,3,3,3,3,3,4,3,3,1,3,5,2,3,3,3,3,5,4,3,2,1,3,1,3,3,3,4,2,1,4,2,2,4,2,3,2,1,2,2,2,always,often,always,rarely,sometimes,often,often,often,always,na,often,sometimes,available,available,partial,unknown,available,not_available,partial,available,available,available,available,available,partial,unknown,available,available,unknown,not_available,available,available,yes,yes,yes,yes,no,yes,yes,yes,no,no,yes,yes,yes,yes,yes,3,3,3,2,4,3,2,2,2,2,3,1,3,3,5,Inconsistent PPE availability,"PPE, hand-hygiene supplies and running water","Provide a functional isolation area, clear SOPs and regular supervision.",Water supply and PPE availability should be maintained consistently.
R0089,yes,25_34,female,nurse_midwife,hnd,gt15,11_15,laboratory,secondary,semiurban,yes,6m,no,true,true,true,false,false,dk,true,true,dk,true,false,false,true,false,true,5,3,3,2,3,3,3,3,5,3,2,3,4,3,3,3,3,2,2,3,3,1,4,2,3,2,4,1,3,3,3,2,2,3,2,4,1,3,2,2,3,5,2,3,3,2,1,3,3,3,2,5,3,3,4,4,3,3,4,2,4,3,3,2,3,3,1,1,2,3,1,1,1,3,2,3,1,3,1,1,rarely,sometimes,rarely,rarely,never,rarely,rarely,rarely,rarely,sometimes,sometimes,sometimes,available,available,unknown,available,available,available,not_available,not_available,available,available,available,available,not_available,partial,unknown,available,partial,available,available,available,yes,yes,no,yes,yes,yes,dk,dk,no,dk,dk,no,yes,no,no,3,3,3,3,5,3,2,2,3,4,3,3,1,2,3,Limited isolation and waste-management infrastructure,"Water, soap and sharps containers","Provide a functional isolation area, clear SOPs and regular supervision.",Water supply and PPE availability should be maintained consistently.
R0090,yes,45_54,male,doctor,bachelor,11_15,lt1,community,secondary,semiurban,no,unknown,no,true,false,true,true,dk,false,true,false,true,true,true,false,false,false,true,3,3,2,3,3,3,2,2,3,2,4,1,3,3,2,2,3,3,2,2,2,3,3,4,1,2,2,5,2,3,3,3,4,3,2,4,4,3,3,3,2,3,3,2,2,1,3,3,2,2,2,2,2,3,2,2,2,3,5,4,1,1,2,2,3,3,3,2,2,3,2,3,3,3,1,4,2,4,4,2,sometimes,often,often,sometimes,rarely,always,sometimes,sometimes,sometimes,sometimes,sometimes,sometimes,partial,partial,partial,not_available,available,available,available,available,available,available,available,partial,available,not_available,available,not_available,available,unknown,available,not_available,yes,dk,yes,yes,yes,dk,yes,no,yes,yes,no,yes,yes,no,yes,3,4,3,5,2,2,5,4,3,4,5,4,3,4,3,Inconsistent PPE availability,"Gloves, masks, disinfectants and waste bins",Conduct routine IPC audits and communicate findings to staff.,More practical outbreak drills and feedback would be useful.
R0091,yes,45_54,female,lab,hnd,1_5,6_10,theatre,primary,urban,yes,7_12m,yes,dk,dk,false,false,false,true,true,true,dk,true,true,true,false,true,false,5,4,4,5,2,4,3,2,4,1,2,2,3,2,4,5,5,3,3,2,3,3,4,3,3,5,3,3,4,5,3,3,5,2,3,3,4,3,3,4,3,5,2,4,3,3,5,2,1,5,3,4,3,3,1,3,4,3,4,4,4,3,5,3,3,4,5,2,4,4,3,4,3,3,3,4,3,5,4,5,always,rarely,rarely,sometimes,always,sometimes,na,always,often,always,sometimes,often,available,available,available,available,partial,available,not_available,not_available,available,available,available,available,partial,available,available,not_available,unknown,not_available,not_available,available,yes,yes,yes,no,yes,yes,yes,dk,yes,yes,yes,yes,dk,yes,yes,4,4,4,4,2,3,4,5,3,1,3,5,2,5,3,Availability of IPC supplies and management support,"Training materials, PPE and cleaning supplies","Improve water, sanitation, waste management and PPE availability.",The facility needs stronger supervision and refresher training.
R0092,yes,25_34,male,environmental_health,certificate,11_15,11_15,environmental,secondary,rural,no,unknown,yes,true,true,false,false,false,true,false,true,true,true,true,true,true,false,true,3,2,3,5,4,2,3,5,4,3,5,4,4,2,3,4,5,3,4,4,3,4,4,4,3,2,2,4,4,4,4,3,2,4,3,4,3,3,2,2,2,5,1,1,4,3,3,3,3,4,2,4,3,1,3,2,4,3,4,5,2,1,2,5,2,3,3,5,3,5,4,2,3,3,2,2,3,4,3,3,sometimes,often,sometimes,often,na,often,often,sometimes,never,sometimes,always,sometimes,available,available,available,available,available,unknown,available,partial,available,unknown,partial,available,available,partial,partial,available,unknown,not_available,not_available,available,no,yes,yes,yes,yes,yes,no,yes,no,yes,yes,yes,yes,dk,yes,4,2,3,1,2,4,3,3,2,4,3,3,2,3,3,Availability of IPC supplies and management support,"Gloves, masks, disinfectants and waste bins","Provide a functional isolation area, clear SOPs and regular supervision.",The facility needs stronger supervision and refresher training.
R0093,yes,35_44,female,nurse_midwife,bachelor,1_5,lt1,opd,secondary,rural,yes,7_12m,yes,true,true,true,false,false,true,true,true,true,true,false,true,true,true,true,3,2,4,4,4,3,3,3,4,2,4,2,4,4,3,3,2,3,5,2,3,2,3,2,2,3,4,3,1,2,3,2,4,3,4,1,4,2,2,4,5,2,3,4,3,4,2,2,2,3,2,2,2,3,3,5,4,3,4,2,4,3,5,4,3,4,2,3,4,3,3,3,3,3,5,3,4,3,3,5,often,always,always,sometimes,often,often,sometimes,often,often,often,always,often,available,available,available,available,not_available,available,not_available,partial,available,available,available,not_available,unknown,available,not_available,not_available,available,partial,available,available,yes,yes,yes,no,yes,no,yes,yes,dk,yes,yes,yes,dk,no,yes,3,2,4,5,3,2,4,3,4,4,2,4,3,3,4,Inconsistent PPE availability,"Training materials, PPE and cleaning supplies",Conduct routine IPC audits and communicate findings to staff.,Staff understand IPC but workload can affect compliance.
R0094,yes,45_54,female,chew,bachelor,6_10,1_5,environmental,primary,semiurban,no,unknown,yes,true,true,true,false,false,true,true,true,true,true,false,true,true,false,true,5,3,3,4,4,4,2,5,2,3,2,3,5,3,3,3,3,3,1,2,2,5,4,4,3,3,4,4,3,5,4,3,4,3,3,3,3,5,1,4,4,1,5,4,3,3,3,4,3,2,3,3,4,3,2,3,3,4,2,4,3,3,3,4,5,3,2,3,2,5,4,3,4,2,3,2,3,3,2,4,rarely,often,often,sometimes,sometimes,sometimes,often,often,always,often,sometimes,often,available,partial,partial,not_available,available,available,available,available,available,available,not_available,unknown,available,available,not_available,not_available,available,partial,available,partial,dk,no,yes,yes,yes,no,yes,yes,yes,dk,dk,yes,no,yes,no,2,3,4,4,4,4,4,4,4,4,4,3,2,4,1,Inconsistent PPE availability,"Training materials, PPE and cleaning supplies",Maintain emergency PPE stocks and strengthen referral and notification procedures.,Staff understand IPC but workload can affect compliance.
R0095,yes,25_34,male,chew,bachelor,gt15,1_5,maternity,primary,rural,yes,1_2y,yes,true,true,true,false,false,true,false,true,true,true,false,true,dk,false,false,4,4,3,5,4,2,3,5,5,4,5,1,2,2,2,3,3,2,4,4,4,3,2,4,4,4,4,4,3,2,2,4,2,4,2,2,2,3,4,3,4,3,5,1,4,1,2,2,2,4,3,3,3,4,2,3,4,3,3,2,4,5,3,5,2,5,5,5,3,4,4,5,5,3,3,4,3,3,5,3,rarely,often,often,always,sometimes,sometimes,never,often,sometimes,na,often,sometimes,available,available,available,available,available,available,available,not_available,partial,available,available,not_available,not_available,available,not_available,available,available,partial,available,partial,no,yes,yes,no,yes,yes,no,no,yes,dk,yes,no,yes,no,yes,4,4,5,1,3,2,3,4,1,3,4,4,4,5,3,Insufficient refresher training and supervision,"PPE, hand-hygiene supplies and running water","Provide a functional isolation area, clear SOPs and regular supervision.",Regular monitoring and adequate supplies would improve compliance.
R0096,yes,35_44,male,jchew,diploma,6_10,gt15,paediatric,primary,rural,no,unknown,no,true,true,true,true,dk,true,true,true,dk,dk,true,true,true,true,true,4,4,2,4,4,3,4,3,2,3,3,3,3,4,1,3,3,3,4,4,1,2,4,3,1,2,1,3,3,2,3,1,3,4,3,1,2,3,3,4,3,2,1,2,3,3,2,2,3,3,2,3,4,2,3,3,2,3,3,3,4,3,3,2,3,3,3,2,4,3,2,2,3,4,4,4,2,4,4,3,rarely,sometimes,often,often,sometimes,rarely,often,sometimes,sometimes,sometimes,often,often,partial,available,not_available,available,not_available,available,not_available,partial,not_available,partial,available,partial,partial,not_available,partial,partial,not_available,available,not_available,partial,yes,dk,yes,yes,no,yes,dk,no,yes,dk,no,yes,yes,yes,yes,2,3,2,3,3,4,5,2,1,2,3,2,4,3,2,Limited isolation and waste-management infrastructure,"Water, soap and sharps containers",Conduct regular IPC and Lassa fever refresher training and outbreak drills.,Regular monitoring and adequate supplies would improve compliance.
R0097,yes,45_54,female,nurse_midwife,master,1_5,1_5,laboratory,primary,semiurban,yes,1_2y,no,true,true,true,false,true,true,true,true,true,dk,true,true,false,false,true,4,3,3,4,3,3,1,4,3,3,3,4,4,2,4,3,4,4,2,4,3,3,3,4,4,4,4,5,2,2,2,3,4,4,4,5,2,4,3,3,4,2,4,4,4,4,3,5,2,3,4,3,3,2,2,3,1,1,3,4,3,3,3,3,2,4,3,4,2,3,3,4,2,4,1,3,1,3,3,3,often,sometimes,rarely,often,always,always,rarely,sometimes,rarely,rarely,often,often,available,unknown,available,partial,available,available,available,partial,available,available,available,not_available,available,not_available,available,not_available,available,available,partial,not_available,yes,no,no,yes,yes,yes,yes,yes,no,yes,yes,yes,yes,yes,yes,1,3,4,3,4,4,4,5,5,4,5,4,4,4,4,High workload and inadequate staffing,"PPE, alcohol-based hand rub and isolation space",Maintain emergency PPE stocks and strengthen referral and notification procedures.,Regular monitoring and adequate supplies would improve compliance.
R0098,yes,25_34,female,chew,bachelor,1_5,1_5,pharmacy,primary,rural,yes,gt2y,yes,true,true,true,false,false,true,true,true,true,true,true,dk,true,dk,true,4,4,5,5,5,5,3,3,5,3,3,4,4,4,5,2,2,5,3,2,3,3,2,3,4,4,2,5,3,2,3,4,3,3,2,4,2,3,3,3,3,3,3,4,4,3,4,2,3,4,2,3,3,2,4,2,4,4,4,3,3,4,4,5,5,5,5,2,3,2,4,4,3,5,4,3,3,2,3,3,often,often,always,often,rarely,often,always,often,often,sometimes,sometimes,sometimes,partial,not_available,not_available,available,available,available,available,available,available,partial,available,available,not_available,partial,not_available,available,partial,not_available,available,not_available,yes,no,yes,yes,dk,no,yes,yes,yes,dk,yes,yes,dk,yes,dk,3,2,2,2,3,4,4,3,4,4,3,3,3,1,4,Limited water and hand-hygiene supplies,"PPE, hand-hygiene supplies and running water",Maintain emergency PPE stocks and strengthen referral and notification procedures.,More practical outbreak drills and feedback would be useful.
R0099,yes,35_44,female,cho,master,6_10,11_15,inpatient,primary,urban,yes,6m,yes,false,true,true,false,false,true,true,true,true,true,true,true,true,true,true,2,2,5,4,5,3,2,3,5,4,4,3,4,4,5,4,4,4,5,5,2,5,5,5,3,3,5,4,3,5,3,2,2,2,2,3,5,3,4,4,4,2,4,3,4,3,3,4,3,4,2,5,5,1,4,3,5,4,3,2,3,4,2,3,3,3,2,1,2,2,2,3,3,3,4,3,2,4,3,2,always,often,often,always,sometimes,sometimes,often,always,rarely,rarely,often,often,available,available,partial,available,available,available,partial,available,available,unknown,available,available,not_available,not_available,available,not_available,available,available,available,available,no,no,no,no,yes,yes,yes,yes,yes,no,yes,yes,no,no,yes,2,1,4,2,4,4,4,2,2,3,3,2,3,3,2,Limited isolation and waste-management infrastructure,"PPE, alcohol-based hand rub and isolation space",Maintain emergency PPE stocks and strengthen referral and notification procedures.,The facility needs stronger supervision and refresher training.
R0100,yes,18_24,male,lab,hnd,11_15,1_5,theatre,primary,urban,yes,6m,no,false,false,false,false,false,dk,true,true,false,true,true,false,false,false,dk,3,4,5,4,4,5,3,5,5,5,3,5,5,4,3,5,3,4,3,3,3,2,3,2,3,3,2,4,2,3,3,4,4,3,4,4,3,3,3,3,3,3,3,3,5,3,3,3,3,4,3,3,3,2,4,3,3,3,3,3,2,3,3,3,3,3,4,3,3,3,3,3,4,2,4,3,2,3,4,5,sometimes,often,rarely,sometimes,often,always,rarely,often,always,sometimes,often,always,available,available,not_available,available,available,available,available,available,partial,unknown,available,partial,not_available,partial,available,partial,available,available,not_available,not_available,no,dk,yes,yes,yes,no,no,yes,yes,no,yes,no,yes,no,yes,4,2,4,3,3,4,3,3,5,2,4,3,3,2,3,Limited water and hand-hygiene supplies,"PPE, hand-hygiene supplies and running water",Conduct routine IPC audits and communicate findings to staff.,Regular monitoring and adequate supplies would improve compliance.
R0101,yes,45_54,male,jchew,certificate,11_15,1_5,opd,primary,semiurban,no,unknown,no,true,true,true,false,false,true,true,true,true,true,true,false,true,false,true,4,5,3,2,4,2,3,3,4,2,3,5,5,4,3,4,2,4,4,3,3,4,4,1,3,3,3,3,2,1,4,3,3,3,2,4,3,3,2,2,3,4,3,3,5,3,2,3,3,4,4,2,4,2,4,4,3,4,3,3,4,5,3,2,4,5,4,4,4,4,3,5,2,4,4,3,3,3,5,4,sometimes,sometimes,rarely,always,rarely,sometimes,sometimes,rarely,na,sometimes,sometimes,sometimes,available,available,available,not_available,available,not_available,available,not_available,available,available,partial,available,not_available,not_available,available,available,partial,available,available,available,yes,yes,yes,yes,dk,yes,yes,no,yes,yes,yes,yes,dk,yes,yes,4,4,4,5,3,3,5,4,5,3,3,4,4,3,4,Insufficient refresher training and supervision,"Gloves, masks, disinfectants and waste bins",Maintain emergency PPE stocks and strengthen referral and notification procedures.,Water supply and PPE availability should be maintained consistently.
R0102,yes,25_34,male,chew,bachelor,lt1,1_5,maternity,secondary,semiurban,yes,7_12m,yes,false,true,dk,dk,true,true,true,false,true,true,true,true,true,true,false,3,2,3,3,5,4,2,2,5,3,4,4,4,1,2,2,3,3,3,1,3,3,2,3,2,4,3,3,4,1,4,4,4,3,1,4,3,3,4,1,5,5,4,4,2,2,5,3,5,5,5,3,5,3,2,1,1,1,3,4,4,1,2,3,2,5,2,4,3,2,2,3,2,3,2,4,3,3,4,4,sometimes,sometimes,sometimes,sometimes,often,often,often,sometimes,sometimes,sometimes,sometimes,sometimes,available,available,unknown,not_available,unknown,available,partial,available,available,available,available,available,partial,not_available,available,not_available,available,available,available,available,no,yes,yes,yes,yes,dk,no,yes,yes,yes,no,yes,dk,no,yes,3,3,4,4,2,5,4,4,3,3,5,2,4,2,5,Availability of IPC supplies and management support,"PPE, alcohol-based hand rub and isolation space",Maintain emergency PPE stocks and strengthen referral and notification procedures.,The facility needs stronger supervision and refresher training.
R0103,yes,45_54,female,nurse_midwife,bachelor,6_10,1_5,community,secondary,rural,yes,1_2y,yes,true,true,true,false,false,true,true,false,true,true,true,true,true,false,true,3,4,5,3,3,4,3,3,4,4,5,5,2,5,4,5,3,4,3,4,5,3,3,4,2,5,4,3,5,4,3,3,3,2,3,4,4,4,4,2,2,4,5,4,4,1,4,3,3,2,2,2,3,4,2,4,2,3,5,3,2,2,4,4,4,3,3,2,4,3,3,2,3,4,4,2,2,2,4,4,never,always,sometimes,sometimes,always,sometimes,rarely,often,sometimes,sometimes,often,sometimes,available,partial,partial,not_available,available,not_available,available,partial,not_available,available,not_available,available,available,not_available,available,available,available,available,available,available,no,yes,no,yes,yes,no,no,yes,yes,no,no,dk,dk,yes,no,3,3,3,1,2,2,2,3,1,2,2,2,3,3,3,High workload and inadequate staffing,"Training materials, PPE and cleaning supplies","Improve water, sanitation, waste management and PPE availability.",Water supply and PPE availability should be maintained consistently.
R0104,yes,25_34,female,jchew,bachelor,6_10,gt15,opd,primary,rural,no,unknown,yes,dk,true,true,false,dk,true,true,true,true,true,true,true,true,false,dk,4,5,4,4,4,5,2,3,3,3,5,5,3,4,3,3,3,3,4,4,4,3,4,4,3,3,3,4,5,3,3,3,4,5,1,3,5,4,2,4,4,4,2,3,2,4,3,4,2,4,2,4,2,3,4,2,2,3,3,5,2,3,2,1,2,2,2,4,4,3,2,3,2,3,3,3,2,3,5,4,sometimes,often,sometimes,often,sometimes,often,often,sometimes,rarely,sometimes,sometimes,sometimes,available,available,not_available,available,not_available,partial,available,not_available,partial,available,available,not_available,not_available,not_available,not_available,available,partial,available,partial,unknown,no,yes,no,yes,yes,yes,yes,yes,yes,yes,no,no,dk,no,yes,4,3,2,3,2,4,3,3,1,4,3,3,4,2,2,Inconsistent PPE availability,"PPE, alcohol-based hand rub and isolation space",Conduct routine IPC audits and communicate findings to staff.,Staff understand IPC but workload can affect compliance.
R0105,yes,25_34,female,chew,other,1_5,11_15,emergency,secondary,urban,yes,6m,yes,dk,true,true,false,false,true,true,true,true,true,true,true,false,false,true,4,4,1,3,3,3,4,3,2,3,3,3,3,3,2,2,2,1,2,3,4,3,1,2,2,1,1,3,1,2,2,4,2,3,4,2,2,1,3,3,2,3,2,4,3,3,3,3,4,3,3,3,3,3,3,5,4,3,3,3,1,2,4,3,2,4,2,2,2,2,4,5,3,4,1,4,3,2,3,2,sometimes,sometimes,sometimes,often,sometimes,sometimes,rarely,often,sometimes,sometimes,sometimes,sometimes,partial,available,available,available,available,available,available,available,partial,available,available,available,not_available,available,available,available,available,not_available,available,available,yes,yes,no,no,dk,yes,yes,no,yes,yes,yes,yes,dk,yes,dk,1,1,2,2,3,2,1,4,3,1,2,2,3,1,3,Limited water and hand-hygiene supplies,"Training materials, PPE and cleaning supplies","Provide a functional isolation area, clear SOPs and regular supervision.",Regular monitoring and adequate supplies would improve compliance.
R0106,yes,35_44,female,pharmacy,bachelor,11_15,gt15,opd,primary,semiurban,no,unknown,yes,true,true,false,false,false,true,true,true,true,true,true,true,true,false,true,3,3,3,5,4,3,2,4,4,3,4,3,2,5,5,5,2,5,5,5,4,4,4,4,4,3,2,3,2,5,3,4,2,4,5,4,4,4,3,3,3,4,3,3,3,5,4,2,2,3,2,2,4,3,3,3,4,3,2,5,2,3,4,4,3,3,4,2,4,4,4,3,2,2,4,1,4,2,3,3,often,rarely,rarely,sometimes,rarely,often,rarely,sometimes,sometimes,rarely,sometimes,sometimes,available,partial,not_available,available,available,not_available,not_available,available,available,available,available,available,available,unknown,available,not_available,available,not_available,available,not_available,yes,yes,yes,no,yes,yes,no,no,no,yes,yes,no,no,yes,yes,2,3,4,3,2,2,4,3,3,5,3,4,4,3,3,Inconsistent PPE availability,"PPE, hand-hygiene supplies and running water","Improve water, sanitation, waste management and PPE availability.",The facility needs stronger supervision and refresher training.
R0107,yes,25_34,male,cho,bachelor,gt15,6_10,opd,primary,rural,no,unknown,yes,true,true,true,false,false,true,true,true,true,true,true,true,true,false,true,4,4,4,2,3,3,4,3,4,4,5,1,5,4,3,2,2,2,4,3,2,2,3,3,2,3,2,2,4,1,3,2,2,4,2,4,3,3,3,2,3,4,2,4,4,3,2,3,4,3,2,2,2,4,3,3,2,2,5,4,3,3,2,1,2,3,2,2,1,2,3,1,2,2,1,2,2,3,2,2,rarely,rarely,sometimes,rarely,rarely,sometimes,sometimes,never,na,often,rarely,rarely,unknown,available,available,available,available,partial,available,available,not_available,available,available,unknown,available,not_available,not_available,available,available,not_available,not_available,unknown,yes,yes,no,yes,yes,no,no,no,no,no,yes,no,yes,yes,yes,4,2,1,3,1,2,3,1,5,2,2,1,1,1,3,Inconsistent PPE availability,"PPE, alcohol-based hand rub and isolation space",Maintain emergency PPE stocks and strengthen referral and notification procedures.,Regular monitoring and adequate supplies would improve compliance.
R0108,yes,25_34,female,cho,diploma,6_10,6_10,laboratory,primary,semiurban,yes,gt2y,yes,false,false,true,true,false,false,false,true,true,true,true,true,true,false,false,5,3,5,5,3,4,4,4,4,4,4,4,3,3,4,4,5,5,5,4,4,5,4,4,5,4,4,3,2,3,2,5,4,4,5,3,4,3,4,4,4,4,4,4,3,4,3,1,5,3,3,2,1,5,4,4,2,4,4,2,4,2,2,2,3,2,3,3,1,4,3,3,3,1,5,3,1,2,3,4,often,always,sometimes,sometimes,sometimes,rarely,always,rarely,often,often,sometimes,sometimes,available,available,available,not_available,available,partial,not_available,not_available,unknown,partial,available,available,not_available,available,not_available,not_available,available,partial,not_available,partial,no,yes,dk,yes,yes,dk,yes,yes,dk,yes,no,yes,yes,yes,no,2,3,3,2,3,5,3,3,2,2,1,2,4,2,4,Availability of IPC supplies and management support,"Water, soap and sharps containers",Conduct regular IPC and Lassa fever refresher training and outbreak drills.,More practical outbreak drills and feedback would be useful.
R0109,yes,18_24,male,environmental_health,bachelor,gt15,1_5,community,primary,semiurban,yes,1_2y,yes,false,true,true,false,false,false,true,false,true,dk,false,true,dk,false,true,5,3,5,3,5,5,4,4,2,5,4,3,4,5,3,4,5,4,3,5,4,2,2,3,3,4,5,3,4,1,4,3,2,5,4,4,4,3,4,2,2,5,2,3,2,5,2,2,4,4,1,5,3,4,2,1,3,3,4,5,3,2,2,2,3,2,2,2,3,2,4,3,3,3,4,3,2,3,1,3,sometimes,often,rarely,sometimes,often,often,sometimes,often,sometimes,rarely,sometimes,rarely,unknown,available,available,partial,available,available,available,available,available,partial,available,available,partial,not_available,not_available,available,partial,partial,available,partial,yes,yes,yes,no,yes,yes,yes,yes,yes,yes,yes,no,dk,dk,yes,4,4,4,5,3,2,3,5,3,3,2,1,5,3,4,Insufficient refresher training and supervision,"Water, soap and sharps containers","Provide a functional isolation area, clear SOPs and regular supervision.",Water supply and PPE availability should be maintained consistently.
R0110,yes,25_34,female,lab,hnd,lt1,1_5,opd,primary,semiurban,no,unknown,no,false,true,false,true,false,false,true,false,true,false,false,true,true,false,false,3,2,2,2,2,4,4,4,3,4,3,3,4,3,2,3,3,3,2,3,1,3,3,3,4,3,5,3,3,3,4,3,4,4,3,3,4,3,2,4,5,3,4,3,2,5,4,4,5,3,3,4,4,3,1,2,3,2,4,4,3,2,1,4,1,4,1,2,3,4,3,3,2,2,3,1,2,2,3,2,rarely,sometimes,rarely,never,rarely,rarely,rarely,rarely,often,sometimes,sometimes,rarely,available,partial,available,available,available,available,available,not_available,available,available,unknown,available,partial,available,available,available,partial,available,available,available,yes,no,yes,no,yes,yes,no,yes,yes,dk,no,yes,dk,no,dk,3,3,3,2,3,2,3,1,5,2,4,4,4,1,4,High workload and inadequate staffing,"Gloves, masks, disinfectants and waste bins","Provide a functional isolation area, clear SOPs and regular supervision.",The facility needs stronger supervision and refresher training.
R0111,yes,25_34,male,cho,hnd,11_15,lt1,community,secondary,urban,yes,1_2y,no,false,false,false,false,true,dk,dk,true,true,dk,true,false,dk,dk,true,3,5,5,5,3,1,5,3,3,5,2,3,4,5,5,3,4,5,5,4,5,3,4,5,4,5,3,4,5,3,3,5,4,5,5,2,4,4,2,5,4,4,4,3,4,2,3,3,3,2,4,2,3,4,4,4,3,3,2,4,4,4,2,3,5,3,5,3,3,3,2,1,3,2,4,3,4,3,3,3,sometimes,often,always,often,sometimes,sometimes,often,often,sometimes,often,sometimes,sometimes,available,available,partial,available,available,available,not_available,unknown,available,available,available,available,partial,available,partial,available,available,available,unknown,not_available,dk,yes,no,yes,no,dk,dk,dk,yes,dk,yes,yes,no,no,yes,3,2,2,4,3,2,3,2,1,4,3,2,4,2,2,Inconsistent PPE availability,"PPE, alcohol-based hand rub and isolation space",Maintain emergency PPE stocks and strengthen referral and notification procedures.,More practical outbreak drills and feedback would be useful.
R0112,yes,25_34,male,nurse_midwife,master,1_5,1_5,opd,primary,rural,yes,1_2y,yes,true,true,true,false,true,true,true,true,true,true,true,true,false,false,true,2,1,3,2,2,2,3,2,3,5,1,4,2,3,2,3,4,1,3,3,5,5,4,3,3,4,3,3,3,3,3,3,4,2,3,2,4,3,2,3,3,3,3,4,2,4,3,4,4,4,3,4,3,1,2,4,3,1,5,5,3,2,2,3,3,2,3,4,2,3,4,2,1,3,1,2,4,1,2,2,sometimes,always,often,often,often,sometimes,sometimes,often,often,often,often,always,partial,available,available,available,partial,available,available,available,available,available,not_available,available,unknown,not_available,not_available,available,available,available,available,available,yes,no,yes,yes,no,yes,yes,dk,yes,no,yes,yes,yes,no,yes,2,3,3,3,3,3,2,1,3,2,2,2,1,2,2,Limited isolation and waste-management infrastructure,"PPE, alcohol-based hand rub and isolation space",Maintain emergency PPE stocks and strengthen referral and notification procedures.,The facility needs stronger supervision and refresher training.
R0113,yes,25_34,female,nurse_midwife,bachelor,11_15,1_5,paediatric,primary,semiurban,yes,7_12m,no,true,dk,true,false,false,false,true,true,true,true,true,true,true,true,false,5,4,4,4,1,4,4,4,5,5,3,3,3,5,4,3,3,4,4,5,4,4,5,4,3,3,5,4,5,3,3,2,4,4,5,4,3,3,3,2,4,3,3,3,5,2,3,3,5,2,4,2,2,2,4,3,4,2,4,2,4,3,4,2,3,2,1,3,3,3,3,3,2,3,3,5,4,4,3,4,always,na,always,rarely,often,sometimes,often,often,often,rarely,sometimes,sometimes,available,available,available,partial,available,available,not_available,partial,available,available,not_available,partial,not_available,not_available,unknown,available,available,available,partial,not_available,yes,yes,yes,yes,dk,yes,yes,yes,no,no,yes,yes,no,no,yes,3,2,3,4,3,4,2,4,3,3,2,2,2,3,3,Inconsistent PPE availability,"Training materials, PPE and cleaning supplies","Provide a functional isolation area, clear SOPs and regular supervision.",The facility needs stronger supervision and refresher training.
R0114,yes,35_44,female,jchew,bachelor,1_5,6_10,community,secondary,urban,yes,1_2y,no,true,false,true,true,false,false,true,true,true,false,false,true,true,false,false,4,4,1,3,3,2,3,2,1,2,4,5,5,3,5,4,2,3,4,3,5,1,3,4,5,2,3,3,3,4,3,5,4,3,4,4,4,4,5,4,5,4,5,4,4,3,3,3,4,2,3,5,5,4,4,2,4,3,2,2,5,2,4,3,3,5,3,3,3,4,4,3,2,3,2,4,4,3,2,3,often,rarely,rarely,often,sometimes,rarely,sometimes,sometimes,often,rarely,sometimes,sometimes,available,available,partial,not_available,available,available,not_available,not_available,available,available,available,available,available,available,not_available,available,available,available,available,not_available,yes,no,no,yes,no,yes,yes,yes,no,dk,yes,no,no,yes,yes,2,3,2,3,1,4,4,4,1,4,2,4,2,4,3,Limited water and hand-hygiene supplies,"PPE, hand-hygiene supplies and running water",Maintain emergency PPE stocks and strengthen referral and notification procedures.,More practical outbreak drills and feedback would be useful.
R0115,yes,18_24,female,nurse_midwife,diploma,1_5,11_15,inpatient,primary,semiurban,no,unknown,yes,false,dk,false,false,true,true,dk,false,false,false,true,true,false,true,true,3,3,5,5,4,2,5,5,4,2,3,4,4,3,4,3,4,5,4,3,4,2,3,3,3,5,3,3,4,3,3,1,5,5,2,5,4,4,4,3,4,3,4,5,3,4,4,4,5,2,3,4,5,2,1,1,3,2,5,4,2,4,3,2,4,2,4,3,4,4,3,3,4,3,3,2,4,4,4,4,often,sometimes,sometimes,sometimes,rarely,rarely,never,rarely,sometimes,often,often,rarely,not_available,available,available,not_available,available,available,not_available,available,partial,available,unknown,available,available,not_available,partial,available,available,partial,not_available,partial,yes,yes,no,dk,yes,yes,dk,yes,yes,dk,yes,yes,no,yes,yes,5,4,5,3,5,3,2,5,4,5,3,5,5,5,4,Limited water and hand-hygiene supplies,"PPE, alcohol-based hand rub and isolation space",Maintain emergency PPE stocks and strengthen referral and notification procedures.,More practical outbreak drills and feedback would be useful.
R0116,yes,25_34,female,cho,bachelor,1_5,6_10,opd,primary,rural,yes,gt2y,yes,false,true,true,true,false,true,true,false,true,false,true,false,false,true,true,3,3,4,4,3,4,2,3,3,1,2,4,4,5,3,3,2,4,2,4,3,3,2,2,3,2,4,2,2,2,5,5,4,3,4,2,3,3,2,4,2,3,3,2,4,4,2,5,4,2,4,2,3,3,1,3,1,3,3,3,3,4,5,3,3,3,4,3,5,5,5,4,3,3,3,5,5,2,3,4,often,rarely,often,rarely,sometimes,sometimes,often,sometimes,sometimes,sometimes,often,often,available,available,not_available,available,not_available,available,partial,not_available,partial,available,available,available,available,partial,partial,not_available,available,available,partial,available,no,yes,yes,no,no,yes,no,yes,yes,no,yes,no,no,yes,yes,3,3,4,5,4,2,2,3,2,4,3,4,5,5,2,Limited isolation and waste-management infrastructure,"Gloves, masks, disinfectants and waste bins","Provide a functional isolation area, clear SOPs and regular supervision.",Staff understand IPC but workload can affect compliance.
R0117,yes,35_44,female,chew,bachelor,6_10,6_10,environmental,secondary,semiurban,yes,6m,no,false,true,dk,false,dk,true,true,true,true,false,true,true,false,false,true,3,3,3,3,5,4,3,5,2,5,5,5,3,4,4,4,2,3,5,5,3,4,5,4,4,4,3,4,4,3,4,5,3,5,2,5,4,4,4,3,2,3,3,3,3,3,4,4,3,2,4,3,3,1,1,1,1,3,4,2,2,3,3,2,3,4,3,4,4,3,3,1,3,1,4,2,2,3,4,3,often,always,sometimes,sometimes,often,often,sometimes,often,always,sometimes,sometimes,often,available,available,available,partial,available,available,available,unknown,available,partial,available,partial,available,available,partial,available,partial,available,partial,available,yes,yes,yes,yes,yes,yes,no,dk,dk,yes,yes,dk,dk,yes,yes,2,2,2,3,3,2,1,1,3,2,2,2,2,2,4,Inconsistent PPE availability,"Gloves, masks, disinfectants and waste bins","Provide a functional isolation area, clear SOPs and regular supervision.",Water supply and PPE availability should be maintained consistently.
R0118,yes,25_34,male,doctor,certificate,1_5,6_10,community,primary,rural,yes,6m,yes,true,true,true,false,false,true,true,true,true,true,true,true,true,false,true,5,3,3,2,4,4,2,3,4,3,3,4,3,3,2,3,3,3,3,2,4,5,1,3,4,5,3,2,4,3,3,4,4,2,2,4,3,3,4,4,4,5,3,4,3,4,4,3,4,2,4,3,3,2,2,3,3,2,5,5,3,3,3,4,3,3,2,4,3,4,3,4,2,4,3,2,3,2,3,3,sometimes,sometimes,often,often,often,often,often,often,sometimes,sometimes,often,often,available,available,not_available,available,available,available,available,available,not_available,available,available,not_available,available,available,partial,available,available,not_available,available,available,dk,yes,no,yes,yes,no,yes,yes,yes,yes,dk,no,no,no,no,5,4,3,4,1,2,4,2,3,2,2,4,3,3,4,High workload and inadequate staffing,"PPE, alcohol-based hand rub and isolation space","Provide a functional isolation area, clear SOPs and regular supervision.",Water supply and PPE availability should be maintained consistently.
R0119,yes,25_34,female,environmental_health,master,11_15,lt1,inpatient,primary,urban,no,unknown,no,true,true,true,dk,dk,false,true,true,true,true,true,true,true,dk,true,5,4,5,3,3,4,4,4,4,5,3,3,4,2,3,5,2,3,5,4,4,4,5,3,4,4,5,3,4,2,3,4,4,5,4,5,4,4,2,5,3,4,4,3,5,3,4,3,4,3,3,4,2,2,4,3,2,2,4,3,3,3,3,3,3,3,3,1,3,2,4,3,4,4,2,2,4,4,4,2,always,always,always,always,often,often,often,always,often,always,always,always,partial,available,available,not_available,available,available,available,unknown,available,available,available,available,available,available,available,not_available,not_available,unknown,available,available,yes,no,yes,yes,no,no,yes,dk,dk,yes,yes,no,no,dk,yes,3,3,4,3,5,4,3,5,4,3,3,4,3,3,3,Inconsistent PPE availability,"Training materials, PPE and cleaning supplies","Improve water, sanitation, waste management and PPE availability.",Staff understand IPC but workload can affect compliance.
R0120,yes,25_34,female,lab,master,1_5,1_5,emergency,primary,urban,yes,7_12m,no,true,dk,true,false,false,false,true,true,true,true,true,false,true,false,dk,4,4,3,5,4,3,3,4,3,5,5,5,3,2,3,3,4,5,3,4,3,4,4,1,2,4,4,2,2,3,1,2,3,3,2,4,3,3,4,3,4,5,4,3,3,3,4,5,2,5,4,5,4,2,4,3,3,2,3,3,3,4,2,3,4,3,3,2,5,4,3,3,4,2,2,3,2,3,4,4,often,rarely,sometimes,always,sometimes,rarely,often,often,always,sometimes,sometimes,sometimes,available,available,available,partial,partial,partial,partial,available,available,available,available,available,available,partial,available,partial,available,available,not_available,available,yes,yes,yes,yes,yes,yes,yes,yes,no,yes,no,no,no,no,yes,3,3,3,4,5,3,4,3,4,4,3,4,3,3,3,Insufficient refresher training and supervision,"PPE, hand-hygiene supplies and running water","Improve water, sanitation, waste management and PPE availability.",Water supply and PPE availability should be maintained consistently.
R0121,yes,25_34,female,cho,bachelor,1_5,6_10,opd,primary,rural,no,unknown,no,true,true,true,false,true,true,true,true,true,true,true,true,true,false,false,4,3,3,3,3,3,3,5,2,5,4,3,2,4,5,2,3,2,4,4,4,3,2,4,2,4,3,5,5,2,3,4,3,4,1,4,2,4,4,3,5,4,3,2,4,3,3,5,3,4,5,3,3,3,3,2,3,3,2,4,3,3,2,2,3,2,3,3,4,3,3,2,3,4,4,3,3,2,2,3,sometimes,always,rarely,sometimes,sometimes,sometimes,sometimes,often,often,often,never,often,not_available,available,available,not_available,partial,available,available,partial,available,available,available,not_available,not_available,available,available,available,available,available,not_available,available,yes,yes,no,dk,yes,yes,yes,yes,dk,dk,yes,yes,no,yes,yes,4,2,2,3,3,3,2,3,1,3,4,3,3,2,4,Insufficient refresher training and supervision,"Training materials, PPE and cleaning supplies","Improve water, sanitation, waste management and PPE availability.",The facility needs stronger supervision and refresher training.
R0122,yes,45_54,female,cho,bachelor,11_15,1_5,community,primary,urban,yes,1_2y,yes,true,true,true,true,false,dk,false,true,dk,false,true,true,true,true,true,5,3,5,3,4,4,4,4,5,5,5,5,4,1,3,5,4,3,4,4,3,5,3,3,4,3,5,4,3,3,4,3,3,3,3,4,3,2,2,4,3,3,3,2,5,4,4,3,3,4,5,3,3,4,3,3,2,3,4,2,5,3,4,3,3,3,4,3,3,5,3,5,4,3,3,3,5,1,5,3,sometimes,always,always,always,sometimes,often,often,often,often,often,often,often,available,available,partial,partial,partial,partial,not_available,unknown,available,not_available,available,available,available,partial,partial,not_available,not_available,available,not_available,partial,no,no,no,yes,yes,yes,no,no,yes,no,dk,yes,dk,yes,yes,4,2,2,2,4,3,3,3,3,4,4,2,2,4,4,Limited water and hand-hygiene supplies,"PPE, alcohol-based hand rub and isolation space","Improve water, sanitation, waste management and PPE availability.",The facility needs stronger supervision and refresher training.
R0123,yes,35_44,female,chew,bachelor,6_10,lt1,inpatient,primary,rural,yes,6m,yes,true,true,false,true,true,dk,false,dk,false,false,false,dk,false,false,dk,4,3,1,4,2,2,2,3,2,3,3,3,3,3,1,3,2,3,3,3,3,3,3,2,4,2,4,3,2,5,3,3,4,4,3,3,3,3,3,3,2,3,4,3,4,4,4,2,4,2,3,3,2,4,4,4,3,4,3,1,5,2,3,4,3,3,3,3,4,4,3,4,2,4,4,4,3,5,3,2,often,often,often,sometimes,sometimes,always,often,often,often,sometimes,often,sometimes,not_available,available,available,partial,available,available,partial,partial,available,partial,available,available,not_available,not_available,not_available,not_available,not_available,not_available,not_available,not_available,yes,no,no,no,yes,yes,no,yes,no,yes,yes,dk,yes,yes,yes,4,4,2,4,3,5,1,4,4,3,3,2,5,3,4,Limited water and hand-hygiene supplies,"Water, soap and sharps containers",Conduct routine IPC audits and communicate findings to staff.,Water supply and PPE availability should be maintained consistently.
R0124,yes,25_34,female,jchew,bachelor,1_5,1_5,inpatient,secondary,urban,no,unknown,no,true,false,dk,true,false,false,dk,false,true,true,true,false,true,true,false,3,2,3,2,3,4,5,4,3,4,3,3,3,3,2,4,2,4,2,2,3,2,2,3,2,5,5,2,3,2,3,2,5,3,5,3,5,3,3,3,5,5,4,4,4,5,4,1,5,3,2,4,3,5,2,3,2,3,2,2,2,4,4,2,4,4,3,4,3,4,3,4,4,5,2,2,2,1,3,4,sometimes,rarely,never,sometimes,never,sometimes,rarely,rarely,sometimes,never,rarely,rarely,available,available,available,available,available,not_available,partial,available,available,available,available,partial,available,partial,available,available,available,available,available,not_available,yes,yes,yes,yes,no,yes,yes,yes,dk,dk,no,no,no,yes,yes,3,4,5,3,5,2,3,1,3,3,3,5,4,5,2,Availability of IPC supplies and management support,"Gloves, masks, disinfectants and waste bins","Provide a functional isolation area, clear SOPs and regular supervision.",Water supply and PPE availability should be maintained consistently.
R0125,yes,35_44,female,chew,hnd,gt15,1_5,laboratory,secondary,semiurban,no,unknown,no,true,true,true,true,false,true,true,false,true,true,true,true,true,false,true,2,2,2,3,3,5,2,4,3,1,2,1,5,2,2,1,4,3,3,5,3,4,5,2,4,3,2,4,3,3,2,4,3,3,3,3,3,3,3,3,4,4,4,5,3,3,4,3,4,4,3,2,3,4,2,3,4,2,3,4,3,4,4,3,4,3,3,3,3,2,3,2,2,4,4,2,3,2,2,3,sometimes,rarely,sometimes,na,rarely,often,often,sometimes,sometimes,rarely,often,rarely,available,available,available,available,partial,available,available,available,available,partial,available,available,available,available,available,not_available,partial,available,available,not_available,no,no,no,yes,dk,dk,yes,no,no,no,yes,no,yes,no,no,5,4,4,3,4,4,3,3,3,3,5,4,4,2,4,Availability of IPC supplies and management support,"PPE, hand-hygiene supplies and running water",Conduct regular IPC and Lassa fever refresher training and outbreak drills.,The facility needs stronger supervision and refresher training.
R0126,yes,25_34,male,chew,bachelor,1_5,6_10,pharmacy,secondary,rural,no,unknown,yes,true,false,true,false,false,false,true,true,true,false,true,true,true,false,true,4,4,4,4,4,4,5,3,5,2,4,4,4,3,3,4,2,5,5,4,3,4,2,3,3,4,3,4,2,3,2,5,5,3,3,5,4,2,4,1,2,2,4,3,4,4,4,1,2,3,2,2,3,3,2,2,3,4,2,5,2,2,2,3,2,3,3,2,3,4,5,4,3,3,2,2,3,5,3,4,rarely,often,often,often,always,always,rarely,sometimes,sometimes,often,sometimes,always,available,available,partial,available,available,available,available,not_available,partial,available,available,available,available,not_available,available,partial,partial,available,available,available,yes,dk,yes,no,no,yes,yes,yes,yes,no,yes,no,dk,yes,no,1,3,3,2,3,3,4,3,4,3,2,3,4,3,3,Inconsistent PPE availability,"PPE, alcohol-based hand rub and isolation space",Conduct routine IPC audits and communicate findings to staff.,Regular monitoring and adequate supplies would improve compliance.
R0127,yes,25_34,female,attendant,bachelor,6_10,6_10,pharmacy,secondary,rural,yes,gt2y,no,true,true,true,false,false,true,true,true,false,false,true,false,false,false,true,2,3,3,3,4,3,2,3,2,2,4,2,2,4,2,2,2,3,2,4,4,5,3,4,4,4,1,2,5,2,3,2,4,3,4,3,5,3,3,3,3,5,2,2,3,4,4,4,4,5,3,2,5,3,1,3,1,3,2,5,2,2,4,3,2,4,4,3,4,4,3,2,2,3,2,3,4,3,3,3,rarely,sometimes,often,sometimes,often,rarely,often,sometimes,sometimes,often,rarely,often,available,available,available,available,available,available,unknown,not_available,available,not_available,available,available,available,not_available,available,not_available,available,available,not_available,partial,no,yes,no,yes,yes,yes,yes,yes,yes,no,yes,dk,yes,yes,yes,4,2,3,4,4,2,4,4,5,3,3,4,4,4,3,Limited water and hand-hygiene supplies,"PPE, alcohol-based hand rub and isolation space",Conduct regular IPC and Lassa fever refresher training and outbreak drills.,Staff understand IPC but workload can affect compliance.
R0128,yes,25_34,female,environmental_health,bachelor,6_10,1_5,maternity,secondary,rural,no,unknown,no,false,false,dk,true,dk,true,true,true,true,dk,false,dk,false,true,false,4,4,2,2,4,3,2,4,4,4,5,2,4,2,3,4,3,3,4,3,3,3,2,4,3,3,2,3,3,2,3,4,4,3,4,2,1,3,4,3,2,3,2,4,3,5,5,5,3,4,4,5,3,4,1,3,4,2,3,2,4,4,4,4,3,4,2,3,3,3,4,2,4,2,4,4,4,4,2,4,rarely,sometimes,rarely,often,often,sometimes,sometimes,rarely,rarely,often,sometimes,rarely,not_available,unknown,available,available,available,available,not_available,available,available,available,available,partial,available,not_available,not_available,partial,partial,partial,available,not_available,yes,yes,no,dk,yes,yes,yes,dk,no,dk,yes,yes,dk,no,dk,2,4,4,4,3,2,2,4,5,3,3,4,3,3,3,Insufficient refresher training and supervision,"Gloves, masks, disinfectants and waste bins","Provide a functional isolation area, clear SOPs and regular supervision.",Regular monitoring and adequate supplies would improve compliance.
R0129,yes,25_34,male,cho,bachelor,11_15,1_5,inpatient,primary,urban,yes,6m,yes,true,true,true,true,true,true,true,true,false,true,false,false,dk,false,true,2,3,1,1,1,4,2,3,1,2,3,1,3,2,2,2,2,3,2,2,3,2,2,3,3,4,3,3,2,3,3,4,4,5,1,5,3,3,3,2,4,2,3,4,5,1,2,1,3,2,1,1,1,5,4,4,4,4,1,2,2,3,3,1,2,3,4,2,2,4,3,2,1,3,1,3,1,2,2,2,rarely,rarely,rarely,sometimes,sometimes,rarely,rarely,rarely,never,rarely,rarely,never,available,available,available,not_available,not_available,not_available,partial,not_available,available,available,available,available,available,available,available,not_available,partial,available,available,not_available,yes,no,yes,yes,dk,dk,yes,yes,yes,no,yes,yes,no,yes,dk,4,2,3,3,2,2,4,3,3,3,2,3,1,1,2,Limited water and hand-hygiene supplies,"PPE, alcohol-based hand rub and isolation space",Maintain emergency PPE stocks and strengthen referral and notification procedures.,Staff understand IPC but workload can affect compliance.
R0130,yes,25_34,male,nurse_midwife,certificate,1_5,6_10,inpatient,secondary,semiurban,no,unknown,no,true,true,false,true,false,true,false,true,true,true,true,true,true,false,true,3,4,4,4,2,5,3,5,3,4,4,4,3,4,5,4,4,4,2,3,3,4,3,4,3,3,1,1,4,1,3,3,3,3,2,2,3,2,1,2,3,2,3,3,2,3,3,3,5,2,3,3,3,2,2,3,1,2,5,3,2,2,3,2,3,4,4,3,3,3,2,5,3,5,4,2,5,3,3,3,often,often,sometimes,often,often,sometimes,often,often,often,often,often,sometimes,not_available,available,not_available,available,available,available,available,available,available,partial,available,available,available,available,not_available,not_available,available,not_available,not_available,available,yes,no,no,yes,no,yes,dk,dk,yes,dk,yes,yes,yes,no,yes,2,3,2,2,2,1,3,2,2,2,1,2,1,4,2,High workload and inadequate staffing,"Gloves, masks, disinfectants and waste bins","Provide a functional isolation area, clear SOPs and regular supervision.",The facility needs stronger supervision and refresher training.
R0131,yes,35_44,male,chew,bachelor,1_5,1_5,maternity,secondary,semiurban,yes,7_12m,no,dk,true,false,true,true,true,true,true,true,true,true,true,true,false,false,2,4,2,2,1,2,4,5,2,5,3,3,3,2,2,3,3,2,3,3,4,3,5,3,3,2,4,3,4,5,5,3,4,5,4,3,4,2,4,3,5,5,5,2,3,3,4,3,5,2,5,4,3,1,3,3,2,2,4,2,4,3,4,3,3,5,3,2,3,3,5,5,5,4,4,3,5,4,3,3,sometimes,sometimes,sometimes,sometimes,often,often,rarely,sometimes,sometimes,na,rarely,sometimes,partial,available,available,available,available,available,partial,available,available,available,available,available,partial,available,not_available,partial,partial,available,available,partial,yes,no,yes,yes,yes,yes,no,dk,no,no,no,yes,yes,yes,no,2,2,2,3,1,2,3,2,2,3,3,1,2,2,2,Insufficient refresher training and supervision,"PPE, hand-hygiene supplies and running water",Conduct routine IPC audits and communicate findings to staff.,The facility needs stronger supervision and refresher training.
R0132,yes,25_34,male,cho,bachelor,1_5,1_5,opd,secondary,urban,yes,7_12m,no,false,true,false,false,false,dk,true,true,true,true,dk,true,true,false,false,5,4,4,3,3,3,3,3,3,1,3,3,4,3,4,3,2,3,3,3,4,2,3,1,1,3,4,3,4,3,2,2,3,3,2,4,5,2,1,2,4,2,3,2,3,2,2,2,3,2,4,3,2,3,3,5,3,3,2,2,2,2,4,3,3,1,2,2,4,2,3,3,4,2,5,4,3,3,3,2,often,rarely,never,sometimes,sometimes,sometimes,sometimes,rarely,never,na,sometimes,sometimes,partial,available,available,available,available,available,not_available,available,available,available,partial,not_available,available,partial,partial,available,available,not_available,available,available,no,yes,no,yes,no,no,dk,no,yes,dk,yes,no,no,yes,dk,2,4,2,3,3,2,1,3,3,2,3,2,2,2,3,Insufficient refresher training and supervision,"Training materials, PPE and cleaning supplies",Maintain emergency PPE stocks and strengthen referral and notification procedures.,More practical outbreak drills and feedback would be useful.
R0133,yes,35_44,female,jchew,certificate,1_5,11_15,paediatric,primary,rural,yes,7_12m,yes,dk,false,true,false,false,false,true,true,true,true,true,true,false,true,true,4,4,4,3,3,4,1,3,4,2,3,3,3,4,4,3,3,2,3,2,4,2,4,3,3,5,4,4,4,2,3,4,2,3,3,5,3,3,2,3,4,4,4,3,4,2,3,3,3,3,3,3,3,3,2,5,4,2,2,4,3,3,3,3,3,2,3,3,5,2,3,4,3,3,3,3,2,3,2,1,sometimes,often,often,often,always,often,always,always,often,sometimes,often,sometimes,partial,available,available,not_available,available,available,not_available,not_available,available,not_available,available,available,available,not_available,available,not_available,available,available,partial,partial,yes,no,yes,no,yes,yes,dk,yes,yes,dk,no,dk,yes,yes,yes,2,3,3,1,4,2,3,3,3,2,3,2,2,3,4,Insufficient refresher training and supervision,"PPE, alcohol-based hand rub and isolation space",Maintain emergency PPE stocks and strengthen referral and notification procedures.,Staff understand IPC but workload can affect compliance.
R0134,yes,25_34,male,chew,diploma,6_10,1_5,paediatric,primary,urban,no,unknown,yes,true,dk,false,dk,false,false,dk,false,dk,true,false,true,true,false,true,3,3,4,3,4,4,2,4,4,4,5,3,2,4,3,4,5,4,3,4,4,3,3,3,4,4,3,4,4,2,1,4,3,4,3,5,4,4,5,3,3,3,4,3,4,2,3,2,3,3,3,4,3,4,2,4,3,2,5,4,4,3,4,3,4,3,3,4,5,2,3,3,3,3,3,5,4,3,3,5,often,sometimes,sometimes,sometimes,rarely,sometimes,often,often,rarely,often,often,often,partial,available,not_available,partial,available,available,available,not_available,available,not_available,partial,available,available,partial,available,available,available,not_available,not_available,available,yes,dk,yes,yes,yes,no,yes,yes,no,dk,no,no,dk,no,yes,2,2,3,3,3,5,2,4,2,4,3,2,3,3,3,Limited water and hand-hygiene supplies,"Training materials, PPE and cleaning supplies","Improve water, sanitation, waste management and PPE availability.",Staff understand IPC but workload can affect compliance.
R0135,yes,25_34,female,lab,bachelor,1_5,1_5,opd,primary,semiurban,no,unknown,no,true,true,false,false,false,true,true,dk,true,false,true,true,true,false,true,3,3,2,5,4,2,3,2,4,3,3,5,3,5,3,4,4,5,5,5,4,2,3,3,3,3,2,2,3,4,3,3,3,3,2,3,4,3,3,4,3,3,2,3,3,4,4,3,3,5,3,4,4,3,1,3,2,3,3,2,1,2,3,2,2,3,3,1,1,4,1,1,3,3,4,1,4,3,1,4,always,sometimes,sometimes,often,rarely,always,sometimes,sometimes,often,often,sometimes,often,available,available,available,partial,available,not_available,not_available,not_available,available,available,available,unknown,partial,available,partial,available,partial,not_available,available,available,yes,yes,yes,yes,yes,yes,no,no,yes,dk,no,yes,no,yes,no,3,4,3,5,2,4,2,2,4,3,3,3,4,3,4,Limited isolation and waste-management infrastructure,"PPE, hand-hygiene supplies and running water",Maintain emergency PPE stocks and strengthen referral and notification procedures.,Water supply and PPE availability should be maintained consistently.
R0136,yes,18_24,male,cho,diploma,1_5,6_10,opd,secondary,semiurban,no,unknown,no,false,dk,false,false,false,true,dk,true,true,true,true,dk,true,false,true,5,3,4,4,3,5,5,4,5,3,4,5,4,4,3,5,5,3,3,3,2,3,4,3,2,4,3,3,3,3,3,2,2,3,5,4,4,3,3,2,2,3,3,2,3,2,3,4,4,3,1,1,2,2,3,4,3,3,2,3,3,1,2,3,2,3,4,4,3,5,3,4,3,3,3,3,5,3,4,1,sometimes,sometimes,rarely,sometimes,sometimes,never,rarely,never,sometimes,sometimes,sometimes,rarely,available,available,available,unknown,available,not_available,partial,available,available,not_available,available,available,not_available,available,available,partial,available,partial,partial,not_available,yes,yes,dk,yes,yes,yes,yes,yes,dk,yes,no,no,dk,yes,yes,4,3,1,4,4,2,4,3,4,4,3,3,2,3,4,Insufficient refresher training and supervision,"Gloves, masks, disinfectants and waste bins",Conduct regular IPC and Lassa fever refresher training and outbreak drills.,Regular monitoring and adequate supplies would improve compliance.
R0137,yes,45_54,male,jchew,master,6_10,11_15,opd,secondary,semiurban,yes,6m,no,false,true,false,true,false,true,false,false,true,true,false,false,true,false,true,4,4,4,5,5,4,4,2,4,5,3,5,4,5,5,5,3,5,5,5,5,4,4,5,4,4,5,5,4,3,3,3,3,5,4,4,4,4,4,3,4,3,4,4,4,5,5,4,3,3,4,3,5,2,3,2,3,1,5,3,3,4,3,5,2,4,3,5,2,3,3,2,2,4,4,5,3,3,2,4,often,often,rarely,often,always,sometimes,rarely,sometimes,often,sometimes,often,often,available,available,available,not_available,partial,not_available,available,partial,available,available,available,partial,available,not_available,partial,partial,available,not_available,available,available,yes,yes,yes,no,yes,yes,yes,yes,yes,no,no,yes,no,no,no,3,4,3,5,2,5,5,3,4,2,4,5,3,4,3,Availability of IPC supplies and management support,"PPE, alcohol-based hand rub and isolation space",Conduct regular IPC and Lassa fever refresher training and outbreak drills.,More practical outbreak drills and feedback would be useful.
R0138,yes,35_44,male,cho,bachelor,11_15,1_5,pharmacy,primary,rural,yes,6m,no,false,false,true,true,false,false,false,false,dk,dk,dk,false,true,dk,true,4,4,2,5,3,2,3,3,4,3,3,4,2,3,3,4,2,3,3,3,3,3,4,4,2,2,2,3,1,3,3,3,4,2,3,2,1,1,2,2,3,2,2,3,3,3,3,3,4,4,4,4,3,1,2,1,2,4,4,4,3,4,3,2,1,3,3,4,3,3,2,3,1,2,3,2,1,2,3,3,sometimes,sometimes,often,often,sometimes,often,sometimes,often,sometimes,often,sometimes,rarely,partial,available,available,available,available,available,not_available,available,partial,available,available,available,partial,not_available,available,not_available,not_available,not_available,available,available,dk,yes,yes,yes,no,no,yes,yes,dk,yes,yes,yes,no,yes,dk,1,5,2,3,4,2,3,3,1,3,4,2,2,2,3,Limited water and hand-hygiene supplies,"PPE, hand-hygiene supplies and running water","Provide a functional isolation area, clear SOPs and regular supervision.",The facility needs stronger supervision and refresher training.
R0139,yes,55_plus,male,attendant,master,1_5,lt1,opd,primary,rural,yes,6m,yes,true,true,false,false,false,false,true,true,true,true,true,true,true,false,false,4,3,3,4,3,5,4,2,3,4,4,4,4,3,3,4,3,3,4,4,3,3,5,3,4,2,4,3,3,3,5,2,3,4,4,3,3,4,5,3,5,3,5,3,4,5,5,5,4,4,4,5,4,2,2,3,2,3,4,5,3,5,4,3,4,5,3,3,4,4,4,4,4,2,4,3,4,3,4,3,sometimes,often,often,always,rarely,often,sometimes,sometimes,sometimes,rarely,often,sometimes,available,available,available,available,available,available,not_available,not_available,available,available,partial,partial,available,available,not_available,available,available,not_available,available,available,no,no,yes,no,yes,yes,yes,yes,yes,yes,yes,dk,yes,yes,yes,2,3,2,2,5,4,3,3,2,4,4,4,5,4,3,Limited isolation and waste-management infrastructure,"PPE, hand-hygiene supplies and running water","Provide a functional isolation area, clear SOPs and regular supervision.",Regular monitoring and adequate supplies would improve compliance.
R0140,yes,35_44,female,doctor,certificate,6_10,1_5,maternity,primary,urban,yes,7_12m,no,false,false,true,true,false,false,false,true,true,true,false,dk,dk,true,dk,4,3,2,5,4,3,2,2,3,3,3,3,4,4,2,3,4,1,3,1,4,5,3,4,3,4,3,3,4,3,4,5,4,3,4,3,3,3,4,4,3,5,3,4,3,4,3,3,3,3,3,4,4,4,2,4,2,2,4,2,1,4,2,3,2,3,2,2,5,3,2,4,3,2,4,2,3,2,3,4,always,often,rarely,always,rarely,rarely,often,sometimes,often,sometimes,sometimes,often,not_available,available,available,available,available,not_available,available,not_available,unknown,not_available,available,available,available,not_available,available,available,available,available,available,available,yes,yes,no,yes,yes,no,yes,no,yes,dk,yes,yes,yes,no,yes,3,2,4,5,3,3,3,3,1,2,2,2,4,3,4,Inconsistent PPE availability,"Water, soap and sharps containers","Improve water, sanitation, waste management and PPE availability.",More practical outbreak drills and feedback would be useful.
R0141,yes,35_44,female,environmental_health,bachelor,lt1,1_5,environmental,primary,semiurban,yes,1_2y,yes,false,dk,true,true,true,dk,dk,false,dk,true,true,false,false,true,true,4,4,5,5,4,5,5,5,5,4,5,5,3,3,4,5,4,4,5,4,4,5,5,3,4,5,5,5,5,4,4,3,3,3,5,4,5,5,4,3,3,5,5,5,4,3,5,3,4,3,3,3,3,2,3,3,2,3,3,5,4,4,2,5,3,4,3,2,3,3,4,4,3,4,5,3,4,4,3,3,sometimes,always,often,rarely,always,never,often,sometimes,sometimes,often,often,rarely,available,available,partial,available,available,not_available,partial,not_available,available,unknown,available,partial,available,available,not_available,not_available,available,partial,not_available,available,yes,yes,no,yes,yes,no,yes,no,no,yes,yes,no,dk,yes,no,4,3,1,3,2,3,4,3,3,4,4,2,4,5,2,High workload and inadequate staffing,"PPE, hand-hygiene supplies and running water",Conduct routine IPC audits and communicate findings to staff.,Staff understand IPC but workload can affect compliance.
R0142,yes,45_54,male,attendant,master,6_10,gt15,pharmacy,secondary,rural,yes,gt2y,yes,true,dk,true,false,true,true,false,true,true,false,true,true,true,false,true,3,2,2,4,5,4,4,3,3,2,3,4,4,4,2,4,3,5,3,3,2,4,4,4,4,3,3,3,3,3,3,4,3,4,3,3,4,2,3,5,3,2,3,4,4,4,3,3,5,3,3,3,4,2,2,2,3,3,5,4,5,4,3,2,3,1,4,2,4,2,2,4,3,3,5,4,4,3,3,4,sometimes,sometimes,rarely,rarely,often,sometimes,often,sometimes,sometimes,always,often,sometimes,available,available,available,available,available,not_available,available,available,partial,available,available,available,partial,available,available,available,available,available,unknown,available,yes,yes,yes,yes,yes,no,yes,no,no,dk,no,yes,dk,dk,yes,2,5,3,3,4,4,4,2,5,4,3,3,3,4,2,Inconsistent PPE availability,"PPE, hand-hygiene supplies and running water",Conduct routine IPC audits and communicate findings to staff.,The facility needs stronger supervision and refresher training.
R0143,yes,35_44,female,chew,bachelor,lt1,6_10,community,primary,rural,no,unknown,yes,false,false,true,false,false,true,true,false,false,true,dk,true,false,false,true,5,5,5,3,3,4,4,4,2,4,4,3,2,3,4,3,4,2,4,5,2,5,2,4,3,1,3,3,2,2,3,4,4,5,2,4,3,3,3,2,4,4,3,4,2,2,4,3,2,4,4,4,4,2,1,3,4,4,3,4,3,2,2,4,3,1,2,2,3,2,2,3,2,3,1,3,2,2,2,4,rarely,na,never,sometimes,sometimes,rarely,often,rarely,sometimes,rarely,rarely,often,available,partial,available,not_available,available,available,available,available,available,available,available,available,partial,available,available,available,available,available,not_available,available,yes,dk,yes,no,yes,yes,no,no,yes,dk,dk,yes,yes,dk,yes,3,2,1,2,2,1,3,3,3,1,2,3,1,2,2,Limited isolation and waste-management infrastructure,"PPE, alcohol-based hand rub and isolation space","Provide a functional isolation area, clear SOPs and regular supervision.",More practical outbreak drills and feedback would be useful.
R0144,yes,45_54,male,cho,hnd,1_5,lt1,opd,primary,rural,yes,7_12m,yes,false,true,true,false,false,true,false,false,true,true,dk,true,false,true,true,5,3,3,4,4,4,3,4,3,4,4,3,5,5,4,5,4,1,4,5,3,2,4,4,2,5,3,4,4,3,3,4,4,3,1,2,3,4,3,4,2,3,5,3,5,4,3,3,2,5,5,5,3,4,2,1,2,1,3,5,4,3,2,3,1,3,3,4,1,4,2,2,4,4,4,2,3,2,5,3,sometimes,often,often,sometimes,often,sometimes,sometimes,sometimes,sometimes,often,often,often,partial,available,available,not_available,available,available,not_available,available,partial,available,available,available,available,available,not_available,not_available,available,available,not_available,available,yes,yes,yes,yes,no,yes,dk,yes,yes,no,yes,yes,dk,yes,yes,2,2,3,4,4,3,2,2,1,1,3,3,2,2,2,Insufficient refresher training and supervision,"Training materials, PPE and cleaning supplies",Conduct regular IPC and Lassa fever refresher training and outbreak drills.,Regular monitoring and adequate supplies would improve compliance.
R0145,yes,35_44,male,cho,hnd,1_5,lt1,maternity,primary,semiurban,yes,7_12m,no,dk,false,false,false,false,false,dk,false,true,false,true,true,dk,true,true,3,4,3,3,3,3,3,4,3,3,3,3,3,2,4,5,5,4,5,3,2,3,4,2,4,3,3,3,3,4,3,4,2,5,2,5,3,3,2,2,5,4,4,2,1,5,5,2,4,3,3,3,3,3,2,3,1,4,4,4,3,1,3,2,1,3,2,2,3,4,3,1,4,2,2,3,1,3,3,3,rarely,sometimes,sometimes,sometimes,sometimes,sometimes,sometimes,often,sometimes,sometimes,never,sometimes,not_available,available,available,not_available,available,partial,available,not_available,available,available,available,available,partial,available,not_available,available,partial,available,available,not_available,no,yes,no,no,yes,yes,yes,yes,dk,yes,yes,yes,dk,no,yes,3,2,3,3,2,2,2,3,3,1,1,1,3,3,1,Inconsistent PPE availability,"Water, soap and sharps containers","Improve water, sanitation, waste management and PPE availability.",The facility needs stronger supervision and refresher training.
R0146,yes,55_plus,female,jchew,bachelor,lt1,lt1,pharmacy,primary,semiurban,yes,6m,yes,true,true,true,false,false,true,true,true,true,true,true,true,true,true,true,3,4,5,3,3,4,4,5,4,3,2,3,5,4,4,4,4,4,4,5,4,3,4,3,4,2,4,5,4,2,4,3,4,4,5,3,2,3,4,4,5,3,3,5,3,3,2,4,2,3,4,3,3,2,1,3,4,3,3,3,3,3,3,2,5,4,4,1,4,2,4,4,4,2,4,5,3,2,3,3,often,often,na,always,always,often,sometimes,sometimes,often,rarely,often,always,available,partial,available,available,available,available,not_available,partial,available,available,partial,available,available,available,not_available,available,not_available,partial,available,available,yes,yes,yes,no,yes,no,dk,dk,no,no,no,yes,no,yes,no,4,2,4,2,4,5,3,4,4,4,3,4,5,3,4,Availability of IPC supplies and management support,"PPE, hand-hygiene supplies and running water",Conduct regular IPC and Lassa fever refresher training and outbreak drills.,The facility needs stronger supervision and refresher training.
R0147,yes,35_44,male,other,hnd,1_5,lt1,opd,primary,semiurban,yes,1_2y,no,true,true,dk,false,true,false,true,true,true,true,false,true,true,dk,false,4,3,4,4,4,5,3,5,5,5,4,5,3,4,3,4,4,5,4,3,2,3,2,3,3,3,3,1,1,3,3,2,3,4,3,4,3,3,3,1,1,4,3,3,3,3,3,3,2,4,4,4,4,3,3,2,1,2,4,4,2,4,3,3,4,5,4,4,2,4,4,5,2,3,2,2,3,3,4,4,always,often,often,rarely,often,rarely,often,sometimes,often,often,always,always,available,available,available,available,available,available,available,not_available,available,not_available,available,available,available,not_available,not_available,available,available,available,available,partial,no,yes,yes,yes,yes,yes,yes,yes,yes,yes,no,no,dk,dk,no,5,3,4,3,4,3,3,3,4,4,4,4,5,3,4,High workload and inadequate staffing,"PPE, hand-hygiene supplies and running water","Provide a functional isolation area, clear SOPs and regular supervision.",Staff understand IPC but workload can affect compliance.
R0148,yes,55_plus,male,nurse_midwife,bachelor,1_5,1_5,pharmacy,secondary,urban,yes,1_2y,yes,true,true,true,false,false,false,true,true,false,true,true,false,true,false,true,3,2,3,3,4,3,3,4,3,4,3,4,2,4,4,3,3,5,5,5,3,3,4,3,5,5,4,2,3,3,3,5,2,4,3,3,3,3,4,4,3,4,4,3,2,3,2,2,3,2,2,2,3,3,4,5,4,4,2,1,3,1,2,3,2,2,3,4,3,2,2,3,3,4,5,3,3,3,2,3,sometimes,sometimes,often,rarely,sometimes,often,sometimes,often,sometimes,always,sometimes,na,available,partial,available,available,available,partial,available,not_available,available,partial,available,partial,partial,available,available,available,partial,not_available,available,unknown,yes,yes,yes,yes,yes,dk,yes,yes,dk,dk,yes,yes,yes,no,yes,2,2,2,2,4,4,1,4,3,3,4,4,3,5,4,Inconsistent PPE availability,"Training materials, PPE and cleaning supplies",Conduct routine IPC audits and communicate findings to staff.,Regular monitoring and adequate supplies would improve compliance.
R0149,yes,18_24,female,doctor,diploma,11_15,1_5,inpatient,secondary,urban,yes,6m,no,true,true,true,false,false,true,true,true,true,true,true,true,true,dk,true,3,4,4,4,4,4,5,4,3,4,3,4,3,3,4,4,2,4,3,2,2,3,3,3,5,4,3,4,3,3,2,4,2,5,4,3,3,4,4,2,3,2,3,3,3,3,3,4,4,5,4,4,4,2,2,3,2,2,4,3,2,3,3,4,3,4,2,3,2,3,2,2,3,3,4,2,2,4,1,3,often,rarely,rarely,sometimes,rarely,often,rarely,sometimes,sometimes,often,rarely,rarely,available,partial,available,available,available,partial,available,available,partial,available,available,not_available,unknown,available,partial,not_available,available,available,partial,available,yes,yes,dk,yes,yes,yes,no,yes,yes,yes,yes,yes,yes,no,yes,3,3,2,3,3,2,2,3,3,3,3,4,3,1,2,Limited isolation and waste-management infrastructure,"Water, soap and sharps containers","Improve water, sanitation, waste management and PPE availability.",Staff understand IPC but workload can affect compliance.
R0150,yes,35_44,female,jchew,bachelor,1_5,1_5,paediatric,primary,urban,yes,7_12m,yes,true,true,true,false,true,true,true,true,true,true,true,true,true,false,true,2,2,3,4,5,4,3,4,4,4,3,4,1,2,5,3,4,2,4,4,4,4,3,3,5,3,3,3,3,3,5,2,4,3,3,4,3,4,4,3,4,3,4,5,3,3,4,4,4,4,3,4,5,3,3,1,1,2,4,5,3,5,4,4,4,4,3,5,3,2,3,3,4,4,3,4,4,3,4,2,always,often,sometimes,rarely,sometimes,always,often,often,rarely,often,sometimes,often,not_available,not_available,available,available,available,not_available,available,available,available,available,available,available,not_available,partial,unknown,available,available,available,not_available,available,yes,yes,yes,yes,yes,yes,no,no,no,dk,yes,no,yes,dk,no,3,3,2,3,1,4,3,3,2,3,3,2,4,4,1,Insufficient refresher training and supervision,"PPE, alcohol-based hand rub and isolation space",Conduct regular IPC and Lassa fever refresher training and outbreak drills.,More practical outbreak drills and feedback would be useful.
R0151,yes,25_34,male,cho,master,6_10,1_5,inpatient,secondary,urban,yes,6m,no,true,true,true,false,false,false,true,true,true,true,false,true,true,false,true,5,2,2,4,4,4,3,4,3,4,3,4,2,4,3,5,3,3,4,2,3,5,4,4,5,3,4,3,5,5,3,3,3,4,4,4,5,4,4,3,3,4,4,3,4,4,3,5,3,3,4,3,5,4,2,2,2,2,3,5,4,3,3,4,2,4,3,2,5,2,5,3,1,4,2,4,3,3,3,4,sometimes,often,often,always,often,always,always,sometimes,sometimes,often,sometimes,often,available,available,unknown,available,not_available,available,available,partial,available,available,available,partial,available,not_available,available,available,available,available,available,available,yes,yes,yes,no,no,no,yes,yes,yes,dk,yes,no,dk,yes,yes,3,3,3,4,3,3,2,3,4,4,2,3,1,4,5,High workload and inadequate staffing,"Water, soap and sharps containers","Provide a functional isolation area, clear SOPs and regular supervision.",Regular monitoring and adequate supplies would improve compliance.
R0152,yes,25_34,male,lab,bachelor,6_10,1_5,inpatient,primary,urban,no,unknown,yes,true,false,false,dk,false,false,true,false,dk,false,true,true,false,true,false,4,3,4,4,4,4,4,5,3,5,2,5,3,2,2,4,4,4,4,4,1,3,2,1,2,3,4,4,1,3,4,2,4,4,1,1,3,4,2,4,1,1,2,2,2,3,3,4,3,3,2,3,3,4,3,3,3,2,4,4,3,1,3,3,3,4,3,3,3,3,3,4,2,3,2,2,4,2,2,2,often,always,always,sometimes,often,always,often,often,sometimes,sometimes,often,often,partial,available,partial,available,available,available,available,partial,available,available,available,available,partial,partial,not_available,available,unknown,available,available,available,dk,no,yes,yes,yes,yes,yes,yes,yes,no,yes,yes,dk,dk,yes,2,3,3,4,2,3,3,4,2,3,3,3,4,3,3,Availability of IPC supplies and management support,"Training materials, PPE and cleaning supplies","Provide a functional isolation area, clear SOPs and regular supervision.",Regular monitoring and adequate supplies would improve compliance.
R0153,yes,35_44,female,nurse_midwife,bachelor,6_10,lt1,laboratory,secondary,urban,yes,7_12m,yes,true,true,true,false,false,false,true,true,true,true,true,true,true,false,true,3,4,3,3,3,2,1,3,2,2,2,3,2,3,2,3,3,3,2,3,2,1,2,2,3,4,3,3,2,2,2,1,2,3,3,4,4,2,3,2,4,2,2,2,3,2,2,2,4,1,4,4,1,2,4,3,3,1,4,3,3,3,3,3,3,2,2,3,3,3,4,3,3,4,4,2,2,3,3,3,sometimes,sometimes,often,often,often,sometimes,sometimes,sometimes,often,sometimes,often,na,not_available,partial,available,partial,available,not_available,partial,available,partial,available,available,available,not_available,available,partial,not_available,not_available,available,available,available,dk,no,no,yes,no,no,yes,yes,no,yes,yes,no,yes,dk,yes,2,3,2,2,2,1,2,1,3,1,3,3,3,2,2,High workload and inadequate staffing,"PPE, hand-hygiene supplies and running water",Conduct regular IPC and Lassa fever refresher training and outbreak drills.,Staff understand IPC but workload can affect compliance.
R0154,yes,25_34,male,chew,bachelor,6_10,1_5,opd,secondary,semiurban,yes,unknown,yes,true,dk,false,false,false,true,dk,true,dk,true,true,true,true,true,true,2,3,3,3,4,5,3,2,3,4,4,3,3,2,2,3,3,5,5,4,3,2,3,3,3,3,4,1,1,2,2,2,4,3,4,4,5,2,3,3,2,3,5,2,3,5,4,4,3,3,4,4,3,3,2,2,4,3,5,4,4,4,3,4,1,4,2,3,5,4,2,4,4,3,4,2,3,3,3,3,often,often,often,often,rarely,often,sometimes,often,always,rarely,often,sometimes,available,available,available,available,available,available,available,not_available,available,available,partial,available,partial,available,available,partial,partial,available,partial,not_available,yes,yes,no,no,yes,yes,yes,no,yes,no,yes,no,no,yes,yes,5,5,3,4,2,3,4,2,4,4,2,4,4,3,2,Inconsistent PPE availability,"Gloves, masks, disinfectants and waste bins",Conduct regular IPC and Lassa fever refresher training and outbreak drills.,More practical outbreak drills and feedback would be useful.
R0155,yes,35_44,female,nurse_midwife,bachelor,6_10,1_5,laboratory,secondary,urban,yes,7_12m,yes,dk,true,true,true,false,dk,false,true,dk,true,true,false,false,false,dk,3,1,4,5,3,4,2,3,4,3,2,4,4,3,4,2,2,2,4,1,3,2,3,3,2,1,3,2,2,4,3,4,2,3,2,3,4,1,2,2,2,2,2,2,2,3,2,4,2,4,4,3,3,4,2,4,3,4,3,3,3,4,5,2,3,5,3,2,3,2,3,3,4,5,4,3,3,5,3,3,rarely,sometimes,rarely,sometimes,never,never,rarely,rarely,sometimes,rarely,rarely,never,available,not_available,available,available,not_available,available,not_available,available,available,available,available,available,available,not_available,partial,available,available,available,available,available,yes,no,dk,yes,yes,no,yes,no,yes,yes,yes,yes,yes,yes,no,3,3,3,4,3,2,3,1,1,4,2,3,5,3,3,Inconsistent PPE availability,"PPE, hand-hygiene supplies and running water","Provide a functional isolation area, clear SOPs and regular supervision.",Regular monitoring and adequate supplies would improve compliance.
R0156,yes,25_34,female,chew,diploma,11_15,6_10,maternity,secondary,semiurban,no,unknown,yes,true,false,true,false,false,true,dk,true,true,true,true,true,true,false,true,3,3,3,4,3,2,3,3,4,2,2,2,2,3,2,2,1,3,4,3,3,5,2,2,3,3,2,4,2,4,3,3,4,4,5,2,4,4,5,3,3,3,3,5,5,5,4,3,4,3,4,2,2,1,3,3,2,3,3,4,3,1,3,2,4,4,2,3,4,3,2,2,4,3,5,2,2,3,2,4,rarely,sometimes,often,always,rarely,often,often,sometimes,sometimes,rarely,sometimes,often,available,available,available,available,available,unknown,available,available,partial,available,available,available,not_available,available,available,partial,available,available,available,not_available,yes,yes,yes,no,no,yes,no,yes,yes,no,yes,no,dk,yes,yes,3,2,4,4,2,1,4,1,1,2,3,2,4,2,3,Inconsistent PPE availability,"Training materials, PPE and cleaning supplies",Conduct routine IPC audits and communicate findings to staff.,Regular monitoring and adequate supplies would improve compliance.
R0157,yes,18_24,female,nurse_midwife,bachelor,6_10,11_15,opd,primary,rural,yes,7_12m,yes,false,true,false,true,false,true,true,dk,false,false,true,false,false,false,false,2,4,3,4,4,4,3,3,3,4,5,4,5,5,3,2,5,4,2,5,4,4,4,2,3,3,4,4,5,4,4,2,2,4,3,3,5,3,5,3,4,5,4,3,2,4,4,5,4,5,5,4,3,1,1,3,3,2,4,5,5,3,2,1,4,4,5,4,5,4,3,2,5,5,4,3,4,4,1,5,sometimes,rarely,sometimes,often,sometimes,often,rarely,sometimes,sometimes,rarely,sometimes,often,available,available,available,partial,available,available,partial,not_available,available,partial,available,available,available,available,partial,not_available,not_available,available,not_available,available,yes,yes,yes,yes,no,dk,yes,yes,yes,yes,no,yes,dk,dk,dk,4,4,4,4,4,4,4,1,4,4,3,3,3,3,2,Limited isolation and waste-management infrastructure,"PPE, hand-hygiene supplies and running water","Provide a functional isolation area, clear SOPs and regular supervision.",Regular monitoring and adequate supplies would improve compliance.
R0158,yes,25_34,male,jchew,bachelor,6_10,6_10,theatre,primary,rural,yes,6m,yes,true,true,true,false,false,true,true,true,true,true,true,true,true,false,true,4,5,4,4,4,3,5,4,2,3,4,2,3,3,4,2,2,5,4,3,3,3,4,4,3,4,4,2,3,3,3,4,3,2,4,2,3,3,3,4,5,3,2,4,4,3,3,3,3,4,1,4,3,4,2,4,3,3,4,3,2,2,2,3,1,1,3,2,3,1,3,4,2,2,3,4,2,3,3,3,often,often,often,often,rarely,often,sometimes,rarely,often,often,often,often,partial,available,not_available,not_available,available,available,available,partial,partial,available,not_available,available,not_available,partial,available,partial,available,partial,not_available,available,yes,no,yes,yes,yes,dk,yes,yes,yes,yes,yes,yes,dk,yes,yes,3,4,3,4,4,3,4,5,4,2,3,4,4,2,4,Limited isolation and waste-management infrastructure,"Water, soap and sharps containers",Conduct regular IPC and Lassa fever refresher training and outbreak drills.,The facility needs stronger supervision and refresher training.
R0159,yes,25_34,female,attendant,bachelor,1_5,6_10,community,secondary,rural,yes,gt2y,yes,true,dk,true,true,true,false,false,false,true,false,true,dk,dk,false,true,4,3,2,4,4,3,4,4,5,3,3,4,3,4,3,3,4,3,3,3,4,2,5,3,2,4,3,4,1,2,4,1,3,3,3,2,2,1,3,3,3,3,3,4,3,3,5,4,3,2,4,4,4,4,3,3,3,4,3,3,4,4,3,3,3,4,3,3,4,3,4,3,4,4,3,2,4,3,3,2,rarely,sometimes,sometimes,often,sometimes,sometimes,often,sometimes,often,rarely,often,often,available,available,available,not_available,not_available,partial,available,available,available,available,partial,available,available,partial,available,available,available,partial,not_available,partial,no,yes,yes,no,no,yes,no,yes,yes,dk,yes,yes,dk,no,yes,1,4,2,2,2,4,2,3,1,3,3,2,4,2,4,Availability of IPC supplies and management support,"PPE, hand-hygiene supplies and running water",Maintain emergency PPE stocks and strengthen referral and notification procedures.,Water supply and PPE availability should be maintained consistently.
R0160,yes,35_44,female,lab,master,1_5,6_10,emergency,primary,rural,yes,6m,no,true,true,true,false,dk,true,dk,true,true,true,false,true,true,false,true,4,2,3,4,4,4,3,5,3,3,2,4,3,4,4,3,3,5,4,4,5,4,3,4,4,1,3,4,3,2,3,3,3,4,4,3,3,3,2,2,2,3,4,3,2,4,3,2,2,4,3,3,2,4,2,3,2,3,2,2,4,3,5,4,3,3,3,2,5,4,4,4,3,3,4,4,5,5,1,2,often,often,sometimes,sometimes,often,often,often,always,rarely,always,sometimes,always,available,available,available,available,available,available,available,available,available,available,available,available,available,available,partial,partial,available,partial,not_available,available,no,dk,no,no,no,yes,yes,yes,yes,dk,yes,yes,dk,dk,yes,2,3,3,4,5,3,3,3,2,4,2,5,4,3,4,High workload and inadequate staffing,"Gloves, masks, disinfectants and waste bins","Provide a functional isolation area, clear SOPs and regular supervision.",Staff understand IPC but workload can affect compliance.
R0161,yes,35_44,male,nurse_midwife,master,1_5,lt1,opd,secondary,urban,yes,6m,no,true,true,true,dk,false,true,true,true,true,true,true,true,true,false,true,2,4,4,3,3,4,4,3,3,4,2,3,5,2,3,4,3,4,3,3,3,3,3,3,2,3,1,4,3,3,3,2,2,5,3,4,3,3,4,3,3,4,2,2,3,5,4,3,3,5,4,3,2,2,2,1,2,2,5,4,3,4,4,5,5,3,4,5,3,3,3,2,5,3,4,4,4,3,3,5,always,always,often,sometimes,always,sometimes,sometimes,always,often,sometimes,often,always,available,available,partial,available,available,available,partial,available,not_available,available,available,available,available,available,partial,available,available,partial,available,available,yes,yes,yes,no,yes,yes,yes,yes,dk,dk,no,yes,yes,no,no,2,3,4,3,3,4,1,3,3,4,2,3,2,4,3,Insufficient refresher training and supervision,"PPE, alcohol-based hand rub and isolation space",Maintain emergency PPE stocks and strengthen referral and notification procedures.,More practical outbreak drills and feedback would be useful.
R0162,yes,45_54,female,lab,hnd,6_10,1_5,maternity,primary,urban,yes,7_12m,no,true,true,true,false,false,true,false,true,true,true,true,true,true,false,true,3,1,4,2,5,4,4,2,3,3,3,4,3,4,3,4,2,4,3,5,3,3,2,4,5,2,2,3,4,2,2,2,3,3,4,3,5,2,2,3,2,4,2,3,2,3,2,5,4,4,2,2,3,3,5,2,4,2,3,3,1,3,1,2,3,3,3,3,3,1,3,3,3,2,2,3,4,3,3,3,rarely,sometimes,sometimes,rarely,rarely,rarely,rarely,often,rarely,sometimes,rarely,rarely,available,not_available,available,available,available,available,unknown,unknown,available,not_available,partial,partial,available,not_available,partial,available,partial,available,partial,available,no,no,yes,yes,no,yes,yes,yes,yes,no,no,yes,no,yes,yes,3,3,3,3,5,1,4,3,4,2,4,3,3,2,2,Limited water and hand-hygiene supplies,"PPE, hand-hygiene supplies and running water",Conduct routine IPC audits and communicate findings to staff.,The facility needs stronger supervision and refresher training.
R0163,yes,45_54,female,lab,hnd,1_5,1_5,maternity,primary,semiurban,no,unknown,no,dk,true,true,true,false,true,false,true,dk,true,true,true,true,false,true,2,2,4,2,4,2,4,2,2,1,5,4,3,2,4,3,3,4,5,2,3,1,1,1,1,1,4,3,1,3,2,1,3,2,3,3,2,2,3,3,1,1,3,2,3,4,4,4,3,5,2,2,3,2,2,2,3,3,5,5,2,3,2,5,3,4,4,3,3,2,2,4,3,4,3,5,2,2,2,3,often,sometimes,often,always,sometimes,always,often,sometimes,often,always,sometimes,sometimes,available,partial,available,partial,partial,unknown,partial,available,available,available,not_available,available,available,not_available,available,not_available,available,unknown,available,available,no,yes,yes,yes,no,yes,yes,no,yes,dk,yes,yes,no,yes,yes,3,3,4,3,3,2,3,2,3,4,1,3,3,3,4,Insufficient refresher training and supervision,"PPE, alcohol-based hand rub and isolation space","Improve water, sanitation, waste management and PPE availability.",The facility needs stronger supervision and refresher training.
R0164,yes,25_34,female,cho,bachelor,1_5,1_5,theatre,primary,semiurban,no,unknown,yes,true,true,true,true,true,dk,false,true,true,true,true,dk,true,true,true,3,3,3,3,5,2,2,2,2,2,3,4,2,3,3,2,3,4,2,3,4,4,3,3,2,3,4,5,5,3,4,3,3,4,4,3,2,5,5,2,4,3,2,3,3,4,2,3,2,5,2,3,4,1,2,2,3,3,2,4,3,3,3,3,3,3,3,4,2,2,3,2,2,3,4,3,2,2,3,2,never,sometimes,rarely,sometimes,rarely,sometimes,often,sometimes,sometimes,rarely,rarely,sometimes,available,available,partial,not_available,partial,available,not_available,available,available,available,available,available,available,not_available,available,not_available,partial,available,not_available,available,no,dk,yes,yes,dk,yes,yes,yes,no,yes,dk,yes,dk,yes,no,1,4,3,3,3,3,5,4,3,3,3,2,3,4,2,Insufficient refresher training and supervision,"Gloves, masks, disinfectants and waste bins",Maintain emergency PPE stocks and strengthen referral and notification procedures.,The facility needs stronger supervision and refresher training.
R0165,yes,18_24,female,jchew,bachelor,1_5,6_10,inpatient,secondary,urban,yes,gt2y,yes,false,true,false,false,false,true,true,false,false,true,false,true,false,false,true,2,1,2,3,3,1,1,4,3,3,2,4,2,4,3,3,2,2,4,1,2,2,3,2,3,3,3,2,1,3,3,2,2,3,2,2,3,1,3,3,2,2,3,2,4,2,4,4,2,3,2,3,4,4,2,4,3,1,3,2,4,1,2,4,3,3,2,3,2,2,1,2,1,2,2,4,4,4,3,4,rarely,never,rarely,sometimes,sometimes,rarely,rarely,rarely,rarely,sometimes,rarely,sometimes,not_available,available,not_available,available,available,partial,available,available,available,available,available,partial,available,available,partial,partial,available,available,not_available,partial,yes,no,yes,yes,yes,yes,yes,no,yes,yes,yes,dk,dk,yes,yes,3,5,2,3,2,3,3,3,4,3,4,1,3,1,2,High workload and inadequate staffing,"Training materials, PPE and cleaning supplies","Provide a functional isolation area, clear SOPs and regular supervision.",The facility needs stronger supervision and refresher training.
R0166,yes,35_44,female,cho,bachelor,gt15,1_5,laboratory,secondary,semiurban,no,unknown,yes,true,true,true,true,false,true,false,true,true,true,true,true,true,false,true,4,5,4,3,4,3,3,3,4,4,4,3,3,4,5,4,4,4,3,5,2,1,4,1,4,3,3,3,3,2,2,2,2,5,1,3,4,3,1,3,5,1,2,4,2,3,2,3,3,3,4,4,3,2,5,4,3,4,3,2,4,2,3,4,3,4,4,4,2,5,4,2,3,4,4,4,4,4,4,3,often,often,often,sometimes,often,often,always,sometimes,always,always,often,often,available,partial,available,not_available,available,not_available,available,available,available,available,partial,available,partial,available,partial,not_available,available,available,not_available,available,no,yes,no,no,no,yes,yes,yes,no,dk,dk,yes,no,yes,yes,3,4,4,4,3,3,4,3,3,2,2,4,3,3,3,High workload and inadequate staffing,"Gloves, masks, disinfectants and waste bins",Maintain emergency PPE stocks and strengthen referral and notification procedures.,Water supply and PPE availability should be maintained consistently.
R0167,yes,45_54,female,nurse_midwife,bachelor,1_5,1_5,theatre,secondary,semiurban,yes,6m,yes,false,false,false,false,false,dk,dk,false,true,true,true,false,true,false,true,2,2,3,4,2,5,3,2,4,5,4,3,2,4,3,4,3,4,5,4,3,3,2,2,3,2,3,4,4,3,2,3,3,2,3,2,3,3,3,2,3,2,2,2,1,3,2,4,3,3,2,3,4,3,4,3,5,3,4,3,3,3,5,3,3,3,3,4,4,4,2,4,4,4,2,3,4,2,3,4,na,often,always,sometimes,rarely,always,sometimes,often,sometimes,often,often,often,available,partial,not_available,available,available,not_available,available,available,available,available,partial,available,not_available,not_available,partial,not_available,available,not_available,available,not_available,yes,yes,yes,yes,no,yes,no,no,dk,no,yes,yes,yes,no,yes,4,4,3,3,4,3,2,5,2,3,3,3,4,2,4,Limited isolation and waste-management infrastructure,"Water, soap and sharps containers",Maintain emergency PPE stocks and strengthen referral and notification procedures.,The facility needs stronger supervision and refresher training.
R0168,yes,55_plus,male,nurse_midwife,bachelor,11_15,1_5,opd,primary,urban,no,unknown,yes,true,true,true,false,false,true,true,false,true,true,true,true,true,false,true,3,5,3,5,3,4,4,5,5,5,4,4,4,3,4,4,5,4,5,3,2,2,2,3,3,3,4,4,2,3,4,3,3,3,3,3,3,1,3,4,3,3,4,4,4,4,4,4,2,4,4,3,5,3,2,2,4,4,2,2,2,5,1,2,4,2,2,2,3,4,3,1,3,2,3,3,3,3,1,3,often,sometimes,sometimes,often,sometimes,sometimes,often,always,never,sometimes,sometimes,rarely,partial,available,available,partial,available,available,not_available,not_available,available,partial,available,available,available,not_available,available,not_available,partial,not_available,available,partial,yes,yes,yes,yes,yes,yes,yes,yes,dk,dk,yes,yes,yes,yes,no,3,2,2,3,3,4,2,2,3,3,1,1,2,1,2,Limited isolation and waste-management infrastructure,"Training materials, PPE and cleaning supplies","Improve water, sanitation, waste management and PPE availability.",Staff understand IPC but workload can affect compliance.
R0169,yes,45_54,female,nurse_midwife,certificate,gt15,1_5,laboratory,secondary,urban,yes,gt2y,no,true,true,true,false,false,true,true,true,true,true,true,true,true,false,true,4,4,4,3,3,2,3,4,3,4,4,4,3,3,2,1,4,4,4,4,3,2,2,3,4,3,3,3,3,1,5,4,3,3,4,4,4,4,4,2,2,3,4,3,2,5,4,5,4,2,5,4,3,3,2,1,2,2,4,3,3,3,5,3,3,4,4,3,2,2,5,3,3,3,3,4,3,3,4,3,often,often,often,sometimes,sometimes,often,sometimes,sometimes,often,sometimes,sometimes,rarely,available,available,available,available,not_available,available,partial,not_available,available,available,unknown,available,not_available,not_available,not_available,available,available,available,available,available,yes,no,yes,yes,no,yes,yes,no,yes,yes,no,yes,dk,yes,dk,2,2,2,3,2,2,1,4,3,3,3,3,2,1,3,Availability of IPC supplies and management support,"PPE, alcohol-based hand rub and isolation space","Provide a functional isolation area, clear SOPs and regular supervision.",Water supply and PPE availability should be maintained consistently.
R0170,yes,25_34,female,jchew,master,1_5,lt1,maternity,primary,rural,no,unknown,yes,false,true,true,false,false,true,true,false,false,false,true,true,false,false,false,4,3,5,4,3,4,2,4,4,3,4,4,3,3,4,4,3,5,2,5,3,2,3,4,3,3,4,2,4,3,5,3,4,3,3,5,5,4,2,4,3,3,4,4,3,3,3,4,4,3,5,3,2,4,2,2,3,3,3,4,5,4,5,4,3,5,1,5,3,5,4,5,4,4,4,5,5,4,4,3,sometimes,sometimes,sometimes,often,sometimes,sometimes,sometimes,often,sometimes,sometimes,often,sometimes,available,partial,available,available,available,available,not_available,available,available,available,available,partial,not_available,available,available,not_available,partial,partial,not_available,not_available,no,dk,yes,yes,no,yes,no,yes,dk,no,yes,no,dk,yes,yes,5,4,5,5,5,4,3,3,3,5,4,5,4,5,5,Availability of IPC supplies and management support,"PPE, hand-hygiene supplies and running water","Improve water, sanitation, waste management and PPE availability.",Water supply and PPE availability should be maintained consistently.
R0171,yes,55_plus,female,nurse_midwife,master,gt15,gt15,inpatient,primary,urban,yes,7_12m,yes,true,true,false,false,false,true,true,true,true,true,true,true,false,true,true,1,2,2,2,3,1,5,3,4,3,2,3,2,2,3,4,1,3,4,2,3,3,2,3,3,3,2,4,2,3,3,3,3,3,3,1,3,3,2,2,4,2,2,4,3,2,4,2,1,1,3,3,1,4,3,2,3,5,2,3,3,3,2,4,2,2,3,3,2,3,1,2,1,2,2,1,3,3,2,3,sometimes,sometimes,sometimes,rarely,always,rarely,sometimes,rarely,sometimes,often,sometimes,sometimes,available,available,available,available,partial,available,not_available,partial,unknown,not_available,available,available,partial,available,available,available,available,available,unknown,available,no,yes,yes,no,yes,yes,yes,no,no,dk,yes,yes,dk,yes,no,2,3,3,2,4,2,3,1,3,4,3,3,2,3,3,Limited water and hand-hygiene supplies,"Gloves, masks, disinfectants and waste bins","Provide a functional isolation area, clear SOPs and regular supervision.",Regular monitoring and adequate supplies would improve compliance.
R0172,yes,18_24,male,cho,bachelor,6_10,1_5,opd,primary,semiurban,yes,6m,no,true,true,true,false,dk,true,true,true,true,true,true,true,true,false,true,2,2,4,3,3,4,4,3,3,5,4,4,2,3,4,3,2,4,2,3,2,5,3,3,5,5,4,4,2,3,4,3,5,3,4,3,2,3,5,4,3,3,2,4,3,3,3,3,1,3,4,4,3,2,4,4,3,3,2,3,2,1,4,4,2,3,3,3,4,2,2,2,3,4,2,1,2,4,2,3,rarely,often,always,rarely,rarely,na,always,sometimes,always,rarely,sometimes,sometimes,available,available,available,available,partial,available,not_available,available,available,not_available,unknown,available,available,available,available,not_available,available,available,partial,not_available,yes,yes,yes,dk,yes,yes,no,yes,yes,no,yes,yes,yes,yes,yes,3,1,4,2,4,3,3,3,4,4,4,2,4,2,4,High workload and inadequate staffing,"Training materials, PPE and cleaning supplies",Maintain emergency PPE stocks and strengthen referral and notification procedures.,More practical outbreak drills and feedback would be useful.
R0173,yes,25_34,female,cho,certificate,6_10,gt15,community,secondary,urban,no,unknown,yes,true,true,true,false,true,false,true,true,true,true,true,true,true,false,true,3,3,3,4,3,4,3,2,4,4,4,3,1,2,4,2,3,5,3,3,4,3,2,3,2,4,3,2,2,1,3,3,2,4,2,3,3,3,2,4,3,4,3,2,3,3,2,2,4,2,4,3,3,3,3,4,2,3,2,3,3,2,4,2,3,2,3,1,3,3,2,2,2,3,3,3,3,1,2,3,often,sometimes,often,sometimes,sometimes,often,often,always,often,often,always,often,available,not_available,available,partial,available,available,not_available,available,available,partial,available,not_available,not_available,available,not_available,partial,available,available,not_available,partial,yes,yes,dk,yes,no,dk,yes,yes,yes,yes,yes,yes,yes,yes,no,2,2,2,2,2,1,3,3,4,3,2,2,1,2,2,Limited water and hand-hygiene supplies,"PPE, hand-hygiene supplies and running water",Conduct regular IPC and Lassa fever refresher training and outbreak drills.,The facility needs stronger supervision and refresher training.
R0174,yes,35_44,female,environmental_health,hnd,6_10,lt1,community,primary,rural,yes,1_2y,no,dk,true,true,false,dk,true,true,true,true,dk,true,true,true,false,true,5,5,4,1,4,3,4,3,4,3,4,5,4,5,4,4,3,3,3,5,3,3,2,4,4,4,3,2,4,3,2,5,4,5,4,1,4,4,3,1,3,4,3,3,2,4,5,2,3,4,3,5,1,3,4,1,3,2,4,3,3,4,1,3,2,5,3,3,5,2,2,2,3,4,2,4,3,2,1,5,often,often,sometimes,often,often,often,rarely,often,sometimes,often,sometimes,sometimes,partial,available,available,available,partial,available,not_available,partial,available,available,available,available,not_available,available,available,available,not_available,available,available,not_available,yes,yes,dk,no,no,yes,yes,dk,yes,yes,dk,yes,no,yes,dk,3,2,4,3,5,3,3,4,4,3,3,3,3,4,3,Limited water and hand-hygiene supplies,"Water, soap and sharps containers",Conduct regular IPC and Lassa fever refresher training and outbreak drills.,More practical outbreak drills and feedback would be useful.
R0175,yes,25_34,male,environmental_health,bachelor,gt15,1_5,opd,primary,rural,yes,7_12m,no,true,false,true,true,true,true,true,true,dk,true,dk,true,false,dk,true,3,3,5,4,5,4,3,5,2,5,4,3,5,2,5,4,5,5,4,4,4,3,4,3,2,2,4,3,2,5,2,2,4,3,4,5,3,2,3,3,4,2,1,4,5,3,3,2,4,3,3,2,3,4,3,5,3,4,2,3,1,1,3,2,3,3,3,2,4,3,2,3,3,2,3,3,2,3,2,3,sometimes,sometimes,sometimes,rarely,sometimes,sometimes,sometimes,never,sometimes,rarely,never,sometimes,available,available,available,available,not_available,available,available,not_available,available,available,available,available,available,not_available,available,available,partial,available,not_available,available,no,no,dk,yes,dk,dk,no,yes,yes,dk,yes,no,yes,dk,yes,4,2,2,2,2,2,2,3,1,3,3,3,2,2,4,Limited water and hand-hygiene supplies,"Gloves, masks, disinfectants and waste bins","Provide a functional isolation area, clear SOPs and regular supervision.",Staff understand IPC but workload can affect compliance.
R0176,yes,35_44,male,nurse_midwife,bachelor,1_5,1_5,opd,primary,semiurban,yes,6m,yes,true,true,true,true,false,false,false,false,true,false,false,false,true,true,dk,5,2,3,1,3,3,3,1,4,3,3,5,3,3,4,3,2,4,2,3,4,1,4,4,5,2,4,4,4,5,4,3,4,3,3,3,4,3,4,4,4,4,4,4,3,3,2,3,2,2,3,2,3,4,4,1,3,5,3,2,3,1,3,2,4,2,3,2,2,2,2,2,2,3,4,3,4,3,1,1,sometimes,often,often,often,often,often,often,often,often,sometimes,often,always,partial,available,available,not_available,available,available,available,not_available,available,available,available,available,available,available,not_available,available,available,partial,available,available,yes,yes,yes,no,no,yes,dk,dk,yes,no,yes,yes,yes,yes,no,2,3,2,4,2,2,3,3,4,3,4,3,4,4,2,Limited water and hand-hygiene supplies,"Gloves, masks, disinfectants and waste bins",Conduct regular IPC and Lassa fever refresher training and outbreak drills.,More practical outbreak drills and feedback would be useful.
R0177,yes,45_54,female,doctor,diploma,1_5,1_5,maternity,primary,rural,yes,gt2y,yes,true,true,true,false,false,true,true,true,true,true,true,true,true,false,true,4,2,3,3,2,2,3,2,2,2,3,1,2,4,3,3,3,4,3,3,2,1,2,2,3,2,2,2,1,3,1,3,4,3,2,1,5,2,2,1,3,3,2,2,4,4,3,3,2,1,3,2,4,3,3,3,3,4,2,4,1,4,3,3,4,3,3,3,3,1,2,4,2,1,2,2,3,3,3,3,always,often,often,often,often,often,sometimes,sometimes,sometimes,always,often,often,unknown,partial,available,not_available,available,available,available,partial,available,available,partial,available,not_available,not_available,available,available,available,not_available,not_available,not_available,yes,yes,dk,yes,yes,dk,dk,yes,no,dk,no,yes,yes,yes,yes,3,5,2,4,3,3,3,3,2,3,3,4,3,3,4,Insufficient refresher training and supervision,"Water, soap and sharps containers","Improve water, sanitation, waste management and PPE availability.",Regular monitoring and adequate supplies would improve compliance.
R0178,yes,25_34,female,cho,master,6_10,1_5,opd,primary,rural,yes,unknown,no,true,true,true,false,false,false,true,true,dk,true,true,true,true,false,false,5,3,3,4,5,5,5,5,4,4,5,4,3,2,5,4,3,5,4,5,2,4,3,3,3,3,2,4,3,3,3,3,3,2,1,4,3,3,4,5,4,3,3,4,4,2,3,3,4,4,3,3,2,4,3,2,2,4,5,3,2,2,2,3,3,3,4,4,1,3,4,4,3,3,2,4,2,2,4,3,rarely,always,sometimes,sometimes,rarely,often,sometimes,often,sometimes,sometimes,sometimes,sometimes,available,partial,available,available,not_available,available,available,available,not_available,partial,not_available,available,available,available,partial,partial,available,not_available,available,available,yes,yes,no,yes,yes,yes,yes,no,no,yes,yes,dk,dk,yes,no,3,3,3,2,3,1,3,3,3,2,3,2,2,2,3,Limited isolation and waste-management infrastructure,"Training materials, PPE and cleaning supplies",Maintain emergency PPE stocks and strengthen referral and notification procedures.,The facility needs stronger supervision and refresher training.
R0179,yes,18_24,male,chew,hnd,11_15,1_5,paediatric,primary,rural,no,unknown,yes,true,dk,true,dk,false,false,true,true,dk,true,false,dk,true,false,true,3,3,4,4,4,3,4,3,5,4,5,2,3,4,2,3,4,4,3,4,3,4,4,3,3,5,2,4,3,5,4,4,5,4,3,3,4,2,3,3,4,4,3,2,4,3,3,2,3,4,3,2,4,3,4,5,5,4,2,3,3,3,4,2,3,2,4,3,4,3,2,3,2,4,3,3,2,1,3,3,often,always,rarely,sometimes,often,always,often,often,sometimes,often,sometimes,sometimes,available,available,not_available,partial,available,available,available,partial,available,not_available,partial,unknown,not_available,available,not_available,available,available,available,not_available,available,yes,yes,no,yes,no,yes,yes,yes,no,dk,yes,yes,yes,no,yes,2,3,4,2,2,2,4,3,2,3,2,2,3,2,3,Availability of IPC supplies and management support,"PPE, alcohol-based hand rub and isolation space",Maintain emergency PPE stocks and strengthen referral and notification procedures.,Staff understand IPC but workload can affect compliance.
R0180,yes,45_54,male,attendant,diploma,lt1,1_5,maternity,secondary,urban,no,unknown,no,true,false,true,false,false,false,true,true,true,true,false,true,true,true,true,2,3,2,4,3,3,2,3,5,4,5,3,4,3,3,3,4,2,3,5,4,3,3,3,4,3,3,2,4,3,4,4,1,3,4,3,3,2,2,1,3,3,4,1,3,3,3,4,3,4,3,3,4,3,3,4,3,4,4,2,4,3,3,2,3,4,4,4,3,4,5,4,3,3,2,3,3,4,5,3,often,sometimes,often,sometimes,sometimes,sometimes,often,often,often,often,sometimes,often,available,available,available,partial,available,available,partial,available,partial,available,partial,available,not_available,available,not_available,not_available,available,available,not_available,available,yes,yes,yes,no,yes,yes,yes,yes,yes,no,dk,yes,yes,yes,yes,2,1,3,1,3,2,2,2,3,3,4,1,2,3,1,Inconsistent PPE availability,"Gloves, masks, disinfectants and waste bins",Maintain emergency PPE stocks and strengthen referral and notification procedures.,The facility needs stronger supervision and refresher training.
R0181,yes,45_54,female,jchew,hnd,1_5,6_10,inpatient,primary,urban,yes,7_12m,yes,true,false,false,false,false,true,true,true,true,true,true,dk,dk,true,true,3,2,3,4,4,3,3,4,3,2,3,3,4,4,4,4,2,4,4,3,4,4,5,2,3,3,3,5,5,2,3,4,2,3,3,3,4,4,4,3,3,3,3,3,3,3,4,4,5,2,2,4,4,2,2,2,1,2,4,5,2,4,4,3,4,1,3,4,4,3,3,3,3,3,4,2,2,3,3,3,often,always,sometimes,always,sometimes,sometimes,always,always,sometimes,often,often,often,available,partial,available,available,partial,available,not_available,available,available,available,available,available,not_available,not_available,available,available,available,available,partial,available,dk,dk,yes,yes,yes,yes,yes,yes,yes,no,no,dk,no,dk,no,3,3,2,3,1,3,4,3,4,5,4,3,4,2,1,Inconsistent PPE availability,"PPE, hand-hygiene supplies and running water",Conduct routine IPC audits and communicate findings to staff.,Staff understand IPC but workload can affect compliance.
R0182,yes,35_44,female,nurse_midwife,hnd,6_10,1_5,inpatient,primary,rural,yes,unknown,no,false,false,false,false,true,false,dk,true,dk,false,true,true,dk,false,true,4,4,2,3,4,5,3,4,3,3,4,4,3,1,3,2,4,4,4,3,5,3,4,5,2,5,4,4,5,3,5,2,3,4,3,4,4,4,3,5,4,4,5,4,4,3,5,4,5,4,5,5,2,2,1,2,2,3,5,4,3,2,3,4,3,3,4,2,5,2,4,4,2,3,4,4,3,2,3,1,often,always,often,always,rarely,always,always,always,often,often,always,always,available,unknown,available,available,partial,available,not_available,available,available,not_available,available,available,partial,available,available,available,available,not_available,not_available,available,dk,yes,yes,yes,yes,dk,yes,yes,yes,no,yes,yes,yes,no,dk,3,4,4,3,3,4,4,1,4,5,4,3,2,2,4,Insufficient refresher training and supervision,"Water, soap and sharps containers",Conduct routine IPC audits and communicate findings to staff.,Water supply and PPE availability should be maintained consistently.
R0183,yes,45_54,male,chew,diploma,1_5,1_5,inpatient,secondary,semiurban,yes,gt2y,no,true,true,true,false,true,true,false,true,true,true,true,false,true,false,true,2,3,4,3,3,3,5,5,2,3,4,3,4,5,4,2,2,3,5,2,3,4,3,2,3,3,2,3,4,3,2,1,3,3,3,2,3,3,3,2,2,4,3,4,3,3,4,4,4,3,5,3,3,3,2,1,3,2,3,3,4,4,5,4,5,5,4,4,2,4,5,3,3,5,5,3,4,4,4,4,sometimes,sometimes,sometimes,often,often,rarely,rarely,sometimes,rarely,sometimes,often,rarely,available,available,partial,partial,unknown,available,partial,not_available,available,available,partial,not_available,partial,available,not_available,available,available,partial,available,partial,yes,no,yes,yes,no,no,dk,no,yes,no,yes,yes,yes,yes,no,3,4,1,3,2,3,3,4,2,2,3,1,4,3,3,Limited isolation and waste-management infrastructure,"Training materials, PPE and cleaning supplies",Maintain emergency PPE stocks and strengthen referral and notification procedures.,Staff understand IPC but workload can affect compliance.
R0184,yes,45_54,female,jchew,bachelor,6_10,1_5,emergency,primary,rural,no,unknown,no,true,true,true,true,dk,true,true,false,true,true,true,true,false,false,true,3,3,4,1,2,3,4,4,3,4,3,2,3,3,3,3,4,4,2,2,3,3,3,4,4,2,4,1,3,3,3,5,2,3,5,3,4,3,4,4,3,3,3,2,4,2,1,3,3,4,3,3,2,2,2,2,3,4,2,2,4,4,5,5,3,4,5,3,3,5,4,5,2,5,4,4,4,5,4,5,often,rarely,often,always,often,sometimes,often,often,sometimes,often,often,sometimes,available,available,partial,available,partial,available,available,not_available,available,available,partial,available,partial,not_available,available,not_available,not_available,not_available,available,available,no,no,yes,yes,yes,yes,yes,yes,dk,dk,yes,dk,yes,yes,yes,3,3,2,2,2,3,2,3,2,2,2,3,3,3,4,Limited water and hand-hygiene supplies,"Gloves, masks, disinfectants and waste bins",Maintain emergency PPE stocks and strengthen referral and notification procedures.,The facility needs stronger supervision and refresher training.
R0185,yes,45_54,female,cho,master,1_5,1_5,other,primary,urban,yes,7_12m,yes,false,false,false,dk,false,false,dk,true,false,dk,dk,true,dk,dk,false,2,3,1,4,3,2,4,2,3,3,3,3,3,2,4,2,2,3,2,4,2,3,4,2,5,3,3,4,5,2,3,3,3,4,3,4,3,2,2,2,4,3,4,5,2,3,5,4,4,5,3,4,4,4,3,2,3,2,3,5,3,3,3,3,4,3,4,2,3,3,3,3,3,3,4,3,4,2,3,5,sometimes,often,often,often,often,often,na,sometimes,sometimes,always,often,often,available,available,available,partial,available,available,not_available,available,available,partial,available,unknown,not_available,available,partial,not_available,available,not_available,not_available,available,yes,yes,yes,yes,yes,yes,yes,yes,yes,no,no,yes,yes,no,yes,3,3,3,3,3,4,3,5,2,3,3,4,3,4,3,Availability of IPC supplies and management support,"Gloves, masks, disinfectants and waste bins",Conduct routine IPC audits and communicate findings to staff.,The facility needs stronger supervision and refresher training.
R0186,yes,25_34,female,nurse_midwife,hnd,6_10,6_10,other,primary,semiurban,yes,1_2y,yes,true,true,true,false,false,true,true,true,true,true,true,true,true,false,true,5,2,4,2,5,3,4,3,2,4,4,4,5,5,3,3,4,3,4,5,4,4,3,3,4,3,3,3,3,3,2,3,3,3,4,3,4,3,5,3,3,2,4,3,3,4,2,3,4,2,2,3,3,4,4,1,4,4,2,4,3,4,3,4,1,4,3,3,4,4,4,4,5,2,4,5,4,3,3,3,sometimes,often,often,sometimes,rarely,sometimes,always,sometimes,rarely,often,often,often,available,available,partial,partial,available,available,available,available,available,unknown,not_available,partial,partial,available,available,not_available,available,not_available,partial,partial,no,yes,no,yes,no,no,yes,yes,no,yes,no,yes,yes,yes,yes,4,4,2,4,3,4,3,4,4,4,2,3,4,3,3,Limited isolation and waste-management infrastructure,"Training materials, PPE and cleaning supplies",Conduct regular IPC and Lassa fever refresher training and outbreak drills.,Regular monitoring and adequate supplies would improve compliance.
R0187,yes,18_24,male,chew,master,lt1,1_5,emergency,secondary,urban,yes,7_12m,no,true,true,true,false,false,true,true,true,true,true,true,false,true,false,false,4,4,4,4,4,4,3,4,3,3,5,3,4,3,3,4,2,4,3,3,4,4,3,4,3,4,4,4,5,3,3,5,4,3,3,5,4,3,5,4,4,4,5,4,5,3,4,4,3,2,5,3,1,2,4,4,4,4,1,4,2,3,4,2,3,3,3,3,4,3,1,1,3,1,2,2,3,2,4,2,often,rarely,rarely,often,sometimes,sometimes,always,often,sometimes,sometimes,sometimes,often,available,not_available,available,partial,available,available,available,available,available,partial,unknown,available,available,not_available,available,partial,available,available,available,not_available,dk,yes,yes,yes,yes,yes,no,yes,no,dk,no,no,no,yes,yes,4,2,2,3,3,4,5,3,3,3,2,2,4,5,3,Insufficient refresher training and supervision,"Training materials, PPE and cleaning supplies",Maintain emergency PPE stocks and strengthen referral and notification procedures.,Staff understand IPC but workload can affect compliance.
R0188,yes,35_44,male,other,diploma,gt15,1_5,opd,primary,urban,yes,6m,no,false,true,dk,true,dk,true,false,true,false,true,dk,true,false,false,false,2,3,3,2,3,2,1,3,3,2,3,3,2,2,3,4,4,3,2,3,3,2,3,5,3,4,4,2,3,3,3,2,4,3,3,4,3,4,1,3,2,3,2,2,1,3,3,3,2,2,3,4,3,3,4,4,3,3,3,3,3,3,4,4,4,4,1,3,4,3,5,4,3,4,3,5,3,3,4,2,rarely,sometimes,sometimes,sometimes,often,sometimes,sometimes,sometimes,never,sometimes,sometimes,sometimes,available,available,available,available,available,available,available,available,available,not_available,available,available,available,available,partial,available,available,available,not_available,available,no,dk,yes,no,no,dk,yes,yes,dk,dk,dk,yes,no,dk,no,1,2,3,3,3,2,3,3,5,4,2,1,2,2,3,Insufficient refresher training and supervision,"PPE, alcohol-based hand rub and isolation space",Conduct regular IPC and Lassa fever refresher training and outbreak drills.,More practical outbreak drills and feedback would be useful.
R0189,yes,25_34,female,cho,diploma,gt15,gt15,inpatient,secondary,semiurban,yes,gt2y,no,true,false,false,dk,true,true,true,false,false,true,dk,false,false,dk,true,5,4,4,5,5,5,2,4,3,3,3,3,3,4,2,4,4,3,3,3,2,3,4,3,4,5,3,3,2,3,1,5,5,4,3,3,3,4,2,3,4,3,4,4,3,3,3,4,3,2,3,2,4,4,4,4,3,3,3,2,4,2,3,4,1,3,2,2,3,3,5,3,3,3,3,3,2,3,4,3,sometimes,often,sometimes,sometimes,sometimes,always,always,often,sometimes,sometimes,often,often,available,not_available,available,available,available,available,available,available,available,partial,available,not_available,partial,partial,not_available,not_available,available,available,not_available,available,yes,yes,no,yes,dk,no,yes,yes,yes,yes,yes,yes,dk,dk,no,4,3,1,5,2,2,4,4,3,5,4,4,4,3,2,Availability of IPC supplies and management support,"Training materials, PPE and cleaning supplies","Improve water, sanitation, waste management and PPE availability.",The facility needs stronger supervision and refresher training.
R0190,yes,35_44,male,chew,bachelor,11_15,6_10,environmental,secondary,urban,yes,1_2y,no,true,dk,dk,false,true,false,true,dk,false,true,true,true,dk,false,true,4,3,2,4,3,4,2,3,2,3,3,2,5,4,4,4,2,2,3,2,2,3,2,5,2,1,2,2,1,1,2,3,4,1,1,4,2,1,2,2,2,2,2,2,2,3,2,2,2,3,2,2,2,3,5,3,3,3,3,2,2,1,3,4,1,2,3,2,1,3,2,5,3,1,1,2,1,2,3,1,often,rarely,sometimes,sometimes,rarely,rarely,never,sometimes,often,sometimes,sometimes,rarely,available,available,available,not_available,available,available,available,available,available,available,partial,available,not_available,available,not_available,partial,available,available,not_available,partial,dk,dk,yes,no,yes,no,no,yes,no,no,yes,yes,no,yes,yes,3,1,3,5,3,3,3,4,3,2,3,3,3,2,3,High workload and inadequate staffing,"Water, soap and sharps containers",Conduct routine IPC audits and communicate findings to staff.,More practical outbreak drills and feedback would be useful.
R0191,yes,25_34,male,lab,master,gt15,11_15,laboratory,primary,rural,no,unknown,yes,true,false,true,false,false,true,true,true,dk,true,true,true,true,false,true,2,3,4,3,3,3,3,2,5,2,3,2,4,4,4,2,2,3,2,3,3,3,2,3,5,2,3,4,5,4,4,3,5,4,4,4,4,4,4,3,3,4,5,4,4,4,5,5,5,5,4,5,5,4,2,3,2,3,5,4,3,2,3,2,3,2,3,3,4,2,3,3,4,4,1,2,1,4,3,4,often,often,sometimes,sometimes,sometimes,rarely,sometimes,sometimes,rarely,sometimes,sometimes,often,available,not_available,partial,available,available,available,available,not_available,available,available,available,available,available,partial,not_available,partial,available,not_available,not_available,partial,yes,yes,yes,yes,yes,yes,no,yes,yes,no,yes,no,yes,yes,yes,2,4,3,2,1,2,3,4,2,3,3,2,4,2,2,High workload and inadequate staffing,"Water, soap and sharps containers",Conduct regular IPC and Lassa fever refresher training and outbreak drills.,Staff understand IPC but workload can affect compliance.
R0192,yes,35_44,female,lab,bachelor,1_5,6_10,environmental,secondary,urban,yes,7_12m,yes,true,true,true,true,true,dk,true,dk,true,true,true,true,false,false,true,4,4,4,4,3,4,5,4,5,5,3,4,3,3,4,4,4,3,5,4,3,2,3,3,5,5,4,5,4,3,4,2,3,3,2,2,4,3,3,3,3,3,2,3,3,4,5,4,3,3,4,1,1,2,2,1,2,3,4,4,4,3,4,2,3,3,5,2,4,3,3,4,3,3,4,2,3,2,3,3,rarely,often,often,often,sometimes,sometimes,always,often,rarely,often,sometimes,often,not_available,available,partial,available,available,partial,not_available,not_available,available,available,available,not_available,available,not_available,unknown,not_available,partial,available,not_available,partial,no,yes,yes,no,dk,yes,yes,yes,no,dk,yes,yes,no,dk,dk,3,1,5,4,3,2,3,3,2,3,3,3,2,2,2,Availability of IPC supplies and management support,"PPE, alcohol-based hand rub and isolation space",Conduct routine IPC audits and communicate findings to staff.,More practical outbreak drills and feedback would be useful.
R0193,yes,25_34,female,attendant,master,11_15,6_10,emergency,secondary,urban,yes,6m,no,true,true,true,true,false,true,true,true,true,true,false,true,false,dk,false,4,4,4,3,3,4,3,3,4,4,2,4,3,2,4,2,2,4,3,5,3,4,3,4,5,5,4,4,4,3,3,5,2,4,3,4,4,4,3,3,3,2,4,3,4,2,4,4,3,4,3,2,2,3,2,3,2,4,2,3,3,4,4,4,5,4,1,5,3,5,2,4,2,2,5,3,2,4,4,3,often,sometimes,often,often,often,always,often,often,sometimes,always,sometimes,often,available,available,partial,not_available,partial,available,not_available,partial,not_available,available,partial,available,available,not_available,partial,available,available,available,available,available,yes,yes,dk,yes,no,yes,no,yes,yes,no,yes,no,dk,yes,yes,5,2,2,3,5,4,2,4,3,4,3,4,4,3,4,Availability of IPC supplies and management support,"Water, soap and sharps containers","Provide a functional isolation area, clear SOPs and regular supervision.",The facility needs stronger supervision and refresher training.
R0194,yes,35_44,male,doctor,master,gt15,lt1,inpatient,primary,rural,no,unknown,no,true,true,true,false,false,true,true,true,false,dk,true,true,false,false,true,4,4,4,4,4,5,4,3,3,4,3,4,3,5,4,4,4,5,3,5,4,4,3,2,2,3,3,3,3,4,3,1,3,2,3,4,3,2,3,2,2,3,3,3,3,5,3,4,5,3,3,4,3,2,3,3,2,2,3,3,4,4,4,5,2,5,5,4,4,3,4,5,3,4,5,4,5,4,2,5,never,often,never,sometimes,na,rarely,sometimes,never,rarely,sometimes,often,never,available,partial,available,available,available,available,partial,not_available,not_available,partial,available,partial,available,partial,available,available,partial,available,partial,available,no,no,yes,yes,yes,no,dk,yes,yes,yes,yes,dk,no,yes,yes,1,2,3,3,2,3,3,2,1,2,2,1,3,3,3,High workload and inadequate staffing,"PPE, alcohol-based hand rub and isolation space",Conduct routine IPC audits and communicate findings to staff.,Regular monitoring and adequate supplies would improve compliance.
R0195,yes,35_44,female,attendant,doctorate,gt15,1_5,opd,primary,rural,yes,1_2y,no,true,dk,true,true,true,false,true,true,true,true,false,true,false,false,dk,3,2,5,5,4,3,2,4,3,3,1,2,4,3,5,4,2,1,5,4,4,2,3,2,4,4,3,5,3,3,2,3,2,2,4,4,3,4,5,3,3,4,4,2,4,5,3,2,3,2,4,1,3,3,3,4,4,4,4,4,3,3,3,3,2,2,2,1,2,3,2,3,4,3,4,3,5,3,4,3,rarely,rarely,sometimes,sometimes,rarely,rarely,na,rarely,often,sometimes,sometimes,sometimes,available,available,available,available,partial,available,partial,available,available,partial,available,partial,available,available,available,partial,available,not_available,partial,available,no,yes,no,yes,no,no,yes,no,no,no,yes,yes,yes,yes,yes,2,4,4,4,4,3,4,3,2,4,3,4,3,4,3,Availability of IPC supplies and management support,"Water, soap and sharps containers","Provide a functional isolation area, clear SOPs and regular supervision.",The facility needs stronger supervision and refresher training.
R0196,yes,45_54,female,cho,bachelor,1_5,11_15,laboratory,secondary,rural,no,unknown,yes,false,true,true,false,false,true,true,dk,true,true,true,dk,false,false,true,2,2,1,4,3,3,3,1,5,2,1,5,3,2,3,4,3,2,4,3,3,2,3,4,3,2,1,3,1,3,3,3,2,2,2,3,1,2,1,2,3,2,3,3,4,2,3,3,2,1,2,1,3,2,3,4,4,4,2,3,2,2,3,2,2,3,2,3,2,3,2,2,3,3,2,4,3,2,1,4,often,often,often,often,often,often,rarely,often,sometimes,sometimes,always,often,available,available,available,available,available,available,available,partial,available,partial,partial,available,partial,not_available,not_available,available,available,partial,available,not_available,dk,dk,yes,no,yes,no,yes,yes,yes,yes,yes,no,no,dk,yes,4,2,3,3,3,2,3,4,5,2,2,3,3,2,3,Limited isolation and waste-management infrastructure,"Training materials, PPE and cleaning supplies","Improve water, sanitation, waste management and PPE availability.",Staff understand IPC but workload can affect compliance.
R0197,yes,25_34,female,cho,bachelor,6_10,1_5,opd,primary,urban,no,unknown,no,true,false,true,false,true,true,false,true,true,true,dk,true,true,false,true,2,3,5,3,3,4,2,2,3,2,2,4,2,2,3,3,4,3,4,3,3,3,3,3,3,3,2,3,4,3,2,1,4,3,5,3,2,3,3,4,3,3,1,3,3,1,3,3,2,3,2,2,3,2,3,3,4,4,2,1,4,2,4,3,4,3,2,4,4,4,2,4,3,3,4,3,3,5,3,4,sometimes,sometimes,often,sometimes,rarely,sometimes,sometimes,sometimes,often,often,sometimes,sometimes,available,not_available,available,available,available,available,unknown,partial,available,available,available,available,available,available,unknown,available,available,available,partial,available,no,no,yes,no,yes,dk,yes,yes,no,no,no,yes,no,yes,dk,2,3,4,4,2,3,2,3,4,3,4,4,3,5,2,Inconsistent PPE availability,"PPE, hand-hygiene supplies and running water",Conduct regular IPC and Lassa fever refresher training and outbreak drills.,Water supply and PPE availability should be maintained consistently.
R0198,yes,35_44,male,jchew,bachelor,1_5,1_5,laboratory,primary,urban,no,unknown,yes,false,true,true,dk,false,true,true,true,true,true,true,dk,true,false,true,4,2,2,2,1,2,2,3,3,3,3,4,3,5,3,4,5,4,2,2,2,4,3,4,2,3,2,3,3,3,3,3,3,4,3,4,4,5,4,4,3,5,3,4,1,4,1,4,4,3,4,4,4,1,1,2,3,3,4,4,4,5,3,3,4,2,5,3,4,5,3,4,4,4,4,4,5,4,4,5,always,rarely,often,often,sometimes,sometimes,rarely,rarely,never,sometimes,rarely,often,available,partial,available,available,available,available,not_available,not_available,not_available,not_available,not_available,available,not_available,partial,partial,not_available,available,available,available,available,yes,yes,yes,yes,no,yes,yes,yes,yes,dk,yes,yes,dk,yes,yes,3,3,4,2,2,4,4,4,3,2,3,2,3,4,2,Inconsistent PPE availability,"PPE, hand-hygiene supplies and running water","Improve water, sanitation, waste management and PPE availability.",Staff understand IPC but workload can affect compliance.
R0199,yes,35_44,female,chew,diploma,1_5,lt1,emergency,primary,rural,no,unknown,yes,true,true,true,false,false,true,true,true,dk,true,true,true,true,false,true,4,2,4,4,5,4,2,2,5,5,4,3,3,3,4,4,3,2,3,4,4,2,2,2,3,4,4,2,4,3,1,4,3,4,5,4,4,3,2,4,3,3,2,2,4,2,3,4,4,1,2,2,3,4,4,4,2,3,3,4,3,2,3,3,4,2,2,4,3,4,4,3,3,4,5,3,4,3,3,4,sometimes,rarely,rarely,rarely,often,sometimes,often,often,never,sometimes,rarely,often,not_available,not_available,partial,partial,not_available,partial,available,not_available,available,partial,available,available,available,available,not_available,partial,available,available,not_available,available,yes,yes,yes,yes,no,yes,no,yes,yes,dk,dk,no,yes,yes,no,3,3,3,3,2,4,2,3,5,2,2,1,4,4,3,Insufficient refresher training and supervision,"PPE, hand-hygiene supplies and running water",Maintain emergency PPE stocks and strengthen referral and notification procedures.,Staff understand IPC but workload can affect compliance.
R0200,yes,25_34,male,other,hnd,gt15,1_5,opd,primary,urban,no,unknown,yes,false,true,true,false,false,false,true,true,true,true,true,true,true,false,true,4,4,3,4,4,4,2,3,3,4,4,2,3,5,3,3,2,5,3,3,5,3,4,5,4,5,3,2,2,4,3,2,5,4,5,3,3,4,5,4,3,5,2,2,4,2,5,5,5,2,5,4,5,3,2,2,3,2,3,4,3,4,3,3,2,3,3,5,3,2,4,4,2,3,2,3,3,4,3,5,sometimes,sometimes,sometimes,always,always,sometimes,sometimes,rarely,often,sometimes,sometimes,rarely,available,available,available,available,available,available,available,available,partial,available,not_available,available,partial,available,available,available,partial,partial,available,partial,dk,yes,yes,yes,yes,yes,no,yes,yes,no,dk,dk,yes,yes,no,4,5,4,4,4,3,4,2,3,2,4,3,3,4,4,Limited isolation and waste-management infrastructure,"Gloves, masks, disinfectants and waste bins",Maintain emergency PPE stocks and strengthen referral and notification procedures.,The facility needs stronger supervision and refresher training.
R0201,yes,25_34,male,chew,diploma,11_15,gt15,laboratory,secondary,urban,yes,1_2y,yes,true,true,true,dk,false,true,true,true,true,true,true,true,true,false,true,4,1,2,4,5,3,2,3,3,4,3,3,2,3,2,4,2,4,2,5,3,4,4,4,2,2,2,4,3,3,2,2,4,5,2,3,3,2,4,2,2,4,3,2,1,4,2,4,4,2,2,3,2,3,3,4,4,5,3,4,3,3,4,4,2,3,2,3,5,2,4,3,1,2,4,3,5,1,4,3,sometimes,sometimes,often,sometimes,often,rarely,often,rarely,rarely,sometimes,often,sometimes,partial,available,partial,not_available,available,available,available,available,available,available,not_available,available,available,available,available,not_available,not_available,available,available,unknown,yes,yes,dk,yes,yes,no,no,yes,dk,yes,no,yes,dk,no,yes,3,3,5,4,4,3,3,5,5,3,3,2,5,3,3,Limited isolation and waste-management infrastructure,"Water, soap and sharps containers","Improve water, sanitation, waste management and PPE availability.",Regular monitoring and adequate supplies would improve compliance.
R0202,yes,25_34,male,nurse_midwife,diploma,6_10,11_15,opd,primary,rural,yes,7_12m,no,true,true,true,false,false,true,true,true,true,true,true,true,false,false,true,3,5,2,5,4,4,3,3,4,5,2,4,5,2,3,3,2,5,4,5,3,1,2,2,2,3,2,3,3,2,2,5,3,3,2,3,2,2,5,2,1,2,4,1,2,5,5,4,1,2,4,5,2,3,2,2,3,3,4,2,2,3,3,3,3,1,3,3,3,2,3,2,2,5,4,3,4,4,3,3,always,often,rarely,always,often,often,often,often,often,often,always,sometimes,available,available,partial,not_available,available,available,not_available,available,available,available,available,available,available,available,available,available,available,available,unknown,available,yes,yes,yes,yes,no,no,no,yes,no,no,no,yes,yes,no,dk,3,3,3,4,2,3,5,2,2,2,2,3,4,3,3,Limited water and hand-hygiene supplies,"Water, soap and sharps containers",Conduct routine IPC audits and communicate findings to staff.,Staff understand IPC but workload can affect compliance.
R0203,yes,25_34,female,jchew,certificate,6_10,6_10,maternity,primary,urban,yes,gt2y,yes,false,false,true,true,false,true,false,true,true,true,false,true,true,dk,true,4,3,4,3,5,5,2,4,5,5,5,5,5,3,3,5,4,4,5,2,4,4,3,2,4,3,3,2,3,4,3,2,2,2,4,3,3,2,3,3,1,1,3,4,3,4,3,2,1,2,2,3,3,5,4,4,5,5,2,2,3,4,2,3,1,5,2,3,4,2,3,2,3,4,3,2,3,2,2,2,often,always,often,rarely,sometimes,often,sometimes,sometimes,always,sometimes,often,always,not_available,not_available,not_available,available,available,available,available,partial,available,available,available,available,available,partial,available,available,available,not_available,partial,available,no,yes,dk,no,yes,yes,yes,no,yes,dk,yes,dk,dk,no,yes,3,3,3,3,4,4,2,4,4,4,2,4,2,2,3,Insufficient refresher training and supervision,"Training materials, PPE and cleaning supplies",Maintain emergency PPE stocks and strengthen referral and notification procedures.,Regular monitoring and adequate supplies would improve compliance.
R0204,yes,45_54,female,doctor,bachelor,1_5,6_10,opd,primary,semiurban,yes,gt2y,no,true,false,true,true,false,true,true,true,false,true,true,true,true,false,true,3,2,5,4,3,4,3,3,5,4,4,3,4,3,3,3,5,4,3,5,1,4,3,3,5,3,3,2,4,4,4,3,3,3,3,2,4,4,4,2,3,4,4,2,3,5,3,5,4,5,4,4,4,3,2,1,1,3,5,4,2,3,1,3,5,4,5,3,3,5,3,5,2,4,2,2,2,3,1,1,always,always,often,always,always,often,always,always,always,often,often,always,not_available,available,available,available,available,available,available,available,available,available,partial,available,partial,available,available,available,available,partial,available,available,no,yes,yes,yes,no,no,no,yes,yes,dk,no,yes,no,dk,yes,4,3,3,5,4,5,5,5,4,3,5,4,2,4,3,Availability of IPC supplies and management support,"Training materials, PPE and cleaning supplies",Conduct routine IPC audits and communicate findings to staff.,Staff understand IPC but workload can affect compliance.
R0205,yes,18_24,male,attendant,hnd,1_5,lt1,environmental,secondary,semiurban,no,unknown,no,true,true,true,false,true,true,true,true,true,true,true,dk,false,false,false,3,5,4,4,4,4,3,5,4,4,3,3,4,5,5,5,4,4,2,4,5,5,3,4,5,4,4,3,4,4,4,5,3,4,4,5,3,4,2,3,3,5,2,3,5,3,3,2,2,3,3,4,3,3,2,4,3,2,3,3,4,5,2,3,3,4,3,2,3,4,2,3,1,2,3,3,3,3,3,2,often,always,always,often,often,always,always,always,always,often,often,often,available,available,available,not_available,available,available,partial,partial,available,partial,available,available,not_available,partial,available,available,not_available,available,not_available,partial,yes,yes,no,yes,yes,yes,yes,yes,no,no,no,no,yes,no,no,2,4,1,1,4,3,3,4,2,3,3,3,4,3,2,Inconsistent PPE availability,"Water, soap and sharps containers",Conduct regular IPC and Lassa fever refresher training and outbreak drills.,Water supply and PPE availability should be maintained consistently.
R0206,yes,25_34,female,chew,master,1_5,6_10,opd,secondary,rural,yes,1_2y,yes,true,false,dk,dk,false,false,false,dk,true,false,true,false,dk,false,false,2,3,4,3,3,3,3,4,4,1,3,3,3,3,3,4,3,3,4,2,2,4,1,3,3,2,3,4,2,3,2,3,2,3,3,4,2,3,3,5,4,2,4,3,5,3,1,1,1,2,3,1,2,3,4,3,2,3,3,2,3,2,3,3,4,4,4,3,2,2,5,1,4,3,2,1,2,3,3,4,often,rarely,always,often,often,always,often,always,sometimes,often,often,always,available,available,available,partial,not_available,available,available,available,available,available,available,available,not_available,available,not_available,available,available,available,available,partial,yes,yes,yes,yes,yes,yes,yes,yes,no,yes,dk,yes,no,yes,yes,2,3,3,2,1,2,2,4,3,3,3,4,3,2,3,Insufficient refresher training and supervision,"Training materials, PPE and cleaning supplies",Conduct regular IPC and Lassa fever refresher training and outbreak drills.,Regular monitoring and adequate supplies would improve compliance.
R0207,yes,35_44,female,nurse_midwife,bachelor,6_10,gt15,opd,primary,rural,yes,1_2y,yes,true,true,true,false,dk,true,true,true,true,true,true,true,false,false,true,5,3,3,5,4,5,5,4,5,4,5,4,4,3,3,4,5,3,5,3,2,3,3,2,4,3,3,4,4,5,2,4,3,2,3,3,3,4,4,3,1,3,3,3,4,3,4,4,4,3,3,5,2,3,3,3,2,4,3,4,2,2,4,1,4,1,3,3,4,1,2,4,3,2,3,2,2,4,3,2,often,sometimes,often,sometimes,often,often,rarely,sometimes,often,often,sometimes,often,available,available,partial,not_available,partial,available,available,not_available,available,available,partial,available,not_available,available,available,available,available,not_available,available,not_available,yes,yes,yes,yes,yes,yes,dk,yes,yes,yes,yes,no,dk,yes,yes,2,1,3,2,2,3,2,2,2,1,3,1,3,3,4,Insufficient refresher training and supervision,"Gloves, masks, disinfectants and waste bins",Maintain emergency PPE stocks and strengthen referral and notification procedures.,Regular monitoring and adequate supplies would improve compliance.
R0208,yes,35_44,male,nurse_midwife,hnd,6_10,1_5,community,primary,semiurban,no,unknown,no,false,false,false,false,true,true,true,false,true,true,false,false,true,false,true,4,3,3,3,4,4,3,4,3,4,3,4,4,3,4,2,3,3,3,2,4,3,3,3,4,4,4,3,5,3,3,5,5,3,4,4,5,3,5,4,2,4,3,2,3,4,5,5,5,4,4,3,4,1,1,1,2,3,5,4,1,4,1,4,4,3,4,3,2,3,3,3,2,3,4,3,5,3,4,4,rarely,sometimes,often,always,often,sometimes,rarely,sometimes,often,sometimes,sometimes,rarely,available,available,partial,partial,partial,unknown,available,available,available,available,available,available,available,unknown,not_available,not_available,available,not_available,not_available,available,no,yes,no,yes,no,no,yes,dk,yes,no,yes,yes,yes,yes,no,2,1,2,4,2,3,1,3,3,3,2,3,3,1,1,Availability of IPC supplies and management support,"Water, soap and sharps containers",Conduct routine IPC audits and communicate findings to staff.,Regular monitoring and adequate supplies would improve compliance.
R0209,yes,55_plus,male,attendant,diploma,1_5,1_5,opd,primary,rural,yes,7_12m,no,true,true,true,true,false,true,true,false,dk,true,true,true,true,false,false,4,3,2,3,2,2,2,3,2,2,4,3,2,2,2,2,3,4,2,4,3,1,3,3,3,4,2,2,2,3,2,4,3,2,3,4,2,1,2,2,3,2,4,3,4,1,2,2,3,1,3,2,1,5,5,5,5,5,3,2,2,3,5,3,2,1,2,4,3,4,2,4,3,4,2,3,2,2,3,1,often,sometimes,rarely,sometimes,often,often,often,rarely,often,sometimes,often,sometimes,partial,available,available,not_available,available,available,available,available,available,available,available,partial,available,available,available,available,not_available,partial,not_available,not_available,yes,yes,yes,yes,no,dk,yes,dk,yes,yes,no,yes,yes,yes,yes,4,3,2,2,3,3,3,2,2,2,4,2,2,2,1,Availability of IPC supplies and management support,"Training materials, PPE and cleaning supplies","Improve water, sanitation, waste management and PPE availability.",Regular monitoring and adequate supplies would improve compliance.
R0210,yes,18_24,female,cho,bachelor,6_10,lt1,opd,secondary,rural,yes,6m,yes,false,dk,false,dk,false,true,dk,dk,true,true,false,true,true,false,true,3,3,3,3,4,4,4,2,2,5,4,5,3,4,3,4,2,4,3,5,3,2,2,3,2,4,4,3,5,3,2,1,4,2,2,3,4,3,3,4,3,3,4,3,3,3,4,5,4,5,5,3,3,2,3,3,3,3,4,3,5,4,3,2,3,1,4,3,3,1,3,3,3,3,4,2,4,3,4,4,often,often,often,rarely,rarely,often,sometimes,rarely,sometimes,often,sometimes,rarely,unknown,available,available,available,available,partial,unknown,not_available,available,available,available,available,available,available,not_available,not_available,available,not_available,available,available,yes,no,no,yes,no,no,yes,yes,yes,yes,dk,yes,yes,no,yes,3,2,3,2,3,3,5,5,4,3,3,3,3,3,5,High workload and inadequate staffing,"Training materials, PPE and cleaning supplies",Maintain emergency PPE stocks and strengthen referral and notification procedures.,More practical outbreak drills and feedback would be useful.
R0211,yes,25_34,female,nurse_midwife,diploma,6_10,1_5,theatre,secondary,semiurban,yes,6m,yes,true,true,true,true,false,true,false,true,true,true,true,true,false,dk,true,1,3,5,2,3,2,4,4,3,1,4,2,2,3,3,2,2,2,3,4,1,3,3,3,4,3,3,4,1,2,3,2,3,2,4,4,5,3,2,3,2,4,3,4,4,4,4,3,4,5,3,2,5,3,2,2,3,2,4,5,2,3,2,3,3,3,3,2,3,1,4,5,3,3,4,4,2,4,4,3,sometimes,rarely,rarely,never,rarely,sometimes,rarely,rarely,often,sometimes,sometimes,rarely,partial,available,available,available,available,not_available,available,available,available,available,partial,available,available,partial,available,not_available,available,available,partial,available,yes,no,yes,yes,yes,yes,dk,yes,yes,no,no,dk,no,yes,no,3,3,3,4,3,2,4,5,4,3,3,4,3,2,4,Availability of IPC supplies and management support,"Gloves, masks, disinfectants and waste bins",Conduct regular IPC and Lassa fever refresher training and outbreak drills.,More practical outbreak drills and feedback would be useful.
R0212,yes,35_44,male,cho,master,11_15,1_5,paediatric,secondary,semiurban,yes,unknown,yes,true,true,true,false,false,true,true,false,true,false,true,true,true,false,dk,4,3,4,5,2,3,4,3,5,3,3,2,3,4,3,3,4,2,3,4,5,4,5,5,3,5,4,4,4,5,5,5,2,4,4,5,4,4,5,3,5,4,4,4,3,2,2,5,2,3,5,4,5,1,3,4,3,4,4,3,4,2,3,4,3,3,3,4,2,2,3,4,4,3,3,5,3,2,4,3,sometimes,always,often,always,often,always,often,often,always,always,always,often,not_available,available,available,available,available,available,partial,not_available,available,available,available,available,available,available,not_available,available,available,available,not_available,available,yes,dk,yes,yes,yes,yes,yes,yes,no,no,yes,no,no,yes,yes,2,3,4,2,3,3,5,3,5,4,3,3,2,4,4,High workload and inadequate staffing,"Gloves, masks, disinfectants and waste bins",Maintain emergency PPE stocks and strengthen referral and notification procedures.,Regular monitoring and adequate supplies would improve compliance.
R0213,yes,25_34,female,nurse_midwife,diploma,6_10,1_5,laboratory,primary,rural,yes,6m,yes,true,false,dk,true,false,false,false,false,true,false,false,false,false,true,false,2,3,4,2,3,3,2,2,3,3,4,3,4,4,3,2,2,3,3,2,2,3,3,3,3,4,3,2,1,1,3,4,3,3,3,2,3,2,3,1,2,3,3,3,3,2,1,3,2,3,4,2,1,3,4,5,3,4,2,2,4,3,3,3,4,3,4,2,4,3,4,2,3,4,5,4,3,4,3,2,rarely,often,often,sometimes,rarely,sometimes,often,always,na,often,sometimes,often,available,partial,not_available,partial,available,available,not_available,partial,available,available,partial,available,partial,available,available,not_available,partial,available,available,available,yes,dk,yes,yes,dk,yes,yes,no,no,dk,no,no,dk,yes,no,4,4,3,3,1,4,3,2,4,3,3,3,4,3,4,Inconsistent PPE availability,"Gloves, masks, disinfectants and waste bins",Conduct regular IPC and Lassa fever refresher training and outbreak drills.,Regular monitoring and adequate supplies would improve compliance.
R0214,yes,18_24,male,attendant,hnd,gt15,1_5,emergency,secondary,rural,yes,6m,yes,true,false,true,false,dk,false,dk,true,true,true,true,true,true,false,true,5,3,3,4,2,5,4,2,2,2,2,3,3,3,2,2,4,3,2,2,4,4,3,2,3,5,2,4,2,2,1,3,2,4,3,3,4,3,3,2,4,2,3,3,3,5,4,3,2,3,1,3,3,3,3,1,2,3,2,3,4,3,2,3,3,3,2,2,4,3,3,2,3,3,2,1,4,3,4,4,rarely,often,rarely,always,often,often,rarely,rarely,rarely,often,na,sometimes,available,partial,available,available,available,available,not_available,partial,partial,partial,available,available,available,not_available,not_available,available,available,partial,partial,available,yes,no,yes,yes,yes,dk,yes,no,yes,no,dk,yes,dk,no,yes,4,4,3,4,3,5,4,4,3,5,4,3,3,4,4,Insufficient refresher training and supervision,"PPE, alcohol-based hand rub and isolation space","Improve water, sanitation, waste management and PPE availability.",Water supply and PPE availability should be maintained consistently.
R0215,yes,25_34,female,cho,bachelor,6_10,1_5,laboratory,secondary,rural,no,unknown,no,false,true,true,dk,false,false,dk,false,false,true,dk,false,true,true,dk,4,4,3,3,3,4,3,4,3,1,3,5,2,4,4,3,3,3,4,5,3,2,4,2,2,4,4,3,3,4,4,3,4,3,4,3,2,2,3,2,2,3,3,3,3,3,3,4,3,3,3,4,2,3,3,2,3,3,4,4,2,3,4,3,4,3,2,3,4,3,2,2,3,3,4,4,3,2,3,1,sometimes,often,sometimes,sometimes,rarely,always,often,sometimes,always,often,always,often,partial,available,not_available,not_available,available,unknown,available,available,not_available,available,partial,available,partial,partial,not_available,partial,not_available,partial,available,available,no,no,dk,no,yes,no,yes,yes,no,no,no,no,no,dk,no,4,4,2,3,2,3,3,3,3,2,3,3,3,2,5,High workload and inadequate staffing,"PPE, alcohol-based hand rub and isolation space",Conduct routine IPC audits and communicate findings to staff.,Water supply and PPE availability should be maintained consistently.
R0216,yes,55_plus,male,chew,bachelor,lt1,6_10,maternity,primary,rural,yes,6m,yes,true,true,false,false,false,true,false,true,dk,false,true,true,true,false,true,2,3,3,2,3,3,4,2,2,3,2,3,3,2,2,3,4,3,3,3,3,3,4,3,4,3,2,3,3,4,5,3,3,2,5,5,4,4,4,4,3,4,5,4,2,4,4,3,3,5,2,3,4,2,3,4,2,3,2,3,3,4,3,2,2,3,2,3,3,3,3,4,3,4,2,2,2,4,2,3,sometimes,sometimes,always,sometimes,sometimes,often,rarely,often,rarely,often,always,sometimes,partial,available,available,not_available,available,available,partial,available,partial,partial,not_available,available,available,available,available,not_available,available,partial,available,available,yes,yes,no,yes,yes,yes,yes,no,no,yes,yes,yes,yes,dk,yes,3,2,5,3,3,3,3,3,4,3,2,5,2,3,3,Limited isolation and waste-management infrastructure,"Training materials, PPE and cleaning supplies",Conduct regular IPC and Lassa fever refresher training and outbreak drills.,The facility needs stronger supervision and refresher training.
R0217,yes,45_54,female,chew,hnd,1_5,6_10,pharmacy,primary,rural,yes,6m,no,true,true,true,false,true,true,false,false,false,false,true,true,true,false,true,4,4,4,3,4,3,3,2,5,2,3,4,2,1,5,2,4,4,5,3,3,2,4,4,5,4,4,5,3,4,4,4,4,1,3,3,5,3,3,3,3,4,4,3,5,4,2,4,1,4,2,2,2,3,4,1,3,2,4,4,3,3,4,2,1,5,3,3,4,2,3,4,5,3,2,1,2,3,3,3,always,often,often,always,often,often,often,often,often,often,often,sometimes,available,available,available,partial,available,partial,partial,available,available,available,available,available,not_available,not_available,available,partial,available,unknown,available,available,yes,no,yes,no,no,no,yes,yes,yes,yes,no,yes,dk,no,dk,4,4,5,4,4,4,2,3,3,3,3,2,4,3,4,Inconsistent PPE availability,"PPE, hand-hygiene supplies and running water",Conduct routine IPC audits and communicate findings to staff.,More practical outbreak drills and feedback would be useful.
R0218,yes,25_34,female,nurse_midwife,bachelor,6_10,1_5,opd,secondary,urban,yes,7_12m,no,dk,dk,false,false,dk,true,true,false,false,false,false,false,true,false,true,3,3,2,3,2,2,4,1,4,3,2,4,3,3,2,1,4,3,3,2,1,4,2,2,3,2,2,4,1,2,2,3,2,5,2,4,4,2,3,1,2,4,2,1,3,3,2,3,3,3,2,2,2,3,3,3,2,2,3,3,4,1,4,4,4,3,3,4,3,2,4,4,4,5,3,3,2,4,1,3,sometimes,sometimes,sometimes,often,rarely,sometimes,rarely,sometimes,often,always,sometimes,na,partial,available,partial,available,available,available,available,available,available,partial,partial,available,not_available,available,available,not_available,available,partial,not_available,partial,no,no,no,yes,no,yes,yes,yes,yes,no,yes,no,dk,yes,no,3,4,2,3,2,3,3,3,3,2,2,2,3,2,2,Availability of IPC supplies and management support,"Training materials, PPE and cleaning supplies","Improve water, sanitation, waste management and PPE availability.",Staff understand IPC but workload can affect compliance.
R0219,yes,35_44,male,jchew,hnd,1_5,1_5,opd,primary,semiurban,yes,1_2y,no,false,dk,false,true,true,true,false,false,true,dk,true,true,true,true,false,3,4,4,3,3,4,2,2,2,2,3,3,3,2,5,3,3,2,3,2,3,2,2,4,3,4,4,2,3,2,3,3,2,3,3,2,1,3,3,2,3,3,3,4,3,3,5,3,2,3,2,4,3,2,3,4,5,4,4,4,3,3,3,2,2,2,4,3,4,4,4,3,3,3,3,3,4,3,3,3,often,sometimes,sometimes,sometimes,never,sometimes,rarely,often,sometimes,never,rarely,sometimes,partial,available,partial,available,not_available,available,available,partial,available,available,available,available,available,available,available,available,available,available,not_available,available,dk,no,no,no,no,yes,yes,yes,yes,dk,no,dk,dk,yes,no,4,3,3,3,3,4,4,3,4,4,2,4,3,2,3,Inconsistent PPE availability,"Gloves, masks, disinfectants and waste bins",Conduct routine IPC audits and communicate findings to staff.,Staff understand IPC but workload can affect compliance.
R0220,yes,35_44,female,environmental_health,master,6_10,1_5,inpatient,secondary,rural,no,unknown,no,true,true,true,false,false,true,true,true,true,true,true,true,true,false,true,3,2,2,2,3,2,4,3,4,2,4,3,1,3,2,2,2,3,3,4,3,3,1,4,3,3,4,3,4,1,3,5,2,3,4,3,4,2,4,4,3,4,4,3,3,3,3,3,3,4,3,3,3,3,2,4,3,3,2,4,3,3,4,4,5,3,3,2,3,3,4,3,3,1,5,4,3,3,4,4,sometimes,rarely,sometimes,often,sometimes,rarely,sometimes,sometimes,sometimes,sometimes,often,rarely,not_available,available,not_available,available,available,available,available,partial,available,available,not_available,available,available,not_available,available,partial,available,available,available,available,yes,yes,no,yes,no,yes,no,yes,yes,dk,yes,yes,dk,no,yes,4,3,2,3,2,2,3,1,3,4,2,2,4,4,4,High workload and inadequate staffing,"Training materials, PPE and cleaning supplies",Maintain emergency PPE stocks and strengthen referral and notification procedures.,More practical outbreak drills and feedback would be useful.
R0221,yes,35_44,female,chew,bachelor,1_5,1_5,paediatric,secondary,rural,yes,1_2y,no,true,true,true,false,false,dk,true,false,true,true,true,true,true,true,true,4,3,1,2,3,5,1,2,4,2,3,2,2,2,2,4,1,3,2,4,2,2,4,3,2,2,3,3,1,2,2,2,1,2,2,2,3,4,1,1,1,1,2,2,3,4,3,4,5,3,5,3,3,2,3,2,4,3,4,5,3,2,2,4,3,2,2,2,2,3,1,3,3,3,3,4,2,2,2,3,often,often,na,sometimes,sometimes,rarely,sometimes,often,sometimes,sometimes,rarely,sometimes,available,available,unknown,not_available,available,partial,not_available,partial,available,available,available,available,not_available,available,available,available,not_available,available,available,not_available,yes,yes,no,yes,yes,dk,yes,no,yes,dk,yes,dk,yes,yes,yes,2,2,2,4,2,3,1,2,2,3,2,2,2,3,5,Insufficient refresher training and supervision,"Water, soap and sharps containers",Conduct regular IPC and Lassa fever refresher training and outbreak drills.,More practical outbreak drills and feedback would be useful.
R0222,yes,25_34,female,nurse_midwife,master,1_5,1_5,opd,secondary,urban,yes,gt2y,no,true,true,false,false,false,true,false,false,true,false,true,false,true,true,false,5,3,5,3,4,3,3,4,3,2,5,2,3,2,1,3,3,3,2,3,2,3,2,2,3,1,2,2,2,2,3,3,2,4,2,3,2,3,3,2,2,3,3,4,2,3,3,3,2,2,3,3,2,5,2,4,3,5,2,1,3,4,1,1,3,3,2,1,3,1,2,4,3,2,3,3,3,2,3,3,always,sometimes,often,sometimes,sometimes,sometimes,rarely,always,rarely,na,always,often,available,available,available,not_available,available,partial,available,available,available,available,available,available,available,available,available,available,available,available,available,available,yes,no,yes,yes,yes,yes,yes,no,yes,yes,no,yes,no,no,no,3,3,3,1,1,1,3,2,3,3,2,3,3,4,2,Limited water and hand-hygiene supplies,"Gloves, masks, disinfectants and waste bins",Conduct regular IPC and Lassa fever refresher training and outbreak drills.,The facility needs stronger supervision and refresher training.
R0223,yes,35_44,male,nurse_midwife,diploma,gt15,lt1,laboratory,secondary,urban,yes,1_2y,yes,true,true,false,false,dk,false,true,true,false,false,dk,false,true,dk,true,4,5,4,4,3,4,3,2,1,3,3,3,3,4,3,3,2,4,4,4,2,3,3,2,3,3,3,2,2,2,4,4,3,4,4,3,5,2,3,3,2,2,3,3,3,2,3,4,3,3,4,3,2,4,1,3,4,2,5,2,3,3,4,3,4,4,3,4,2,4,3,3,4,2,3,3,3,5,4,2,often,sometimes,always,always,often,often,often,sometimes,often,often,sometimes,sometimes,partial,available,available,available,available,available,not_available,available,not_available,not_available,not_available,partial,partial,available,available,available,partial,not_available,available,available,dk,dk,yes,yes,dk,yes,yes,yes,yes,yes,no,no,dk,dk,yes,4,3,4,3,1,3,4,1,2,4,2,4,4,3,4,Inconsistent PPE availability,"Training materials, PPE and cleaning supplies",Conduct routine IPC audits and communicate findings to staff.,More practical outbreak drills and feedback would be useful.
R0224,yes,25_34,female,cho,master,1_5,6_10,community,secondary,rural,no,unknown,no,true,true,true,false,false,true,true,true,true,true,true,true,true,false,true,3,3,3,4,5,2,4,2,4,5,3,3,3,4,5,4,4,3,4,4,4,4,3,2,2,3,3,4,3,4,2,3,2,2,3,3,3,4,3,4,3,4,3,2,4,3,3,3,5,4,4,4,4,1,4,2,4,4,3,4,2,3,5,4,2,5,4,4,3,3,4,3,5,3,4,2,2,4,4,2,sometimes,sometimes,often,often,often,often,rarely,sometimes,sometimes,sometimes,sometimes,often,not_available,available,partial,not_available,available,partial,available,available,available,available,available,available,partial,available,available,available,available,available,partial,not_available,yes,dk,dk,yes,yes,no,no,no,yes,yes,no,dk,dk,yes,dk,5,3,5,2,4,3,4,3,3,3,3,3,3,3,4,Insufficient refresher training and supervision,"PPE, alcohol-based hand rub and isolation space","Improve water, sanitation, waste management and PPE availability.",Regular monitoring and adequate supplies would improve compliance.
R0225,yes,45_54,female,lab,master,6_10,lt1,opd,primary,rural,yes,6m,no,true,false,true,true,dk,true,true,true,true,dk,true,true,true,true,true,3,3,3,2,5,3,3,4,3,4,3,4,5,5,4,4,3,2,3,4,3,3,3,4,2,1,1,1,3,2,4,2,3,2,4,3,4,1,1,1,3,1,2,1,3,2,5,2,4,2,3,3,5,4,3,2,2,2,3,3,3,3,2,3,5,3,3,4,3,5,4,3,4,3,3,5,3,4,3,4,often,often,often,often,always,often,often,sometimes,sometimes,rarely,rarely,always,available,available,available,available,available,available,available,not_available,partial,available,available,partial,available,not_available,available,available,available,not_available,partial,not_available,yes,yes,dk,yes,dk,no,yes,yes,no,yes,dk,yes,yes,no,no,2,3,2,2,3,1,3,2,2,3,3,2,1,3,4,Insufficient refresher training and supervision,"Training materials, PPE and cleaning supplies",Conduct regular IPC and Lassa fever refresher training and outbreak drills.,The facility needs stronger supervision and refresher training.
R0226,yes,35_44,male,doctor,bachelor,11_15,11_15,inpatient,secondary,rural,no,unknown,yes,true,true,false,false,true,false,true,true,true,true,true,true,true,false,true,4,4,5,3,4,3,3,3,4,4,3,4,5,4,2,2,3,4,2,2,4,3,4,2,3,4,5,4,4,2,3,4,4,4,2,1,3,4,3,4,5,3,3,3,2,3,4,3,4,5,3,2,3,2,3,4,3,2,5,4,3,3,4,3,3,3,3,2,2,3,4,3,2,3,2,2,3,4,4,3,often,often,sometimes,always,sometimes,often,sometimes,often,na,sometimes,often,always,available,available,available,available,available,not_available,partial,unknown,available,partial,partial,available,partial,not_available,partial,available,available,available,available,available,yes,yes,yes,no,no,yes,yes,yes,yes,dk,yes,dk,dk,yes,yes,4,5,4,5,2,4,4,4,5,3,4,5,4,4,4,Limited isolation and waste-management infrastructure,"Training materials, PPE and cleaning supplies","Improve water, sanitation, waste management and PPE availability.",The facility needs stronger supervision and refresher training.
R0227,yes,35_44,female,cho,certificate,11_15,1_5,emergency,secondary,urban,yes,6m,yes,true,true,true,false,false,true,true,true,true,false,true,true,false,false,true,4,2,2,3,4,3,4,3,5,5,5,5,4,3,4,4,5,3,4,4,3,2,2,3,2,1,3,4,2,4,2,4,4,5,3,1,3,4,4,4,5,3,4,4,2,3,3,2,2,3,3,2,4,3,3,3,3,4,3,2,4,2,4,3,4,4,3,3,3,3,4,4,4,4,3,3,3,4,4,4,never,rarely,rarely,sometimes,never,rarely,sometimes,rarely,rarely,rarely,rarely,rarely,available,available,available,available,available,partial,not_available,partial,partial,available,available,available,available,available,not_available,available,available,available,available,partial,yes,dk,yes,yes,dk,yes,yes,no,yes,no,yes,yes,yes,yes,yes,3,5,4,4,3,3,4,3,3,3,4,3,1,4,2,Limited water and hand-hygiene supplies,"Training materials, PPE and cleaning supplies","Improve water, sanitation, waste management and PPE availability.",Staff understand IPC but workload can affect compliance.
R0228,yes,35_44,female,nurse_midwife,bachelor,1_5,6_10,opd,primary,urban,yes,gt2y,yes,true,true,true,false,false,true,true,true,true,true,false,true,true,true,true,3,4,3,4,1,3,3,4,4,4,4,5,3,3,3,3,4,3,2,5,3,3,3,4,4,3,2,3,2,4,2,3,4,3,2,3,3,4,4,4,4,4,3,3,3,5,5,3,4,5,3,5,5,2,5,3,2,1,4,4,3,2,4,2,4,2,2,5,1,2,3,1,3,3,3,2,3,2,2,3,always,sometimes,sometimes,often,na,often,often,often,sometimes,always,sometimes,rarely,available,available,partial,not_available,available,available,partial,not_available,available,partial,partial,available,available,available,not_available,partial,available,not_available,not_available,not_available,yes,no,no,no,yes,yes,yes,no,dk,no,no,no,dk,yes,yes,4,2,2,3,2,3,2,3,3,3,2,3,4,2,3,Availability of IPC supplies and management support,"Gloves, masks, disinfectants and waste bins",Maintain emergency PPE stocks and strengthen referral and notification procedures.,More practical outbreak drills and feedback would be useful.
R0229,yes,45_54,female,pharmacy,diploma,11_15,11_15,emergency,primary,rural,yes,6m,yes,false,false,dk,true,false,false,false,true,false,true,false,true,true,false,dk,4,3,5,4,4,4,3,4,3,3,1,4,2,5,3,4,5,2,3,3,3,4,4,3,5,2,3,4,4,4,4,4,3,5,4,5,4,4,5,4,5,4,4,3,2,4,3,4,2,3,4,2,3,2,3,4,3,3,2,4,2,2,3,4,4,3,5,3,3,3,4,2,3,4,4,4,2,1,2,2,never,rarely,rarely,sometimes,never,never,sometimes,sometimes,never,sometimes,sometimes,rarely,available,available,partial,not_available,partial,available,not_available,unknown,partial,partial,available,available,available,available,not_available,available,partial,partial,partial,available,yes,no,dk,no,no,yes,yes,no,yes,yes,no,yes,no,no,yes,3,3,2,4,3,2,4,3,2,2,5,3,3,1,1,High workload and inadequate staffing,"Training materials, PPE and cleaning supplies",Maintain emergency PPE stocks and strengthen referral and notification procedures.,Regular monitoring and adequate supplies would improve compliance.
R0230,yes,35_44,female,nurse_midwife,bachelor,1_5,1_5,opd,secondary,semiurban,yes,6m,yes,true,true,true,true,false,true,true,true,true,true,true,true,true,false,dk,4,3,4,5,3,3,4,4,4,4,4,5,4,5,3,2,3,4,3,2,3,5,5,4,4,4,2,4,4,3,4,3,3,3,5,2,3,5,3,5,4,4,5,3,3,2,3,4,5,3,5,4,4,2,3,2,3,2,4,4,2,3,4,3,2,3,1,2,1,3,5,2,5,2,2,3,4,4,3,4,sometimes,often,often,sometimes,often,sometimes,always,often,always,often,always,na,available,available,partial,not_available,available,available,unknown,partial,partial,partial,available,available,available,available,not_available,available,unknown,partial,available,available,dk,yes,yes,yes,yes,yes,dk,yes,no,yes,yes,yes,yes,dk,yes,3,3,2,2,3,3,2,4,5,4,3,2,1,2,5,Insufficient refresher training and supervision,"Water, soap and sharps containers","Improve water, sanitation, waste management and PPE availability.",Staff understand IPC but workload can affect compliance.
R0231,yes,35_44,female,cho,doctorate,1_5,1_5,emergency,primary,urban,yes,unknown,yes,dk,false,true,true,false,false,true,dk,dk,false,false,true,true,false,false,4,3,3,3,5,3,2,2,3,2,2,2,4,1,4,3,2,4,3,4,2,3,2,2,3,4,3,4,4,3,3,4,3,3,3,4,4,4,5,3,4,1,5,4,4,2,1,1,2,3,3,2,2,5,3,3,4,3,3,2,2,3,3,1,1,4,1,3,3,1,2,3,2,3,2,2,3,2,2,2,often,often,rarely,sometimes,often,often,often,rarely,sometimes,rarely,sometimes,rarely,available,available,available,not_available,available,not_available,available,available,available,available,available,partial,available,available,available,available,not_available,not_available,available,not_available,dk,yes,yes,yes,no,no,dk,no,no,yes,yes,dk,yes,yes,yes,3,2,2,3,3,1,3,4,3,2,4,2,3,2,3,Insufficient refresher training and supervision,"Training materials, PPE and cleaning supplies",Conduct routine IPC audits and communicate findings to staff.,Staff understand IPC but workload can affect compliance.
R0232,yes,25_34,female,cho,diploma,1_5,1_5,opd,primary,semiurban,yes,7_12m,yes,true,true,dk,false,false,false,dk,false,dk,true,true,true,false,false,true,5,3,3,3,3,4,4,5,4,5,2,5,3,3,4,3,3,5,4,4,4,1,4,3,4,2,5,5,5,4,5,3,4,4,3,3,4,1,4,4,5,3,4,4,4,4,2,2,2,2,3,4,3,4,4,3,4,3,3,3,1,3,4,2,4,3,1,3,2,2,4,1,2,2,2,2,3,2,3,2,often,sometimes,sometimes,often,often,sometimes,often,sometimes,often,sometimes,sometimes,always,available,available,available,partial,available,available,available,not_available,partial,available,available,available,not_available,available,unknown,available,partial,available,partial,partial,yes,yes,yes,no,yes,yes,yes,no,dk,no,no,no,yes,yes,dk,3,2,2,1,3,3,3,2,2,1,4,3,3,3,3,Limited water and hand-hygiene supplies,"Water, soap and sharps containers","Provide a functional isolation area, clear SOPs and regular supervision.",The facility needs stronger supervision and refresher training.
R0233,yes,25_34,female,chew,diploma,lt1,6_10,inpatient,secondary,rural,no,unknown,no,true,false,true,true,true,false,true,false,false,false,true,false,false,false,false,2,3,4,5,4,4,2,3,3,3,5,4,3,4,5,4,4,3,4,3,4,3,3,3,4,3,4,3,3,3,3,4,3,4,4,5,5,4,4,2,3,3,4,4,2,5,2,3,4,4,3,2,2,4,3,2,4,3,4,3,5,3,3,3,4,4,1,3,3,3,3,4,4,3,5,3,4,1,3,2,sometimes,sometimes,sometimes,sometimes,sometimes,often,sometimes,sometimes,rarely,sometimes,sometimes,sometimes,available,available,available,available,available,available,available,available,available,not_available,not_available,available,available,available,not_available,available,partial,available,available,available,no,yes,yes,no,yes,dk,yes,yes,no,yes,no,dk,yes,yes,dk,4,2,4,4,3,1,2,2,4,3,3,1,3,3,3,Limited isolation and waste-management infrastructure,"Training materials, PPE and cleaning supplies",Conduct regular IPC and Lassa fever refresher training and outbreak drills.,Water supply and PPE availability should be maintained consistently.
R0234,yes,45_54,male,lab,diploma,11_15,lt1,paediatric,secondary,rural,yes,1_2y,yes,dk,true,true,dk,true,true,false,true,false,true,true,true,true,true,true,3,4,5,3,4,5,4,5,3,5,4,4,4,3,4,5,5,4,3,4,4,1,4,3,3,4,4,3,3,2,4,4,4,3,2,2,3,3,3,2,1,3,2,3,3,3,4,5,2,2,2,2,3,3,4,3,2,2,4,3,2,2,4,2,3,3,2,2,3,3,4,3,4,3,4,2,3,5,3,5,sometimes,sometimes,often,rarely,rarely,sometimes,often,sometimes,sometimes,rarely,often,often,available,available,available,available,not_available,available,not_available,not_available,available,available,partial,available,not_available,available,available,available,partial,available,not_available,not_available,dk,yes,yes,yes,yes,yes,no,yes,no,dk,yes,yes,dk,yes,yes,3,4,2,1,2,2,1,2,2,2,2,1,2,2,1,Availability of IPC supplies and management support,"Training materials, PPE and cleaning supplies",Conduct regular IPC and Lassa fever refresher training and outbreak drills.,Staff understand IPC but workload can affect compliance.
R0235,yes,25_34,female,cho,diploma,6_10,lt1,community,primary,semiurban,yes,7_12m,yes,true,true,true,false,true,true,dk,dk,true,true,true,true,true,false,true,3,1,3,4,3,2,3,4,4,2,4,4,2,4,2,4,4,4,1,2,3,3,4,4,3,5,3,3,4,4,3,2,2,3,4,5,2,2,3,2,2,4,3,4,4,2,5,3,5,3,4,3,5,4,3,2,3,2,4,2,1,1,2,2,2,1,2,3,2,1,2,1,1,3,3,3,1,1,2,2,often,often,always,often,rarely,always,sometimes,often,always,often,sometimes,often,partial,available,available,available,available,available,not_available,not_available,available,partial,not_available,available,available,not_available,available,available,partial,available,not_available,available,yes,no,yes,no,yes,yes,no,yes,yes,dk,yes,no,yes,dk,no,3,2,2,2,3,1,3,2,4,2,3,4,2,3,2,Insufficient refresher training and supervision,"PPE, hand-hygiene supplies and running water","Improve water, sanitation, waste management and PPE availability.",Staff understand IPC but workload can affect compliance.
R0236,yes,35_44,male,nurse_midwife,bachelor,1_5,6_10,opd,secondary,rural,yes,6m,no,true,true,true,false,true,true,false,true,true,true,true,true,true,true,true,4,4,3,5,4,2,2,5,4,3,3,3,3,4,3,3,3,2,5,3,3,2,4,5,3,3,2,1,3,2,3,3,2,3,1,2,3,4,3,1,1,3,3,3,1,4,3,5,4,4,4,4,5,2,3,2,4,2,5,4,3,3,5,3,4,2,4,4,4,3,3,3,5,4,5,4,4,3,3,4,often,often,often,sometimes,rarely,often,often,sometimes,sometimes,rarely,sometimes,often,partial,not_available,available,available,available,available,available,not_available,available,available,available,not_available,partial,not_available,available,not_available,available,available,not_available,available,yes,no,yes,yes,no,no,no,yes,yes,yes,yes,yes,no,yes,yes,4,4,3,4,3,4,3,3,5,4,4,2,2,4,3,High workload and inadequate staffing,"Training materials, PPE and cleaning supplies",Conduct routine IPC audits and communicate findings to staff.,Water supply and PPE availability should be maintained consistently.
R0237,yes,25_34,male,attendant,master,1_5,1_5,paediatric,secondary,rural,no,unknown,no,false,true,true,false,false,true,true,true,false,true,true,true,true,false,true,2,3,5,2,5,3,5,3,5,5,3,3,3,2,3,5,2,4,2,5,2,4,4,4,3,3,4,4,4,3,2,5,4,3,5,3,4,4,3,2,3,3,4,4,4,3,2,2,2,3,4,1,2,3,4,3,4,3,2,2,4,5,4,3,4,2,4,5,3,3,5,1,4,4,2,4,3,3,3,3,often,sometimes,always,often,often,always,always,often,always,always,often,na,available,available,partial,available,available,available,available,available,available,available,available,available,available,available,available,partial,partial,available,available,available,dk,yes,yes,yes,yes,yes,yes,yes,yes,dk,yes,yes,dk,no,no,3,5,1,3,4,4,4,4,2,2,3,3,3,3,3,Availability of IPC supplies and management support,"PPE, hand-hygiene supplies and running water",Conduct routine IPC audits and communicate findings to staff.,Water supply and PPE availability should be maintained consistently.
R0238,yes,45_54,male,nurse_midwife,master,lt1,1_5,maternity,primary,rural,yes,1_2y,no,true,false,true,false,false,true,false,false,true,true,true,true,true,false,true,2,2,3,3,3,4,3,3,4,3,4,2,2,4,3,3,3,3,4,1,2,3,3,2,3,4,2,2,3,2,1,1,3,2,2,3,3,2,3,4,3,3,2,2,3,1,3,3,4,4,3,2,2,4,3,2,5,3,3,1,4,3,3,5,2,2,4,3,3,2,3,2,2,2,1,2,2,3,3,2,rarely,sometimes,sometimes,sometimes,often,rarely,rarely,often,often,sometimes,sometimes,sometimes,not_available,partial,available,not_available,unknown,partial,available,available,available,unknown,available,partial,partial,available,available,available,available,not_available,available,available,no,yes,yes,yes,dk,no,yes,yes,yes,dk,yes,yes,no,no,yes,1,2,3,4,2,3,3,3,2,4,2,3,2,2,3,Limited water and hand-hygiene supplies,"Gloves, masks, disinfectants and waste bins","Provide a functional isolation area, clear SOPs and regular supervision.",More practical outbreak drills and feedback would be useful.
R0239,yes,35_44,female,chew,bachelor,gt15,1_5,inpatient,primary,urban,yes,6m,yes,false,true,true,true,true,true,false,true,true,true,dk,true,true,dk,true,3,3,3,4,3,3,3,4,3,3,2,4,2,5,3,2,4,3,4,3,4,3,3,3,4,3,3,4,4,3,4,2,3,4,3,4,3,3,4,4,3,3,4,3,2,2,3,3,4,4,2,3,4,1,3,3,4,2,3,3,3,4,3,3,3,3,2,2,2,2,4,1,5,2,1,3,3,2,2,4,na,sometimes,often,often,sometimes,sometimes,often,always,sometimes,sometimes,rarely,rarely,available,available,available,available,available,available,not_available,available,available,available,available,available,not_available,available,partial,available,not_available,available,available,not_available,yes,no,no,yes,no,yes,yes,yes,yes,dk,yes,no,no,yes,yes,2,3,5,4,3,1,3,2,1,3,4,5,3,2,4,High workload and inadequate staffing,"PPE, hand-hygiene supplies and running water",Maintain emergency PPE stocks and strengthen referral and notification procedures.,More practical outbreak drills and feedback would be useful.
R0240,yes,18_24,male,nurse_midwife,bachelor,lt1,lt1,opd,secondary,urban,no,unknown,no,dk,true,true,dk,dk,true,true,true,true,false,true,false,true,dk,true,3,3,2,3,4,4,3,5,3,3,5,3,4,5,2,4,4,4,3,4,4,5,2,5,3,4,3,3,3,3,4,4,4,5,4,4,4,4,3,4,3,5,3,3,4,4,4,2,3,4,2,3,4,3,4,2,4,3,1,3,4,2,3,3,3,1,2,3,4,2,2,2,2,1,5,2,3,3,3,2,sometimes,sometimes,sometimes,sometimes,sometimes,often,rarely,always,often,often,often,always,available,available,partial,not_available,available,available,available,unknown,not_available,available,available,partial,available,not_available,available,available,partial,available,partial,not_available,yes,yes,yes,yes,yes,yes,yes,no,no,no,yes,dk,no,yes,yes,5,4,3,3,4,3,3,3,3,5,3,3,3,2,4,Limited isolation and waste-management infrastructure,"PPE, hand-hygiene supplies and running water",Conduct regular IPC and Lassa fever refresher training and outbreak drills.,The facility needs stronger supervision and refresher training.
R0241,yes,45_54,female,jchew,bachelor,6_10,6_10,opd,primary,semiurban,yes,1_2y,no,false,true,true,false,true,false,true,false,dk,true,true,true,true,true,false,4,5,2,2,3,2,3,2,3,4,4,4,3,3,4,4,2,4,3,4,4,4,3,3,3,3,2,4,3,3,4,4,2,4,3,4,3,3,4,3,3,2,4,3,4,4,3,4,2,4,2,3,2,2,3,3,3,4,3,4,4,3,3,3,3,2,3,2,3,4,4,2,3,3,4,3,4,3,3,3,sometimes,rarely,rarely,sometimes,rarely,rarely,sometimes,rarely,often,sometimes,sometimes,rarely,available,available,partial,available,partial,available,available,not_available,available,available,available,available,unknown,available,partial,available,available,partial,available,available,no,yes,yes,no,no,yes,yes,yes,no,no,no,dk,yes,yes,no,3,5,4,2,3,2,4,4,2,3,4,4,3,4,3,High workload and inadequate staffing,"PPE, hand-hygiene supplies and running water",Conduct routine IPC audits and communicate findings to staff.,Regular monitoring and adequate supplies would improve compliance.
R0242,yes,25_34,male,chew,bachelor,lt1,1_5,maternity,primary,rural,no,unknown,yes,true,false,dk,false,true,true,dk,true,true,true,dk,false,true,false,true,3,2,4,4,2,5,4,4,4,3,3,3,3,3,3,4,3,4,3,3,5,3,4,3,4,4,4,4,3,3,4,4,4,4,2,4,3,4,4,5,3,4,4,3,4,2,2,4,3,3,4,3,5,4,3,4,3,3,4,2,3,4,4,4,4,4,3,3,5,4,3,3,4,3,5,2,2,2,4,3,rarely,rarely,sometimes,sometimes,sometimes,rarely,sometimes,sometimes,rarely,na,sometimes,never,available,partial,available,not_available,available,available,available,available,available,partial,partial,available,available,not_available,not_available,available,available,not_available,available,available,yes,dk,no,yes,dk,no,yes,yes,dk,no,yes,no,yes,yes,yes,2,1,4,2,2,1,5,3,1,1,2,2,4,1,2,Limited water and hand-hygiene supplies,"Gloves, masks, disinfectants and waste bins","Provide a functional isolation area, clear SOPs and regular supervision.",Staff understand IPC but workload can affect compliance.
R0243,yes,35_44,male,chew,bachelor,1_5,lt1,paediatric,primary,rural,no,unknown,no,true,true,true,false,dk,true,true,true,false,true,true,true,dk,false,true,4,2,4,4,4,3,4,3,3,3,4,4,2,4,2,4,4,4,4,4,3,2,4,2,2,2,3,2,3,2,3,4,2,2,3,3,2,2,3,4,1,3,3,3,5,5,3,4,3,3,2,1,2,4,3,4,2,4,5,4,5,3,4,3,2,3,3,2,2,2,3,3,3,1,4,2,4,3,2,2,sometimes,often,rarely,sometimes,often,often,often,often,always,sometimes,rarely,often,partial,available,not_available,available,available,available,not_available,available,available,available,available,available,available,not_available,partial,not_available,partial,available,available,partial,yes,no,no,dk,yes,yes,yes,dk,yes,no,dk,no,yes,no,yes,4,3,3,3,3,4,4,5,2,2,3,4,2,3,3,Availability of IPC supplies and management support,"Training materials, PPE and cleaning supplies",Conduct routine IPC audits and communicate findings to staff.,More practical outbreak drills and feedback would be useful.
R0244,yes,35_44,female,pharmacy,bachelor,1_5,1_5,opd,secondary,semiurban,yes,6m,no,true,true,true,false,false,false,true,true,true,true,true,false,true,dk,true,2,3,5,4,4,2,4,4,3,5,2,4,3,3,3,5,3,3,3,5,4,2,5,5,3,2,4,2,3,3,4,3,4,4,1,4,4,2,3,4,1,3,5,2,2,4,4,4,2,5,4,3,4,3,3,2,4,4,4,3,2,5,4,3,3,3,4,3,2,4,4,3,2,3,5,4,4,5,2,2,sometimes,sometimes,often,rarely,often,often,sometimes,often,often,rarely,rarely,often,available,available,partial,available,available,available,available,available,partial,available,not_available,available,partial,available,available,available,partial,available,available,available,dk,yes,yes,yes,yes,no,no,yes,yes,yes,yes,no,yes,yes,yes,5,4,3,2,3,2,3,4,2,4,3,3,3,2,3,Insufficient refresher training and supervision,"Training materials, PPE and cleaning supplies",Conduct regular IPC and Lassa fever refresher training and outbreak drills.,Staff understand IPC but workload can affect compliance.
R0245,yes,35_44,female,environmental_health,bachelor,6_10,11_15,other,primary,urban,yes,unknown,no,true,true,true,true,false,true,true,true,true,dk,false,true,true,true,true,4,3,4,4,4,5,5,5,4,4,5,4,5,3,5,5,4,5,3,2,2,3,2,1,3,3,3,2,2,3,3,4,5,3,2,2,2,1,4,2,2,3,2,3,5,3,3,3,5,3,4,4,3,3,3,2,3,3,4,5,2,5,4,3,1,3,3,1,3,4,4,2,4,4,2,4,3,3,3,2,always,rarely,often,often,often,rarely,often,often,often,sometimes,often,sometimes,unknown,available,available,available,available,available,not_available,partial,available,partial,available,available,partial,partial,not_available,available,unknown,available,partial,available,yes,no,dk,yes,no,no,yes,yes,no,yes,yes,dk,yes,yes,yes,4,3,3,5,3,3,2,3,1,3,3,2,5,3,4,Inconsistent PPE availability,"Water, soap and sharps containers",Conduct routine IPC audits and communicate findings to staff.,Regular monitoring and adequate supplies would improve compliance.
R0246,yes,35_44,female,jchew,hnd,1_5,1_5,opd,primary,rural,yes,1_2y,yes,false,true,true,true,false,false,true,false,true,false,false,dk,true,true,dk,1,3,4,4,4,2,4,3,3,4,4,4,3,4,3,4,3,5,3,4,4,4,3,4,2,3,3,5,3,2,3,3,4,3,3,3,3,3,3,5,3,3,3,4,3,5,3,3,5,3,5,3,3,3,2,3,1,4,3,4,1,4,2,4,4,3,3,2,5,2,3,4,2,3,3,4,3,4,2,4,often,often,often,rarely,often,rarely,often,often,often,often,rarely,sometimes,partial,available,partial,available,not_available,partial,not_available,available,available,available,not_available,available,available,available,available,available,available,available,available,available,no,yes,no,dk,yes,yes,yes,yes,no,dk,yes,yes,dk,no,yes,4,2,4,2,4,3,2,3,1,1,3,3,1,3,3,Inconsistent PPE availability,"PPE, hand-hygiene supplies and running water",Conduct regular IPC and Lassa fever refresher training and outbreak drills.,Water supply and PPE availability should be maintained consistently.
R0247,yes,45_54,female,nurse_midwife,bachelor,6_10,1_5,opd,primary,rural,yes,1_2y,yes,true,true,false,true,false,true,true,true,dk,true,true,dk,false,false,true,3,3,4,2,3,2,4,5,3,1,4,2,4,5,2,1,4,4,4,3,2,2,1,2,3,3,2,3,4,1,3,4,2,3,3,1,5,3,2,4,3,4,3,3,3,1,2,3,3,4,2,1,2,3,3,3,3,3,3,4,2,3,2,4,4,2,1,2,1,3,2,3,5,3,3,3,3,3,1,1,rarely,rarely,na,rarely,sometimes,sometimes,often,never,often,rarely,rarely,never,available,unknown,available,available,not_available,available,available,available,available,available,available,available,available,partial,unknown,not_available,partial,available,available,not_available,yes,yes,no,yes,no,no,yes,no,yes,dk,yes,yes,yes,no,yes,3,2,4,3,1,2,4,4,3,2,3,4,2,3,2,Availability of IPC supplies and management support,"Water, soap and sharps containers",Maintain emergency PPE stocks and strengthen referral and notification procedures.,Staff understand IPC but workload can affect compliance.
R0248,yes,25_34,male,attendant,bachelor,11_15,1_5,paediatric,primary,rural,yes,gt2y,no,false,true,true,true,false,true,dk,true,false,false,false,true,true,false,false,3,4,3,5,3,5,5,2,3,4,4,4,4,3,5,5,4,4,3,4,2,3,2,3,3,3,2,3,2,1,3,3,1,3,2,3,3,3,3,4,3,2,4,4,3,2,4,3,3,2,4,3,4,2,2,2,4,4,3,4,4,3,3,2,4,1,3,2,4,4,3,4,3,2,3,3,4,4,3,4,sometimes,sometimes,sometimes,rarely,often,often,sometimes,sometimes,often,sometimes,sometimes,sometimes,available,available,available,available,available,partial,available,available,available,available,not_available,available,available,available,not_available,partial,partial,available,available,not_available,yes,yes,no,dk,no,yes,dk,no,no,yes,yes,yes,no,no,no,2,3,3,3,3,3,4,1,4,1,4,4,2,5,2,Limited water and hand-hygiene supplies,"PPE, alcohol-based hand rub and isolation space","Provide a functional isolation area, clear SOPs and regular supervision.",The facility needs stronger supervision and refresher training.
R0249,yes,45_54,female,nurse_midwife,hnd,1_5,6_10,laboratory,primary,semiurban,yes,gt2y,no,true,true,true,false,false,false,true,true,dk,true,true,false,true,false,true,3,2,2,3,3,4,2,3,2,3,3,2,3,3,2,3,5,4,4,2,3,2,2,4,2,3,2,3,3,3,3,2,3,2,4,2,3,2,3,3,1,4,3,3,3,3,2,2,4,3,3,4,4,3,3,3,3,3,4,2,2,4,3,5,4,3,3,3,4,3,2,3,4,3,3,4,1,3,5,4,always,sometimes,sometimes,rarely,always,often,sometimes,often,sometimes,sometimes,often,sometimes,available,available,available,not_available,available,available,not_available,available,available,available,available,unknown,available,available,available,available,available,available,available,available,yes,yes,yes,yes,yes,no,yes,no,yes,no,yes,yes,yes,yes,yes,2,3,3,4,3,3,3,2,3,4,3,2,3,2,3,High workload and inadequate staffing,"Gloves, masks, disinfectants and waste bins","Provide a functional isolation area, clear SOPs and regular supervision.",Water supply and PPE availability should be maintained consistently.
R0250,yes,35_44,female,cho,master,1_5,1_5,environmental,primary,semiurban,no,unknown,no,false,false,true,true,dk,false,false,false,false,false,dk,false,false,true,false,3,3,4,2,1,5,3,3,4,2,4,4,5,2,2,4,4,3,3,4,3,4,2,3,4,5,2,3,5,4,3,1,5,4,4,3,3,1,4,2,3,4,4,4,1,5,2,2,3,5,4,2,3,2,4,3,3,4,3,2,3,1,2,2,3,2,1,2,3,2,3,2,3,3,3,4,2,3,2,3,sometimes,often,always,sometimes,often,often,often,always,often,sometimes,always,often,unknown,partial,available,available,available,available,available,available,available,available,available,available,available,available,available,not_available,not_available,available,unknown,partial,yes,yes,no,yes,yes,yes,yes,yes,no,yes,yes,yes,no,yes,yes,3,3,5,4,3,4,3,4,5,3,4,3,4,5,3,Availability of IPC supplies and management support,"Training materials, PPE and cleaning supplies",Conduct routine IPC audits and communicate findings to staff.,Staff understand IPC but workload can affect compliance.
R0251,yes,45_54,male,nurse_midwife,bachelor,lt1,1_5,inpatient,primary,rural,yes,6m,yes,false,dk,false,true,true,true,true,true,true,true,dk,true,true,false,true,4,5,4,5,5,5,3,3,5,3,3,5,4,3,4,4,4,4,3,5,1,3,3,4,5,3,3,4,4,3,2,3,2,4,2,5,4,4,3,4,4,4,2,2,4,2,2,4,2,4,4,4,3,2,3,4,2,2,4,3,3,4,3,5,3,1,4,3,4,3,3,3,4,3,4,3,5,2,3,5,rarely,sometimes,rarely,often,sometimes,sometimes,sometimes,rarely,never,rarely,rarely,often,available,available,partial,available,available,available,not_available,partial,partial,partial,available,available,available,not_available,not_available,partial,available,not_available,partial,available,no,no,dk,yes,no,yes,no,yes,no,yes,yes,yes,no,yes,yes,4,3,4,2,2,4,1,4,3,2,3,2,3,4,2,Inconsistent PPE availability,"Water, soap and sharps containers",Conduct routine IPC audits and communicate findings to staff.,More practical outbreak drills and feedback would be useful.
R0252,yes,35_44,female,chew,bachelor,6_10,1_5,emergency,primary,semiurban,yes,unknown,yes,true,false,false,false,false,true,true,true,true,false,true,true,dk,false,false,2,4,4,3,3,2,3,3,2,5,3,3,4,4,4,4,3,2,4,4,4,3,4,5,4,2,4,5,4,3,2,4,4,3,1,5,3,4,3,4,4,3,4,3,3,4,4,4,3,4,4,3,4,1,2,3,3,3,4,5,4,5,4,5,4,3,2,2,2,3,3,3,3,3,3,4,3,5,5,4,rarely,never,never,often,rarely,sometimes,sometimes,rarely,often,never,rarely,sometimes,partial,available,partial,available,available,not_available,available,partial,partial,not_available,available,not_available,not_available,partial,not_available,partial,available,available,available,available,yes,no,yes,no,no,yes,no,yes,yes,yes,no,no,yes,no,yes,3,4,3,3,3,3,1,2,2,3,4,2,4,4,3,Limited water and hand-hygiene supplies,"PPE, hand-hygiene supplies and running water",Maintain emergency PPE stocks and strengthen referral and notification procedures.,Staff understand IPC but workload can affect compliance.
R0253,yes,45_54,female,nurse_midwife,hnd,6_10,1_5,emergency,secondary,urban,yes,1_2y,yes,true,true,true,false,false,dk,true,true,true,false,true,true,true,false,true,3,2,4,4,3,2,4,4,3,2,2,5,3,3,3,3,3,3,2,4,3,3,3,2,2,3,3,3,4,2,4,3,2,3,2,3,3,5,2,1,2,3,3,2,3,4,3,2,3,3,4,3,4,3,2,4,2,3,4,1,2,2,2,3,1,1,1,2,2,3,1,3,1,2,2,2,2,2,1,2,always,sometimes,often,often,often,often,often,sometimes,often,often,sometimes,sometimes,available,available,unknown,not_available,available,partial,available,available,available,available,available,not_available,available,not_available,available,not_available,partial,not_available,available,available,yes,no,yes,no,dk,no,yes,no,yes,no,yes,yes,no,yes,no,3,4,3,3,4,4,3,2,3,3,4,4,4,2,3,Limited water and hand-hygiene supplies,"Gloves, masks, disinfectants and waste bins","Improve water, sanitation, waste management and PPE availability.",More practical outbreak drills and feedback would be useful.
R0254,yes,45_54,male,cho,diploma,11_15,1_5,opd,primary,rural,yes,7_12m,yes,dk,dk,true,true,true,true,true,dk,false,true,true,false,true,true,true,3,3,3,4,4,2,3,2,4,3,3,3,3,2,3,2,2,3,3,3,4,4,4,2,3,2,1,3,3,4,4,4,2,4,3,2,4,3,4,3,3,4,4,2,2,4,2,2,1,2,2,4,2,1,3,2,3,4,2,3,4,4,3,4,3,3,2,2,3,3,3,3,3,2,1,3,3,1,1,3,sometimes,rarely,rarely,rarely,never,sometimes,rarely,never,rarely,rarely,sometimes,rarely,available,available,available,available,available,partial,not_available,available,available,partial,partial,unknown,not_available,available,available,available,not_available,available,partial,not_available,yes,no,yes,no,no,yes,no,dk,no,yes,yes,yes,yes,yes,no,2,3,2,2,2,2,4,2,2,2,3,3,3,1,3,Limited water and hand-hygiene supplies,"Gloves, masks, disinfectants and waste bins",Conduct routine IPC audits and communicate findings to staff.,The facility needs stronger supervision and refresher training.
R0255,yes,18_24,male,pharmacy,bachelor,11_15,1_5,opd,primary,semiurban,yes,6m,no,false,true,true,false,false,true,true,false,false,false,false,true,dk,true,false,1,2,3,1,3,3,1,2,3,1,3,2,2,3,2,1,2,2,3,2,4,4,4,4,3,3,3,4,5,3,4,3,3,4,4,3,4,4,3,5,3,4,3,2,2,4,4,3,5,4,4,3,4,3,3,3,3,1,3,5,2,3,2,2,4,3,4,2,3,3,2,3,3,4,4,3,4,3,4,3,often,always,sometimes,often,always,sometimes,often,sometimes,sometimes,often,rarely,often,unknown,unknown,available,available,available,available,partial,available,partial,available,available,not_available,available,not_available,not_available,not_available,available,available,partial,available,yes,no,dk,yes,no,yes,yes,yes,yes,no,no,yes,dk,no,dk,2,4,3,5,4,3,1,4,4,4,4,2,5,4,1,Inconsistent PPE availability,"Gloves, masks, disinfectants and waste bins",Conduct regular IPC and Lassa fever refresher training and outbreak drills.,The facility needs stronger supervision and refresher training.
R0256,yes,35_44,male,nurse_midwife,bachelor,11_15,lt1,opd,primary,semiurban,yes,7_12m,yes,true,false,false,dk,false,true,true,true,true,true,true,true,true,false,true,5,4,3,5,4,5,3,3,3,4,4,3,2,5,3,5,3,3,3,3,3,2,3,3,1,2,3,3,3,2,2,2,3,3,3,2,4,3,3,3,2,2,3,2,4,3,4,3,2,4,2,3,3,3,3,4,4,2,4,2,2,5,3,2,2,3,5,3,3,5,3,4,2,3,2,2,3,3,4,2,rarely,rarely,rarely,sometimes,never,often,rarely,rarely,rarely,sometimes,sometimes,rarely,available,partial,available,not_available,available,available,available,available,not_available,not_available,partial,partial,unknown,partial,available,not_available,partial,available,available,unknown,no,no,no,yes,yes,yes,no,yes,yes,yes,yes,yes,no,yes,yes,3,2,3,2,3,1,2,3,3,3,3,1,4,3,2,Limited water and hand-hygiene supplies,"Gloves, masks, disinfectants and waste bins",Conduct routine IPC audits and communicate findings to staff.,The facility needs stronger supervision and refresher training.
R0257,yes,45_54,male,chew,diploma,lt1,gt15,community,primary,rural,yes,6m,yes,false,true,true,false,false,false,dk,true,true,false,false,true,true,false,true,4,2,4,4,2,2,4,2,3,4,3,3,4,3,2,3,3,2,3,4,4,5,3,3,5,5,3,4,2,2,3,3,4,4,3,5,4,3,2,3,3,3,3,3,2,4,4,3,5,4,4,2,5,1,3,2,3,2,5,5,5,2,4,3,5,3,4,4,3,3,5,5,3,5,5,2,4,5,4,3,often,often,sometimes,often,often,always,na,sometimes,sometimes,sometimes,sometimes,sometimes,not_available,partial,not_available,not_available,partial,available,not_available,not_available,available,available,available,available,not_available,partial,available,unknown,partial,available,available,not_available,yes,yes,yes,no,yes,yes,yes,yes,yes,no,no,dk,yes,no,no,4,4,5,4,5,3,4,5,2,5,5,3,4,4,3,Availability of IPC supplies and management support,"PPE, hand-hygiene supplies and running water",Conduct routine IPC audits and communicate findings to staff.,More practical outbreak drills and feedback would be useful.
R0258,yes,35_44,female,cho,bachelor,1_5,6_10,maternity,secondary,urban,yes,6m,yes,true,false,dk,false,false,true,false,false,false,false,true,true,true,dk,true,4,5,3,3,4,4,3,2,5,4,3,4,3,3,4,3,4,4,4,4,3,2,4,4,3,3,4,3,2,3,3,4,3,5,2,3,3,3,2,2,2,2,3,3,3,4,2,2,3,2,3,2,2,2,3,4,3,2,2,2,3,3,1,2,3,3,5,3,2,1,1,4,2,3,3,4,2,3,3,2,always,rarely,never,always,sometimes,always,often,often,rarely,sometimes,rarely,sometimes,available,available,not_available,available,unknown,available,available,not_available,available,not_available,available,partial,available,available,partial,partial,available,available,available,available,dk,yes,yes,yes,yes,no,yes,yes,yes,yes,dk,yes,dk,no,dk,4,2,3,3,4,2,4,4,3,5,2,4,4,1,2,High workload and inadequate staffing,"PPE, hand-hygiene supplies and running water",Conduct regular IPC and Lassa fever refresher training and outbreak drills.,More practical outbreak drills and feedback would be useful.
R0259,yes,25_34,female,chew,master,11_15,lt1,community,primary,rural,yes,1_2y,no,false,true,false,dk,true,true,true,dk,false,true,dk,true,false,true,false,3,1,3,3,3,3,3,4,3,4,1,4,2,2,2,3,4,4,5,3,2,3,5,3,4,4,3,4,5,3,3,3,3,3,2,4,3,4,2,3,5,3,2,2,3,3,2,3,2,2,5,2,3,3,4,4,4,3,3,2,4,5,2,4,2,3,3,2,4,2,2,2,2,3,4,4,3,3,2,2,sometimes,sometimes,sometimes,sometimes,often,sometimes,often,sometimes,sometimes,often,often,sometimes,available,partial,available,not_available,not_available,available,not_available,available,available,available,not_available,available,not_available,available,available,not_available,available,available,unknown,not_available,yes,no,yes,yes,no,yes,yes,no,yes,yes,yes,yes,no,yes,yes,1,3,4,3,1,3,2,3,3,2,1,3,3,2,2,High workload and inadequate staffing,"PPE, alcohol-based hand rub and isolation space",Maintain emergency PPE stocks and strengthen referral and notification procedures.,Staff understand IPC but workload can affect compliance.
R0260,yes,45_54,male,nurse_midwife,diploma,6_10,6_10,community,secondary,rural,no,unknown,yes,true,false,true,false,true,false,false,true,false,false,false,dk,false,false,false,4,4,2,3,4,3,4,4,4,3,4,4,4,4,5,4,3,4,3,3,2,5,3,2,4,3,2,2,4,5,3,2,4,2,3,2,4,3,4,3,3,4,4,4,4,4,3,2,3,3,2,3,2,2,5,2,3,2,4,4,5,5,4,5,5,5,4,4,4,3,4,4,5,4,5,5,5,5,5,4,sometimes,rarely,rarely,rarely,rarely,sometimes,rarely,always,rarely,often,na,sometimes,available,available,available,available,not_available,available,available,not_available,not_available,available,available,available,partial,available,available,not_available,available,partial,not_available,not_available,yes,yes,yes,yes,yes,no,yes,yes,no,no,yes,no,dk,yes,yes,3,3,3,3,2,2,4,2,3,5,4,1,4,4,1,Inconsistent PPE availability,"PPE, alcohol-based hand rub and isolation space","Improve water, sanitation, waste management and PPE availability.",More practical outbreak drills and feedback would be useful.
R0261,yes,25_34,female,pharmacy,hnd,11_15,11_15,theatre,primary,rural,no,unknown,yes,true,true,dk,true,true,dk,dk,true,dk,false,dk,true,dk,true,dk,3,3,4,3,4,3,3,5,5,4,4,2,4,3,4,3,4,3,3,4,3,2,4,4,5,4,4,1,3,3,4,2,2,5,3,5,2,4,3,4,2,3,5,2,3,3,3,5,3,3,2,4,3,4,2,2,3,2,3,3,4,2,2,2,2,4,3,3,3,3,2,2,3,2,4,1,4,5,2,3,never,never,often,rarely,sometimes,never,sometimes,rarely,sometimes,always,sometimes,sometimes,available,available,not_available,partial,partial,available,not_available,not_available,not_available,partial,available,available,available,not_available,not_available,available,partial,available,available,not_available,dk,yes,no,yes,no,no,yes,no,yes,dk,yes,dk,no,no,no,4,4,1,3,3,4,3,3,1,4,4,5,3,4,3,Limited isolation and waste-management infrastructure,"Water, soap and sharps containers","Improve water, sanitation, waste management and PPE availability.",More practical outbreak drills and feedback would be useful.
R0262,yes,25_34,female,doctor,master,1_5,lt1,inpatient,primary,rural,yes,6m,yes,true,true,true,true,false,true,false,true,true,false,true,true,true,false,true,3,3,3,1,3,3,2,3,1,4,1,3,2,2,2,3,3,2,3,3,3,3,4,3,4,3,2,2,2,3,5,5,2,3,4,3,3,3,3,2,3,2,3,2,4,2,3,2,3,3,2,3,4,3,4,3,3,4,3,3,3,1,2,3,3,1,4,3,1,3,3,3,3,3,2,2,3,3,1,3,rarely,sometimes,sometimes,na,rarely,sometimes,sometimes,sometimes,sometimes,sometimes,sometimes,rarely,available,available,available,available,available,available,partial,available,available,not_available,partial,available,not_available,available,available,partial,available,available,available,available,yes,yes,dk,yes,no,yes,yes,dk,yes,no,dk,no,yes,yes,yes,2,4,3,4,2,3,2,4,4,3,5,3,1,1,2,Limited isolation and waste-management infrastructure,"Training materials, PPE and cleaning supplies","Provide a functional isolation area, clear SOPs and regular supervision.",Staff understand IPC but workload can affect compliance.
R0263,yes,18_24,female,jchew,hnd,11_15,lt1,community,secondary,urban,yes,7_12m,no,true,true,true,true,true,false,true,true,false,true,true,false,true,false,true,1,5,4,2,3,4,5,3,3,3,3,3,3,4,2,4,3,4,4,3,3,2,4,2,2,3,4,3,4,4,4,3,2,2,2,5,2,4,2,2,3,3,4,2,4,3,4,4,4,3,5,4,3,4,4,3,3,2,4,3,4,3,4,2,3,2,3,3,2,3,3,2,2,2,4,2,2,2,2,3,rarely,sometimes,often,rarely,sometimes,rarely,rarely,rarely,often,often,rarely,sometimes,available,partial,partial,not_available,partial,available,partial,available,partial,partial,available,not_available,not_available,available,available,available,available,not_available,not_available,available,no,yes,yes,yes,yes,yes,no,yes,yes,yes,no,yes,yes,yes,dk,4,4,4,3,4,3,1,3,3,4,4,3,4,4,5,Insufficient refresher training and supervision,"Gloves, masks, disinfectants and waste bins","Provide a functional isolation area, clear SOPs and regular supervision.",Regular monitoring and adequate supplies would improve compliance.
R0264,yes,25_34,female,attendant,bachelor,11_15,6_10,community,primary,semiurban,no,unknown,no,true,false,true,true,true,true,false,false,true,false,false,dk,dk,true,false,3,3,4,4,3,3,4,2,4,3,4,3,3,4,3,3,2,2,2,4,4,2,3,3,2,2,5,3,1,1,3,3,1,2,3,3,3,3,4,4,2,3,2,1,5,3,2,2,4,4,3,2,2,3,3,2,3,3,3,3,3,1,3,1,2,2,1,4,2,1,3,1,4,3,3,1,2,1,3,2,sometimes,often,sometimes,sometimes,often,sometimes,sometimes,sometimes,often,sometimes,sometimes,often,available,not_available,available,partial,available,available,partial,available,available,available,available,available,partial,available,available,partial,partial,not_available,not_available,available,yes,yes,yes,dk,dk,yes,no,no,dk,no,yes,yes,no,yes,yes,3,3,2,3,4,3,4,2,2,2,2,3,3,3,3,Limited isolation and waste-management infrastructure,"Training materials, PPE and cleaning supplies",Conduct routine IPC audits and communicate findings to staff.,Regular monitoring and adequate supplies would improve compliance.
R0265,yes,25_34,male,nurse_midwife,bachelor,1_5,lt1,laboratory,primary,urban,yes,gt2y,yes,true,true,true,false,false,dk,true,true,true,true,false,true,true,false,true,3,3,3,3,4,4,3,3,5,3,4,5,4,2,2,5,3,3,2,4,5,2,3,4,2,1,5,4,4,3,4,5,3,3,4,4,5,4,2,5,5,4,4,4,2,4,3,3,4,5,5,4,3,4,1,1,2,2,4,4,4,4,5,3,5,3,3,4,3,5,4,3,5,4,4,3,3,2,5,4,often,sometimes,rarely,always,sometimes,often,often,sometimes,often,sometimes,often,sometimes,unknown,available,available,available,partial,partial,available,not_available,not_available,available,unknown,partial,unknown,available,available,available,available,available,partial,available,no,yes,no,dk,no,yes,yes,yes,yes,dk,yes,yes,no,yes,no,4,4,4,4,4,4,3,3,4,4,3,4,4,3,4,Insufficient refresher training and supervision,"PPE, alcohol-based hand rub and isolation space",Maintain emergency PPE stocks and strengthen referral and notification procedures.,The facility needs stronger supervision and refresher training.
R0266,yes,45_54,female,nurse_midwife,bachelor,1_5,lt1,paediatric,secondary,semiurban,no,unknown,yes,true,true,true,false,false,true,true,false,true,true,true,true,true,false,true,5,2,3,3,3,4,3,3,3,3,4,3,4,3,3,4,3,3,3,4,2,2,3,2,3,2,3,1,3,2,2,3,2,3,3,3,3,1,2,2,3,4,3,2,3,4,2,4,4,4,4,4,3,4,2,3,4,3,3,2,2,4,4,3,2,4,2,3,3,1,3,3,5,2,4,3,2,4,3,3,na,sometimes,often,sometimes,rarely,often,sometimes,often,sometimes,sometimes,often,sometimes,available,not_available,available,not_available,partial,available,available,not_available,available,partial,available,available,available,not_available,partial,not_available,available,available,available,available,dk,dk,yes,yes,no,dk,no,no,yes,no,yes,no,dk,yes,yes,2,3,5,5,3,5,3,5,5,3,5,2,4,5,3,High workload and inadequate staffing,"Training materials, PPE and cleaning supplies","Provide a functional isolation area, clear SOPs and regular supervision.",Staff understand IPC but workload can affect compliance.
R0267,yes,35_44,prefer_not,lab,hnd,1_5,1_5,opd,primary,semiurban,yes,6m,no,true,true,true,false,true,false,true,true,false,true,true,true,true,false,true,3,5,3,4,2,5,3,4,3,2,3,2,3,5,4,2,5,3,4,2,1,1,2,2,3,3,4,2,3,5,2,2,3,2,1,2,4,3,3,2,3,3,4,4,2,3,5,3,3,3,3,3,4,1,3,3,3,3,4,2,4,4,5,5,4,2,4,5,3,4,4,4,5,4,2,3,5,4,5,3,sometimes,sometimes,sometimes,always,often,often,sometimes,often,always,often,often,sometimes,available,available,available,partial,available,available,partial,not_available,not_available,available,available,available,available,available,not_available,not_available,available,not_available,available,available,yes,yes,yes,yes,dk,yes,yes,yes,yes,no,yes,no,dk,yes,no,3,5,3,3,2,2,3,3,3,4,5,4,4,4,3,Limited water and hand-hygiene supplies,"PPE, alcohol-based hand rub and isolation space","Improve water, sanitation, waste management and PPE availability.",More practical outbreak drills and feedback would be useful.
R0268,yes,55_plus,male,nurse_midwife,diploma,1_5,1_5,maternity,secondary,semiurban,yes,6m,no,false,dk,true,false,false,dk,true,true,true,true,true,true,true,true,true,3,2,5,3,5,5,4,2,5,4,3,4,5,2,3,3,3,5,3,2,3,2,4,4,4,3,1,4,2,4,3,5,3,2,4,4,3,3,4,2,3,3,3,4,4,3,3,2,2,3,2,2,3,3,3,5,2,3,3,3,1,2,2,2,2,3,3,3,1,2,3,3,3,4,1,4,3,2,2,4,always,sometimes,sometimes,rarely,sometimes,sometimes,always,often,often,na,sometimes,sometimes,partial,available,partial,not_available,available,not_available,not_available,not_available,partial,partial,available,available,available,partial,partial,available,available,available,available,not_available,yes,dk,no,yes,yes,yes,yes,yes,dk,dk,yes,yes,yes,no,yes,2,3,2,3,4,3,4,2,4,1,2,4,2,4,3,Limited water and hand-hygiene supplies,"Training materials, PPE and cleaning supplies",Conduct regular IPC and Lassa fever refresher training and outbreak drills.,The facility needs stronger supervision and refresher training.
R0269,yes,35_44,male,doctor,bachelor,6_10,lt1,theatre,primary,rural,yes,gt2y,no,true,false,false,false,false,true,true,true,true,true,true,true,false,false,true,4,3,3,2,3,3,5,3,3,4,3,3,4,2,3,3,3,4,5,4,5,3,3,3,4,4,3,3,4,2,3,3,4,2,3,4,3,3,3,4,3,2,4,3,3,3,4,2,2,2,3,3,2,3,2,4,5,2,4,3,3,3,3,2,5,5,2,3,3,3,2,4,3,4,3,4,5,5,4,3,na,sometimes,rarely,often,sometimes,sometimes,rarely,sometimes,rarely,sometimes,often,often,partial,available,available,not_available,available,available,not_available,not_available,available,available,available,not_available,partial,partial,not_available,available,unknown,not_available,available,available,no,yes,yes,yes,yes,no,dk,yes,yes,dk,no,yes,dk,dk,yes,2,2,3,3,4,2,2,2,4,4,1,1,5,1,3,Insufficient refresher training and supervision,"Gloves, masks, disinfectants and waste bins",Conduct regular IPC and Lassa fever refresher training and outbreak drills.,More practical outbreak drills and feedback would be useful.
R0270,yes,18_24,male,nurse_midwife,bachelor,11_15,6_10,opd,primary,rural,no,unknown,no,dk,dk,true,dk,false,dk,dk,true,false,true,false,false,true,dk,dk,3,5,2,5,3,4,4,4,4,3,5,3,3,4,3,2,3,3,3,2,3,2,4,4,4,4,4,2,3,3,3,3,2,2,4,3,3,3,3,3,2,2,4,4,4,4,3,3,5,2,4,5,4,2,2,3,1,3,2,4,4,3,2,3,2,2,1,4,4,2,4,4,4,3,3,2,3,3,4,4,often,sometimes,na,always,often,rarely,sometimes,rarely,always,sometimes,sometimes,sometimes,available,available,partial,available,partial,available,available,not_available,available,available,available,available,partial,available,partial,available,available,available,not_available,available,yes,yes,yes,no,yes,yes,yes,yes,yes,dk,no,yes,dk,yes,yes,2,2,3,3,2,3,3,3,4,1,5,2,3,3,3,Insufficient refresher training and supervision,"PPE, hand-hygiene supplies and running water",Conduct regular IPC and Lassa fever refresher training and outbreak drills.,More practical outbreak drills and feedback would be useful.
R0271,yes,55_plus,female,attendant,bachelor,1_5,1_5,other,primary,urban,yes,7_12m,yes,false,true,true,false,false,false,true,true,false,dk,true,dk,true,false,true,3,4,3,3,4,4,3,3,3,1,4,3,2,2,3,3,5,3,3,5,5,2,4,3,5,3,3,5,4,3,3,3,1,5,3,5,4,4,3,3,2,1,3,5,4,2,2,5,3,4,4,4,4,2,4,3,1,3,3,4,5,3,4,1,3,4,4,2,3,3,4,3,3,4,4,4,3,4,2,1,sometimes,sometimes,rarely,sometimes,rarely,often,sometimes,rarely,sometimes,rarely,rarely,sometimes,available,not_available,not_available,partial,available,available,partial,available,partial,available,available,available,available,partial,available,not_available,available,not_available,available,available,dk,yes,dk,no,no,yes,no,yes,yes,yes,no,yes,dk,yes,no,3,3,3,3,1,2,2,4,3,4,3,3,1,2,3,Inconsistent PPE availability,"PPE, hand-hygiene supplies and running water","Provide a functional isolation area, clear SOPs and regular supervision.",Water supply and PPE availability should be maintained consistently.
R0272,yes,25_34,male,cho,bachelor,1_5,1_5,environmental,primary,urban,yes,1_2y,no,true,true,dk,dk,dk,true,true,true,false,true,true,dk,true,true,true,4,3,4,2,3,4,3,2,5,4,3,4,3,3,4,5,3,3,4,3,3,3,3,4,3,2,4,4,4,3,2,5,5,4,3,3,4,4,2,3,3,2,2,2,4,3,4,4,3,4,2,1,3,3,3,3,4,3,3,4,3,4,5,4,3,3,3,3,4,4,5,3,4,2,3,4,4,4,3,3,always,rarely,often,rarely,rarely,always,rarely,sometimes,rarely,rarely,rarely,rarely,available,partial,available,available,partial,available,available,available,partial,available,available,available,available,not_available,not_available,available,partial,available,not_available,partial,yes,no,dk,yes,yes,dk,yes,yes,no,dk,no,yes,dk,dk,yes,5,4,3,3,2,3,2,3,3,4,2,3,2,4,3,Limited isolation and waste-management infrastructure,"Training materials, PPE and cleaning supplies",Conduct regular IPC and Lassa fever refresher training and outbreak drills.,Regular monitoring and adequate supplies would improve compliance.
R0273,yes,18_24,male,cho,diploma,6_10,1_5,laboratory,primary,semiurban,yes,7_12m,no,true,true,true,false,false,true,true,true,true,true,true,true,false,false,true,2,2,3,3,4,3,2,3,3,2,3,2,2,3,3,2,3,2,3,2,5,2,1,3,4,3,3,3,4,2,3,3,5,4,4,4,4,3,4,2,3,4,2,2,2,4,4,3,2,2,1,3,3,2,2,3,4,3,3,1,3,3,4,4,3,2,3,3,2,2,3,3,2,4,3,2,1,4,2,4,rarely,rarely,always,sometimes,sometimes,often,often,sometimes,sometimes,often,rarely,sometimes,available,partial,available,available,unknown,available,partial,available,available,unknown,available,available,partial,available,available,available,available,partial,available,available,yes,dk,no,dk,yes,yes,dk,no,yes,dk,no,yes,yes,dk,yes,3,1,1,2,3,2,4,3,3,3,1,3,2,2,3,Inconsistent PPE availability,"Gloves, masks, disinfectants and waste bins",Conduct routine IPC audits and communicate findings to staff.,More practical outbreak drills and feedback would be useful.
R0274,yes,25_34,female,attendant,diploma,gt15,1_5,inpatient,secondary,rural,yes,unknown,no,true,true,true,false,false,true,true,dk,true,true,true,true,true,false,true,4,3,4,5,3,4,2,2,4,4,3,5,3,3,3,3,3,3,4,4,2,4,4,2,3,2,2,4,2,3,2,1,4,1,4,2,2,2,3,1,3,3,3,3,3,3,3,1,3,3,5,3,4,2,4,3,4,3,3,3,1,3,4,3,3,4,3,5,5,3,5,3,2,3,2,3,3,3,4,4,often,sometimes,sometimes,sometimes,sometimes,sometimes,never,always,rarely,rarely,rarely,sometimes,available,not_available,available,partial,available,not_available,available,unknown,available,available,partial,available,available,not_available,not_available,not_available,available,available,partial,not_available,yes,yes,yes,yes,yes,no,yes,yes,no,yes,no,no,yes,yes,yes,2,3,3,3,2,2,4,3,4,2,3,2,5,4,2,Limited water and hand-hygiene supplies,"Gloves, masks, disinfectants and waste bins","Provide a functional isolation area, clear SOPs and regular supervision.",More practical outbreak drills and feedback would be useful.
R0275,yes,25_34,male,chew,diploma,1_5,1_5,paediatric,primary,semiurban,yes,7_12m,yes,true,true,true,true,true,false,dk,true,false,dk,false,true,true,true,false,3,3,3,5,3,5,4,4,2,4,3,3,3,3,3,2,4,4,1,4,3,3,2,2,3,3,3,2,3,3,2,2,3,3,3,2,3,3,1,2,2,3,3,4,2,4,4,4,3,3,2,4,3,4,5,2,3,3,3,3,1,5,3,2,3,2,2,2,3,5,3,2,1,3,3,3,2,1,3,3,often,rarely,often,never,sometimes,sometimes,rarely,always,rarely,sometimes,sometimes,rarely,available,available,available,available,partial,available,partial,not_available,available,available,available,available,not_available,available,available,available,available,not_available,available,partial,dk,dk,yes,no,no,no,yes,yes,yes,yes,no,dk,dk,yes,no,1,1,4,4,4,4,2,2,3,5,4,2,3,4,3,Inconsistent PPE availability,"PPE, hand-hygiene supplies and running water",Conduct routine IPC audits and communicate findings to staff.,The facility needs stronger supervision and refresher training.
R0276,yes,45_54,male,nurse_midwife,diploma,1_5,11_15,opd,primary,rural,yes,unknown,no,true,true,true,false,false,true,true,false,true,true,true,true,true,false,true,4,4,4,4,2,5,4,4,4,4,4,4,5,3,3,3,5,4,3,3,3,3,3,4,4,4,4,5,2,5,3,4,4,3,3,3,4,4,4,3,3,5,4,3,3,4,2,2,4,3,5,4,4,2,2,4,1,4,2,4,4,3,4,4,3,4,3,4,5,5,5,3,5,5,3,3,3,3,3,5,sometimes,sometimes,sometimes,always,na,sometimes,sometimes,sometimes,sometimes,never,often,sometimes,available,available,available,available,available,available,not_available,not_available,available,available,available,partial,not_available,not_available,available,available,not_available,partial,not_available,partial,no,yes,yes,no,yes,yes,no,yes,no,yes,dk,yes,yes,no,no,3,2,5,4,5,4,4,4,3,3,3,3,3,3,2,Limited water and hand-hygiene supplies,"Gloves, masks, disinfectants and waste bins",Conduct regular IPC and Lassa fever refresher training and outbreak drills.,Regular monitoring and adequate supplies would improve compliance.
R0277,yes,35_44,female,cho,bachelor,gt15,lt1,laboratory,secondary,urban,no,unknown,no,true,true,true,false,false,true,true,true,dk,true,true,true,true,false,true,4,4,4,2,3,2,4,2,3,4,3,3,4,4,4,4,3,4,3,3,1,3,2,3,4,3,3,3,3,3,2,2,4,2,4,3,2,2,2,4,4,3,3,3,3,4,5,3,4,4,3,3,5,1,2,2,3,2,2,2,4,3,2,2,4,5,3,3,4,4,3,3,5,5,4,3,3,4,3,3,sometimes,rarely,sometimes,always,often,always,always,rarely,sometimes,often,often,never,partial,available,available,not_available,partial,partial,partial,not_available,available,available,not_available,available,available,partial,available,unknown,available,available,partial,available,yes,no,yes,dk,yes,dk,no,yes,yes,yes,yes,dk,dk,yes,yes,4,3,3,3,2,3,4,4,3,2,4,3,2,1,3,High workload and inadequate staffing,"Water, soap and sharps containers",Maintain emergency PPE stocks and strengthen referral and notification procedures.,Water supply and PPE availability should be maintained consistently.
R0278,yes,45_54,female,chew,hnd,6_10,gt15,inpatient,secondary,urban,yes,7_12m,no,true,true,true,false,true,true,true,dk,true,true,false,true,true,false,true,4,5,3,5,5,5,5,4,5,4,4,4,5,5,4,3,4,4,4,4,2,4,3,3,2,4,3,2,3,2,4,3,2,2,4,3,3,2,4,2,4,2,3,5,3,5,3,3,3,4,3,3,2,3,3,4,2,3,2,3,3,4,5,3,4,4,1,4,3,4,5,5,2,3,4,3,2,3,4,4,often,often,often,always,sometimes,na,often,often,often,often,always,often,available,available,available,not_available,available,available,not_available,not_available,available,not_available,partial,available,available,not_available,not_available,not_available,available,not_available,available,available,no,yes,no,no,dk,yes,yes,yes,yes,dk,no,yes,dk,yes,yes,3,4,3,3,4,3,5,4,2,2,3,3,3,4,2,Availability of IPC supplies and management support,"PPE, alcohol-based hand rub and isolation space",Conduct routine IPC audits and communicate findings to staff.,The facility needs stronger supervision and refresher training.
R0279,yes,25_34,female,nurse_midwife,master,lt1,1_5,theatre,primary,rural,yes,1_2y,yes,true,true,true,false,false,true,false,dk,true,true,true,true,true,false,false,3,3,2,4,4,3,4,2,5,4,4,5,2,4,4,3,3,3,2,2,2,3,4,3,4,4,3,3,2,2,4,4,5,2,2,4,3,4,2,4,3,3,3,2,3,4,5,2,3,4,4,3,4,5,4,4,2,2,3,4,2,2,4,2,5,2,2,3,1,3,5,4,3,3,3,3,4,5,3,3,sometimes,sometimes,sometimes,often,often,sometimes,often,sometimes,sometimes,sometimes,rarely,sometimes,partial,not_available,available,available,available,available,available,not_available,available,available,available,available,not_available,available,available,not_available,available,available,not_available,available,yes,yes,dk,yes,yes,yes,dk,yes,dk,no,yes,yes,dk,yes,yes,3,3,4,3,2,3,2,4,5,3,4,2,3,3,4,Insufficient refresher training and supervision,"PPE, alcohol-based hand rub and isolation space",Maintain emergency PPE stocks and strengthen referral and notification procedures.,Regular monitoring and adequate supplies would improve compliance.
R0280,yes,35_44,male,doctor,doctorate,gt15,lt1,opd,secondary,semiurban,yes,1_2y,yes,false,false,true,true,false,false,false,dk,false,true,dk,false,false,true,dk,4,5,2,4,3,4,4,3,4,4,5,5,3,2,4,5,3,3,3,3,2,5,2,3,4,1,4,2,3,4,2,3,3,3,2,4,3,4,3,3,2,3,4,2,2,2,4,3,4,4,2,3,3,3,3,3,4,3,4,4,3,4,3,2,4,4,3,3,4,5,4,3,2,4,3,2,4,3,4,3,sometimes,often,rarely,sometimes,often,often,rarely,sometimes,rarely,sometimes,sometimes,often,partial,available,partial,not_available,partial,available,not_available,not_available,available,available,partial,available,not_available,available,available,not_available,available,available,available,not_available,yes,no,yes,yes,no,dk,yes,yes,yes,no,no,yes,yes,yes,no,2,4,2,2,3,1,3,4,3,4,4,3,5,3,5,High workload and inadequate staffing,"Training materials, PPE and cleaning supplies",Maintain emergency PPE stocks and strengthen referral and notification procedures.,Staff understand IPC but workload can affect compliance.
R0281,yes,25_34,female,cho,hnd,11_15,6_10,opd,primary,semiurban,yes,7_12m,no,true,false,true,true,false,true,true,true,false,true,dk,true,true,false,false,5,3,3,5,5,3,2,4,2,3,4,3,2,1,4,4,4,4,5,5,4,4,4,4,3,4,3,5,3,3,2,1,2,2,3,4,3,2,3,4,2,1,3,3,4,4,4,4,2,3,3,3,3,3,5,3,3,2,3,3,3,4,4,4,2,3,4,5,3,3,3,3,3,2,3,3,3,1,4,4,often,sometimes,often,sometimes,rarely,often,rarely,rarely,rarely,often,rarely,sometimes,available,available,available,available,available,available,available,available,unknown,not_available,available,available,available,available,partial,available,available,available,not_available,not_available,yes,dk,no,dk,yes,yes,dk,no,no,dk,no,yes,no,yes,no,3,4,3,2,3,3,3,2,3,3,2,1,2,3,2,Inconsistent PPE availability,"Water, soap and sharps containers",Conduct routine IPC audits and communicate findings to staff.,Regular monitoring and adequate supplies would improve compliance.
R0282,yes,18_24,female,doctor,doctorate,11_15,1_5,opd,primary,urban,no,unknown,no,false,dk,false,true,true,false,true,false,false,true,dk,false,dk,true,false,4,4,4,3,2,3,4,3,3,4,3,4,3,4,5,3,2,3,3,3,3,3,3,3,5,2,3,4,3,2,3,3,4,2,4,2,3,3,2,4,3,2,3,3,3,4,4,3,2,4,3,5,2,2,2,3,2,2,4,4,3,4,2,4,4,2,3,4,2,5,4,3,2,3,3,1,4,4,5,4,rarely,often,often,often,sometimes,rarely,sometimes,always,sometimes,sometimes,always,rarely,available,available,not_available,available,available,partial,available,unknown,partial,available,unknown,available,not_available,available,not_available,not_available,partial,available,not_available,available,dk,no,dk,yes,yes,yes,yes,no,no,yes,yes,yes,dk,no,no,2,3,3,4,3,3,3,2,3,4,4,1,2,4,3,Insufficient refresher training and supervision,"PPE, alcohol-based hand rub and isolation space",Conduct routine IPC audits and communicate findings to staff.,Staff understand IPC but workload can affect compliance.
R0283,yes,35_44,male,chew,master,gt15,11_15,emergency,secondary,semiurban,yes,6m,yes,true,dk,false,true,dk,dk,false,dk,true,true,true,false,false,true,dk,4,4,4,5,1,3,3,3,4,2,4,4,4,4,3,5,5,3,4,3,3,3,4,5,3,3,4,4,3,3,3,2,4,2,4,4,2,5,4,3,3,3,3,3,3,1,2,3,3,3,3,2,3,5,4,2,3,5,1,3,3,2,3,4,3,3,3,4,3,4,4,5,4,3,3,3,3,3,5,2,often,sometimes,sometimes,often,often,always,always,often,often,always,sometimes,often,available,available,available,available,partial,available,partial,available,available,available,available,available,available,available,not_available,available,available,available,available,not_available,yes,yes,yes,no,no,dk,yes,no,dk,no,yes,no,no,yes,yes,3,2,3,4,1,4,5,3,3,4,4,4,4,2,2,Availability of IPC supplies and management support,"Water, soap and sharps containers",Maintain emergency PPE stocks and strengthen referral and notification procedures.,Staff understand IPC but workload can affect compliance.
R0284,yes,25_34,male,cho,bachelor,11_15,1_5,paediatric,primary,rural,yes,6m,yes,false,true,dk,false,true,true,true,true,true,false,dk,true,true,false,false,3,3,3,3,3,3,4,2,2,4,4,2,4,3,3,3,2,4,4,1,4,4,3,3,2,5,4,2,3,3,4,4,3,2,3,3,4,2,5,4,3,2,5,3,3,2,2,4,4,3,2,4,2,1,2,1,4,3,5,2,3,4,3,4,2,4,2,5,4,4,4,2,3,3,3,4,5,3,4,3,often,sometimes,always,often,rarely,often,sometimes,sometimes,rarely,rarely,sometimes,often,partial,partial,partial,unknown,partial,partial,available,available,available,available,partial,not_available,available,available,available,available,available,available,available,not_available,yes,no,yes,dk,dk,yes,no,yes,no,yes,yes,yes,dk,yes,yes,3,5,4,3,3,3,3,5,5,4,5,4,4,4,4,Limited isolation and waste-management infrastructure,"Gloves, masks, disinfectants and waste bins",Conduct routine IPC audits and communicate findings to staff.,Water supply and PPE availability should be maintained consistently.
R0285,yes,25_34,male,environmental_health,bachelor,1_5,1_5,inpatient,secondary,urban,no,unknown,yes,true,true,true,true,true,true,true,true,false,true,true,dk,dk,true,false,4,4,5,4,3,3,3,3,2,5,5,3,4,3,4,3,4,5,1,3,1,3,3,1,2,4,3,3,4,5,4,5,4,4,2,3,4,3,2,3,3,3,4,3,3,3,3,3,4,4,3,3,4,3,4,1,3,4,5,4,3,4,2,3,4,4,3,3,3,2,3,5,3,5,3,3,3,3,4,4,rarely,often,often,sometimes,often,sometimes,rarely,sometimes,sometimes,sometimes,rarely,na,available,partial,partial,not_available,available,available,not_available,available,available,available,available,available,available,not_available,partial,available,available,available,available,available,no,dk,dk,yes,yes,yes,yes,yes,no,dk,yes,yes,dk,no,yes,3,3,4,4,4,4,4,4,3,3,2,3,3,5,3,Insufficient refresher training and supervision,"PPE, hand-hygiene supplies and running water",Conduct regular IPC and Lassa fever refresher training and outbreak drills.,Water supply and PPE availability should be maintained consistently.
R0286,yes,25_34,male,cho,bachelor,11_15,1_5,other,primary,semiurban,yes,1_2y,yes,false,false,true,false,false,true,true,true,false,true,true,dk,true,dk,true,3,3,4,4,5,5,4,1,2,3,3,3,3,3,3,4,4,4,4,3,4,4,3,4,4,4,4,3,5,4,3,3,4,2,4,3,4,4,2,4,4,2,3,3,3,3,2,2,3,3,3,1,3,3,2,3,5,2,4,2,2,3,3,2,4,3,4,2,3,4,2,2,4,4,3,4,4,3,2,2,sometimes,always,never,sometimes,sometimes,sometimes,sometimes,always,often,rarely,sometimes,sometimes,available,available,available,not_available,available,available,available,available,available,available,available,unknown,unknown,not_available,available,available,available,available,partial,available,yes,yes,no,no,yes,yes,yes,no,yes,no,no,yes,yes,yes,yes,3,1,2,3,1,2,3,1,1,1,3,3,3,2,3,High workload and inadequate staffing,"PPE, hand-hygiene supplies and running water","Improve water, sanitation, waste management and PPE availability.",More practical outbreak drills and feedback would be useful.
R0287,yes,55_plus,male,nurse_midwife,master,6_10,1_5,community,primary,semiurban,yes,6m,no,true,true,true,false,false,true,true,true,true,true,true,true,true,false,true,2,4,4,3,1,1,1,4,3,3,4,5,3,3,5,3,2,2,3,3,5,3,3,4,5,3,5,2,5,3,3,3,4,3,5,4,4,2,3,2,3,3,4,3,2,4,3,4,5,5,3,3,5,1,2,1,1,3,4,4,3,3,2,3,3,3,2,4,4,3,3,3,3,2,4,2,2,1,3,2,sometimes,rarely,rarely,sometimes,rarely,sometimes,rarely,often,often,na,sometimes,often,available,partial,available,not_available,partial,available,not_available,available,not_available,partial,available,not_available,available,not_available,available,not_available,partial,available,not_available,available,no,yes,yes,dk,yes,no,no,dk,yes,yes,dk,yes,dk,no,no,1,2,2,2,3,3,2,2,2,4,3,3,3,4,2,Limited water and hand-hygiene supplies,"Training materials, PPE and cleaning supplies",Conduct routine IPC audits and communicate findings to staff.,Water supply and PPE availability should be maintained consistently.
R0288,yes,45_54,female,lab,hnd,11_15,6_10,opd,primary,rural,yes,7_12m,no,false,false,dk,dk,true,dk,dk,dk,dk,false,false,true,false,false,false,1,3,5,3,2,2,3,2,2,2,3,2,2,3,2,2,4,4,3,3,1,4,2,3,5,1,1,3,4,3,2,2,2,1,3,2,3,2,2,2,2,4,3,4,2,3,2,4,2,4,3,4,3,3,4,3,4,3,5,3,3,5,3,4,4,3,4,3,4,3,3,3,4,4,4,4,4,4,3,3,always,often,sometimes,sometimes,sometimes,sometimes,sometimes,sometimes,often,sometimes,sometimes,always,available,available,available,unknown,partial,available,available,not_available,partial,available,available,available,available,available,not_available,not_available,partial,available,available,not_available,yes,yes,yes,yes,no,no,yes,yes,yes,yes,dk,yes,dk,yes,no,3,3,3,4,5,3,2,4,3,4,3,4,4,3,4,Inconsistent PPE availability,"PPE, alcohol-based hand rub and isolation space",Maintain emergency PPE stocks and strengthen referral and notification procedures.,More practical outbreak drills and feedback would be useful.
R0289,yes,45_54,male,nurse_midwife,diploma,1_5,1_5,opd,primary,rural,yes,7_12m,yes,true,true,true,false,false,true,true,true,true,true,true,dk,true,false,true,2,2,3,3,4,3,3,3,3,4,2,3,3,2,4,3,5,3,3,3,3,3,3,2,2,3,2,2,3,3,1,3,2,3,1,3,3,2,3,3,3,3,4,3,2,3,4,4,3,4,3,5,4,3,2,3,2,4,5,3,1,2,2,1,2,3,3,4,3,2,3,3,2,2,3,2,3,1,4,3,rarely,rarely,rarely,rarely,rarely,rarely,rarely,never,rarely,never,rarely,never,partial,available,available,not_available,available,available,available,available,partial,available,partial,available,available,available,available,partial,available,not_available,available,not_available,no,no,yes,no,yes,no,no,no,no,dk,dk,dk,dk,no,no,3,3,2,4,4,2,2,3,2,3,4,4,3,3,3,High workload and inadequate staffing,"Training materials, PPE and cleaning supplies","Improve water, sanitation, waste management and PPE availability.",The facility needs stronger supervision and refresher training.
R0290,yes,25_34,male,cho,master,lt1,6_10,inpatient,primary,urban,yes,1_2y,yes,true,true,true,dk,dk,true,false,true,true,true,true,true,false,false,true,3,5,4,4,4,4,4,4,4,5,3,3,5,5,3,4,3,2,3,4,2,2,4,5,1,4,3,4,2,4,4,3,5,2,2,3,4,3,4,4,4,2,2,5,2,2,3,4,4,4,3,2,4,1,1,5,1,2,2,4,4,3,2,2,4,4,3,4,3,1,4,3,5,4,3,3,3,3,5,2,often,sometimes,rarely,sometimes,often,rarely,often,often,often,often,often,rarely,available,available,available,not_available,not_available,available,available,partial,available,partial,available,available,not_available,unknown,available,not_available,available,available,not_available,not_available,yes,no,yes,yes,dk,no,yes,yes,yes,dk,yes,yes,yes,dk,yes,4,4,3,3,3,3,2,4,3,3,4,3,4,3,3,Limited isolation and waste-management infrastructure,"Gloves, masks, disinfectants and waste bins",Maintain emergency PPE stocks and strengthen referral and notification procedures.,Regular monitoring and adequate supplies would improve compliance.
R0291,yes,45_54,male,nurse_midwife,master,1_5,1_5,laboratory,primary,urban,yes,1_2y,yes,true,true,false,false,false,true,true,true,dk,dk,true,true,true,false,true,5,2,2,3,1,4,3,1,3,4,4,3,2,2,4,3,4,3,2,3,2,4,4,3,3,3,2,3,2,3,3,3,5,3,4,4,2,2,4,3,2,3,4,4,4,5,3,4,4,4,5,4,4,2,3,3,3,4,4,4,2,3,5,3,2,4,3,2,3,2,3,3,3,5,3,3,1,2,5,2,sometimes,sometimes,sometimes,sometimes,sometimes,often,always,sometimes,often,always,often,often,not_available,not_available,available,available,available,partial,available,available,available,partial,available,not_available,available,not_available,available,available,available,not_available,available,available,dk,no,no,yes,yes,yes,yes,yes,no,dk,dk,no,dk,dk,yes,5,5,4,3,4,5,5,3,3,3,4,3,5,5,3,Inconsistent PPE availability,"Training materials, PPE and cleaning supplies",Maintain emergency PPE stocks and strengthen referral and notification procedures.,The facility needs stronger supervision and refresher training.
R0292,yes,45_54,female,doctor,diploma,1_5,lt1,paediatric,secondary,urban,yes,gt2y,yes,true,false,true,false,true,false,dk,true,true,true,false,true,false,true,true,3,3,4,4,3,3,2,3,1,3,4,1,3,2,2,2,3,2,4,4,2,3,2,2,3,3,2,3,2,2,2,2,1,2,4,3,1,2,3,4,3,3,1,3,2,4,4,4,4,4,3,2,5,3,2,2,3,3,4,3,3,2,3,3,3,4,2,2,4,5,4,4,5,3,4,2,3,4,4,3,never,rarely,sometimes,na,rarely,rarely,often,sometimes,often,often,sometimes,sometimes,available,available,available,available,unknown,available,available,partial,partial,available,available,available,available,available,available,available,partial,not_available,available,available,yes,yes,no,no,yes,yes,no,yes,yes,yes,yes,no,yes,no,yes,3,2,2,3,4,2,3,2,3,3,3,2,2,2,4,High workload and inadequate staffing,"Gloves, masks, disinfectants and waste bins",Maintain emergency PPE stocks and strengthen referral and notification procedures.,Water supply and PPE availability should be maintained consistently.
R0293,yes,18_24,male,lab,hnd,11_15,6_10,community,secondary,semiurban,yes,7_12m,no,true,true,true,false,false,true,dk,false,true,true,true,true,true,true,true,5,4,2,3,5,3,5,4,4,3,4,5,5,4,5,5,3,3,3,3,2,3,4,4,4,3,5,4,3,4,4,3,3,3,4,3,4,4,2,3,4,4,3,5,4,3,4,3,4,4,5,3,4,1,3,2,5,3,4,3,4,4,3,4,3,5,3,3,3,4,4,3,4,3,2,3,3,3,2,2,often,always,often,sometimes,rarely,often,often,sometimes,sometimes,often,always,always,available,partial,partial,available,available,partial,available,not_available,available,available,available,not_available,available,not_available,not_available,available,available,not_available,partial,available,yes,yes,yes,dk,no,yes,yes,no,yes,yes,yes,dk,yes,yes,dk,4,3,2,3,4,3,4,4,3,4,2,5,5,2,3,Limited isolation and waste-management infrastructure,"Water, soap and sharps containers",Conduct regular IPC and Lassa fever refresher training and outbreak drills.,The facility needs stronger supervision and refresher training.
R0294,yes,25_34,female,chew,bachelor,11_15,1_5,community,secondary,rural,yes,gt2y,no,false,true,dk,false,false,true,true,true,false,true,true,true,true,false,true,3,2,3,3,2,5,4,2,2,4,4,2,4,3,4,2,2,3,2,2,3,3,4,2,3,3,1,2,3,3,3,3,3,1,3,4,2,3,3,1,2,2,3,3,4,4,3,3,3,5,4,4,3,3,2,3,3,2,3,3,3,3,3,4,4,4,2,3,1,3,3,2,3,3,3,3,3,3,4,3,always,sometimes,often,often,often,always,often,often,often,often,often,always,partial,available,available,not_available,available,available,unknown,not_available,available,partial,not_available,not_available,not_available,available,not_available,partial,partial,available,partial,available,yes,yes,dk,yes,yes,yes,yes,no,yes,dk,yes,yes,no,yes,yes,3,3,5,3,3,5,4,4,3,4,4,3,3,4,3,Insufficient refresher training and supervision,"PPE, hand-hygiene supplies and running water",Conduct routine IPC audits and communicate findings to staff.,More practical outbreak drills and feedback would be useful.
R0295,yes,55_plus,male,nurse_midwife,bachelor,6_10,1_5,community,secondary,urban,yes,6m,no,false,true,dk,false,true,true,false,false,false,true,dk,true,true,false,true,3,3,3,3,5,3,1,3,3,4,3,3,2,5,3,4,3,1,2,4,3,3,5,2,3,4,2,3,5,5,4,4,4,5,4,4,4,4,4,4,3,2,5,3,4,1,3,4,2,3,3,1,4,2,3,3,4,3,3,1,4,3,4,2,3,3,2,2,3,3,3,3,2,3,4,4,4,3,4,3,always,often,often,often,often,sometimes,sometimes,sometimes,sometimes,sometimes,rarely,sometimes,available,available,available,available,unknown,available,partial,available,not_available,partial,available,available,available,not_available,not_available,available,available,available,available,partial,no,no,yes,no,yes,no,yes,yes,no,yes,yes,no,dk,yes,yes,3,2,2,3,1,1,3,1,1,3,2,2,2,3,4,Limited isolation and waste-management infrastructure,"Training materials, PPE and cleaning supplies",Conduct regular IPC and Lassa fever refresher training and outbreak drills.,Regular monitoring and adequate supplies would improve compliance.
R0296,yes,25_34,female,chew,bachelor,gt15,1_5,opd,primary,rural,yes,6m,no,true,true,true,dk,true,true,false,true,true,true,false,true,dk,false,true,2,4,2,4,3,3,2,4,3,3,2,1,2,1,3,2,3,4,3,3,2,1,3,3,3,1,2,1,2,2,1,3,4,1,1,4,1,2,2,1,1,3,3,1,4,3,2,2,3,1,5,3,4,4,3,4,4,3,3,2,2,4,2,3,3,3,3,4,3,3,2,2,3,5,3,3,2,3,4,2,often,often,often,often,rarely,sometimes,sometimes,sometimes,often,sometimes,sometimes,sometimes,unknown,available,available,partial,available,partial,not_available,not_available,available,partial,available,available,available,available,available,not_available,available,partial,partial,unknown,no,yes,yes,yes,dk,yes,yes,yes,dk,no,yes,yes,yes,yes,yes,3,3,2,3,3,4,5,4,2,2,3,4,4,4,3,Limited isolation and waste-management infrastructure,"Training materials, PPE and cleaning supplies","Improve water, sanitation, waste management and PPE availability.",The facility needs stronger supervision and refresher training.
R0297,yes,45_54,female,nurse_midwife,hnd,gt15,lt1,opd,secondary,semiurban,no,unknown,yes,dk,false,false,false,false,false,true,true,true,true,true,true,true,dk,true,3,2,2,3,2,4,5,1,2,3,4,3,2,2,3,3,3,4,4,2,4,4,4,4,5,3,5,4,4,3,4,3,3,3,5,4,3,3,4,4,3,3,5,4,3,3,2,2,4,4,3,2,2,3,3,4,5,3,1,3,4,1,3,4,5,3,3,4,3,4,3,2,3,3,4,1,4,3,3,3,rarely,sometimes,rarely,sometimes,often,rarely,sometimes,often,often,never,sometimes,sometimes,available,available,available,available,available,available,available,not_available,not_available,available,available,not_available,available,available,not_available,not_available,available,not_available,available,available,no,dk,dk,yes,no,yes,yes,yes,no,no,yes,dk,no,no,yes,3,2,1,3,3,3,4,2,4,1,2,2,3,2,4,Insufficient refresher training and supervision,"Water, soap and sharps containers",Conduct regular IPC and Lassa fever refresher training and outbreak drills.,Water supply and PPE availability should be maintained consistently.
R0298,yes,25_34,female,cho,bachelor,6_10,11_15,environmental,secondary,rural,yes,6m,no,true,true,true,false,false,true,false,true,dk,true,true,true,true,false,true,4,4,4,4,2,4,3,5,3,5,5,4,2,4,3,4,4,5,4,4,3,1,3,3,3,2,4,5,4,4,2,1,3,4,4,4,3,2,3,3,4,4,2,4,2,4,4,3,2,2,3,3,3,2,3,2,4,2,5,3,2,2,3,1,2,3,2,1,3,3,2,2,2,2,4,2,3,3,3,3,sometimes,sometimes,never,rarely,rarely,rarely,rarely,rarely,rarely,sometimes,sometimes,rarely,not_available,available,partial,available,available,available,available,available,not_available,available,partial,partial,available,available,available,available,available,available,available,available,yes,no,yes,yes,dk,dk,yes,dk,no,no,yes,yes,yes,yes,yes,3,3,3,4,3,3,2,3,2,1,2,2,3,2,2,Inconsistent PPE availability,"PPE, alcohol-based hand rub and isolation space","Provide a functional isolation area, clear SOPs and regular supervision.",Water supply and PPE availability should be maintained consistently.
R0299,yes,35_44,female,nurse_midwife,hnd,6_10,6_10,emergency,primary,rural,yes,1_2y,no,true,true,dk,true,false,true,true,true,false,dk,true,true,false,false,true,2,4,3,2,3,3,2,2,3,4,3,2,3,1,3,5,4,4,2,3,4,4,4,5,5,5,5,4,3,4,4,5,4,4,4,4,2,3,4,5,4,4,4,4,5,3,5,4,4,5,3,5,3,2,3,2,4,3,3,4,4,3,4,4,5,3,3,5,4,3,3,4,4,4,4,5,5,3,3,4,rarely,often,always,rarely,sometimes,always,rarely,sometimes,often,often,sometimes,always,partial,available,available,not_available,partial,available,not_available,not_available,available,available,available,available,not_available,available,not_available,available,available,not_available,available,partial,yes,yes,dk,yes,no,no,yes,yes,yes,dk,dk,yes,yes,dk,yes,3,3,3,5,3,4,4,4,3,3,2,3,4,2,5,Insufficient refresher training and supervision,"PPE, alcohol-based hand rub and isolation space","Provide a functional isolation area, clear SOPs and regular supervision.",The facility needs stronger supervision and refresher training.
R0300,yes,35_44,female,cho,certificate,1_5,11_15,inpatient,primary,rural,no,unknown,no,true,true,false,true,true,true,true,true,true,true,false,true,false,false,true,5,3,4,3,3,3,3,4,5,4,3,3,5,5,4,2,4,5,3,4,3,4,5,3,3,3,5,4,2,3,4,4,4,4,2,4,2,5,4,4,2,3,2,5,1,2,4,5,4,4,3,2,4,1,5,3,4,4,3,3,2,4,5,5,2,3,4,4,5,2,2,5,4,2,5,2,2,4,2,5,often,often,often,often,always,sometimes,sometimes,na,sometimes,sometimes,always,always,not_available,available,available,partial,not_available,available,partial,available,available,available,available,available,partial,not_available,partial,available,available,not_available,not_available,available,no,no,no,dk,no,no,no,no,yes,no,yes,yes,no,yes,no,2,3,4,2,2,3,3,3,4,3,3,3,4,3,1,Availability of IPC supplies and management support,"PPE, alcohol-based hand rub and isolation space",Conduct routine IPC audits and communicate findings to staff.,Staff understand IPC but workload can affect compliance.
R0301,yes,55_plus,female,lab,certificate,1_5,1_5,maternity,secondary,urban,yes,1_2y,no,false,dk,true,dk,false,true,false,true,false,true,true,false,true,true,true,3,5,4,4,3,5,3,4,3,5,4,5,3,3,3,4,3,2,3,3,2,3,2,3,3,3,1,3,3,3,2,5,4,2,3,3,3,3,3,2,2,4,3,4,2,3,3,2,1,2,3,2,1,3,3,3,2,4,2,2,3,2,3,1,2,2,2,2,2,3,2,2,2,2,4,2,1,3,4,4,always,sometimes,sometimes,rarely,often,rarely,sometimes,sometimes,sometimes,sometimes,sometimes,rarely,available,available,partial,not_available,partial,available,available,partial,not_available,available,available,available,unknown,partial,not_available,not_available,available,not_available,not_available,not_available,no,yes,yes,yes,yes,yes,dk,dk,dk,dk,yes,no,no,yes,no,1,3,1,3,3,2,2,3,3,3,1,4,2,4,3,Limited water and hand-hygiene supplies,"Training materials, PPE and cleaning supplies",Maintain emergency PPE stocks and strengthen referral and notification procedures.,Staff understand IPC but workload can affect compliance.
R0302,yes,25_34,female,chew,other,6_10,11_15,community,primary,semiurban,yes,gt2y,yes,true,true,false,true,false,false,true,false,dk,true,false,true,dk,false,true,4,5,4,2,2,2,1,4,4,5,3,4,3,4,3,3,4,3,3,2,1,3,2,2,3,3,4,3,4,2,4,4,2,2,3,2,2,3,2,5,4,2,3,3,3,3,3,2,3,4,1,3,2,4,3,2,2,4,2,1,2,3,2,3,5,3,3,2,3,3,4,4,2,3,1,4,2,3,2,2,rarely,always,sometimes,always,always,often,often,sometimes,often,often,na,sometimes,partial,available,available,available,available,not_available,available,partial,available,available,partial,available,not_available,not_available,partial,available,available,not_available,available,available,yes,yes,yes,no,yes,yes,yes,yes,yes,no,yes,yes,dk,yes,yes,2,4,2,2,2,2,2,3,1,3,4,3,3,2,3,High workload and inadequate staffing,"PPE, hand-hygiene supplies and running water",Maintain emergency PPE stocks and strengthen referral and notification procedures.,More practical outbreak drills and feedback would be useful.
R0303,yes,45_54,prefer_not,lab,bachelor,lt1,6_10,paediatric,secondary,semiurban,no,unknown,yes,true,false,false,false,false,true,true,dk,false,true,true,dk,true,dk,true,4,2,3,3,3,3,3,4,2,5,4,3,3,3,4,5,3,3,1,2,1,4,3,2,3,2,1,3,3,2,3,3,4,3,3,2,4,1,1,2,3,1,3,2,1,1,3,4,1,1,3,3,4,4,3,2,4,3,3,2,2,2,1,3,4,2,3,1,2,2,2,2,2,2,3,2,3,4,3,3,often,always,sometimes,sometimes,often,rarely,often,always,na,often,often,rarely,unknown,partial,partial,available,available,available,available,available,available,available,available,available,available,partial,partial,available,available,available,available,unknown,yes,dk,dk,yes,yes,dk,yes,no,yes,yes,yes,no,yes,yes,yes,3,1,2,4,2,4,3,3,2,3,3,2,1,2,3,Limited water and hand-hygiene supplies,"PPE, alcohol-based hand rub and isolation space",Conduct regular IPC and Lassa fever refresher training and outbreak drills.,More practical outbreak drills and feedback would be useful.
R0304,yes,35_44,male,chew,hnd,1_5,gt15,emergency,secondary,rural,no,unknown,yes,true,true,true,false,true,false,true,true,dk,true,true,true,dk,true,dk,3,2,4,2,3,1,2,1,2,2,2,3,3,3,2,4,3,2,3,3,4,4,4,4,3,3,5,3,3,3,3,3,1,4,2,2,4,3,3,1,2,1,4,4,3,4,2,4,3,4,2,4,3,4,3,2,3,5,3,2,4,3,3,4,4,4,3,2,3,3,4,3,4,5,3,4,2,5,4,3,often,always,often,often,always,often,sometimes,often,na,often,always,always,available,partial,available,available,partial,unknown,available,not_available,not_available,available,available,available,available,available,available,not_available,available,available,not_available,partial,no,yes,no,yes,yes,no,no,yes,yes,dk,yes,yes,no,no,no,2,2,3,3,2,3,2,2,1,3,2,2,3,1,3,High workload and inadequate staffing,"PPE, alcohol-based hand rub and isolation space",Conduct routine IPC audits and communicate findings to staff.,Regular monitoring and adequate supplies would improve compliance.
R0305,yes,25_34,male,cho,master,11_15,1_5,laboratory,secondary,semiurban,yes,1_2y,yes,false,dk,true,true,false,true,true,true,true,true,true,false,false,dk,false,4,3,3,3,4,3,5,3,3,4,3,4,3,3,3,4,3,4,2,4,4,4,5,3,4,2,3,5,3,2,5,3,2,3,3,5,3,4,5,4,3,4,4,5,2,4,3,2,5,3,4,4,5,4,2,2,3,2,4,4,3,3,4,3,4,3,4,4,3,1,3,5,2,3,5,2,3,3,2,1,always,sometimes,rarely,rarely,rarely,often,often,rarely,rarely,rarely,often,often,partial,available,available,partial,available,available,available,unknown,partial,available,available,available,not_available,partial,partial,partial,not_available,unknown,partial,available,yes,dk,yes,no,no,no,yes,yes,yes,no,no,no,dk,yes,yes,2,2,2,3,1,3,4,5,3,4,3,4,3,3,3,Inconsistent PPE availability,"PPE, hand-hygiene supplies and running water",Conduct routine IPC audits and communicate findings to staff.,More practical outbreak drills and feedback would be useful.
R0306,yes,35_44,male,lab,bachelor,6_10,1_5,inpatient,primary,rural,no,unknown,no,false,false,false,false,true,true,false,true,false,true,true,true,dk,true,true,2,4,1,1,2,3,4,3,2,2,2,2,4,2,3,2,3,2,2,3,3,3,4,3,3,4,2,2,3,4,5,3,4,4,3,4,3,3,3,3,3,3,3,4,4,4,2,4,3,4,2,4,4,3,2,2,3,4,4,3,2,4,4,3,2,4,4,5,1,3,2,4,3,4,2,5,4,2,3,4,often,often,sometimes,sometimes,often,often,often,rarely,sometimes,rarely,rarely,often,available,available,not_available,available,available,available,not_available,not_available,available,partial,available,available,available,available,not_available,available,not_available,partial,available,available,yes,no,yes,yes,dk,no,yes,yes,yes,yes,yes,no,yes,yes,yes,3,4,4,3,4,2,4,4,3,3,3,4,2,4,4,Inconsistent PPE availability,"PPE, alcohol-based hand rub and isolation space",Maintain emergency PPE stocks and strengthen referral and notification procedures.,Regular monitoring and adequate supplies would improve compliance.
R0307,yes,25_34,male,nurse_midwife,bachelor,11_15,11_15,inpatient,primary,urban,yes,6m,no,true,false,true,dk,false,true,true,false,true,true,true,true,true,dk,true,2,2,3,2,4,3,3,2,3,3,4,4,3,4,3,4,4,4,3,2,4,4,3,4,5,4,4,4,4,4,4,5,3,2,3,4,4,5,3,4,4,3,4,4,4,4,2,4,3,3,4,3,2,3,3,3,5,4,2,4,4,2,2,2,4,3,3,2,4,2,4,2,3,3,5,3,3,2,4,1,often,often,sometimes,sometimes,rarely,sometimes,sometimes,sometimes,sometimes,often,rarely,often,available,available,available,available,not_available,not_available,not_available,unknown,partial,available,available,unknown,available,available,not_available,available,partial,available,not_available,available,yes,yes,yes,yes,yes,yes,no,yes,yes,dk,yes,yes,dk,yes,no,2,1,3,3,2,1,3,2,1,1,1,2,2,2,2,High workload and inadequate staffing,"Gloves, masks, disinfectants and waste bins","Provide a functional isolation area, clear SOPs and regular supervision.",More practical outbreak drills and feedback would be useful.
R0308,yes,25_34,female,cho,certificate,6_10,1_5,paediatric,primary,rural,yes,1_2y,no,true,true,true,false,false,true,true,true,true,true,true,true,true,false,true,3,2,5,4,3,4,5,3,4,3,5,4,2,3,3,4,4,3,5,3,3,1,2,2,2,2,2,1,1,2,2,1,2,3,1,3,2,4,4,2,3,3,2,1,2,3,3,4,4,4,3,3,4,4,2,1,2,4,3,4,4,2,3,4,3,4,3,3,2,5,3,3,3,3,3,4,5,5,5,4,often,sometimes,sometimes,often,often,often,often,often,rarely,rarely,rarely,always,available,not_available,available,available,partial,available,not_available,available,available,available,partial,available,available,available,available,available,available,available,not_available,available,dk,yes,no,yes,no,yes,dk,yes,yes,dk,dk,yes,yes,yes,yes,4,4,2,4,3,3,3,3,3,2,5,4,3,2,2,Limited water and hand-hygiene supplies,"PPE, alcohol-based hand rub and isolation space",Maintain emergency PPE stocks and strengthen referral and notification procedures.,More practical outbreak drills and feedback would be useful.
R0309,yes,35_44,male,environmental_health,bachelor,11_15,1_5,inpatient,primary,rural,yes,gt2y,yes,true,true,true,false,false,true,true,true,true,true,false,true,true,false,false,5,4,1,3,3,1,4,4,4,4,3,2,2,3,2,5,4,2,3,3,3,5,4,2,3,3,4,3,4,4,4,4,3,5,3,2,5,4,3,4,3,4,3,4,5,3,4,3,3,4,4,2,3,4,1,4,3,2,2,2,4,4,3,4,3,3,3,3,4,4,3,3,2,2,2,4,3,4,3,3,often,rarely,rarely,often,often,rarely,sometimes,often,sometimes,sometimes,always,often,available,unknown,available,partial,partial,available,not_available,available,available,not_available,partial,available,available,not_available,available,available,partial,available,available,partial,no,yes,yes,no,yes,yes,no,no,yes,yes,yes,yes,yes,no,dk,3,3,4,5,3,4,5,3,4,3,1,2,5,4,4,High workload and inadequate staffing,"Gloves, masks, disinfectants and waste bins",Conduct regular IPC and Lassa fever refresher training and outbreak drills.,Staff understand IPC but workload can affect compliance.
R0310,yes,18_24,female,chew,doctorate,6_10,6_10,paediatric,secondary,urban,no,unknown,yes,false,false,true,true,dk,false,false,true,true,true,true,true,dk,false,true,4,3,3,3,5,3,4,3,2,4,2,3,4,5,3,3,5,4,4,3,3,2,4,4,2,2,4,5,4,3,2,3,3,3,4,3,4,3,3,3,3,3,4,2,4,4,5,4,3,2,3,4,3,2,3,3,2,2,2,4,2,2,3,5,2,4,3,2,2,3,3,1,2,4,4,2,3,2,3,4,rarely,sometimes,often,often,sometimes,sometimes,often,sometimes,sometimes,always,rarely,always,available,available,available,partial,unknown,available,partial,available,partial,available,available,available,not_available,available,available,available,not_available,partial,partial,partial,yes,yes,no,no,no,yes,yes,dk,no,no,yes,yes,yes,no,yes,1,3,4,3,2,4,2,5,5,3,3,5,3,2,4,Availability of IPC supplies and management support,"PPE, alcohol-based hand rub and isolation space",Conduct routine IPC audits and communicate findings to staff.,More practical outbreak drills and feedback would be useful.
R0311,yes,45_54,female,nurse_midwife,bachelor,1_5,1_5,inpatient,secondary,rural,yes,6m,no,false,false,dk,true,false,false,dk,true,false,false,true,true,true,false,true,3,3,4,3,4,2,3,2,1,2,3,3,5,2,3,1,5,5,3,4,2,3,3,2,3,3,3,3,5,4,2,3,5,5,2,2,2,3,1,3,3,2,5,3,2,4,3,2,3,3,3,2,3,3,3,4,2,3,5,4,4,4,4,3,3,4,3,3,2,4,3,4,2,2,4,2,4,4,4,2,rarely,often,sometimes,sometimes,rarely,rarely,rarely,rarely,rarely,often,often,sometimes,available,available,available,available,available,available,available,available,available,available,not_available,partial,available,not_available,available,available,not_available,not_available,available,partial,yes,yes,no,yes,no,yes,yes,yes,yes,dk,yes,dk,dk,yes,no,2,2,3,2,1,4,3,2,3,1,2,3,3,4,2,High workload and inadequate staffing,"PPE, hand-hygiene supplies and running water","Provide a functional isolation area, clear SOPs and regular supervision.",The facility needs stronger supervision and refresher training.
R0312,yes,35_44,female,jchew,bachelor,6_10,6_10,inpatient,primary,urban,yes,7_12m,no,dk,false,dk,false,false,false,true,dk,false,true,true,true,dk,true,false,4,3,3,2,2,2,5,3,3,3,3,4,3,4,4,3,3,3,4,2,3,3,1,3,4,4,3,3,3,3,3,1,4,4,5,3,4,3,3,2,3,4,3,2,3,3,3,3,2,4,2,2,2,3,5,5,4,5,2,1,4,3,3,3,1,2,4,2,2,4,4,2,3,3,3,2,4,3,5,3,always,rarely,sometimes,often,often,always,rarely,often,often,often,sometimes,sometimes,available,unknown,partial,not_available,available,available,available,available,partial,available,available,available,partial,available,available,available,not_available,available,available,available,no,yes,yes,yes,dk,yes,dk,yes,yes,dk,no,yes,dk,yes,yes,3,1,2,2,2,4,4,1,3,3,3,3,2,3,1,High workload and inadequate staffing,"Training materials, PPE and cleaning supplies","Provide a functional isolation area, clear SOPs and regular supervision.",More practical outbreak drills and feedback would be useful.
R0313,yes,18_24,male,pharmacy,diploma,1_5,1_5,pharmacy,primary,urban,yes,6m,no,true,true,true,false,false,true,true,true,dk,true,true,true,true,false,false,3,3,2,2,1,4,3,3,3,2,4,3,2,2,3,2,2,1,3,3,3,3,3,2,2,3,2,2,4,3,5,3,4,2,2,4,4,4,2,4,2,5,1,3,2,5,2,2,3,2,2,2,2,3,1,3,4,4,3,4,1,3,2,3,2,3,3,2,3,3,2,2,3,3,2,4,3,3,1,3,sometimes,sometimes,rarely,sometimes,never,never,often,never,never,often,na,rarely,available,available,available,available,available,available,not_available,not_available,not_available,available,available,not_available,available,available,partial,available,partial,available,available,available,yes,yes,yes,no,yes,dk,yes,yes,no,dk,yes,no,dk,yes,yes,3,2,2,3,1,3,2,1,2,1,1,4,2,1,2,Inconsistent PPE availability,"Gloves, masks, disinfectants and waste bins","Improve water, sanitation, waste management and PPE availability.",Regular monitoring and adequate supplies would improve compliance.
R0314,yes,25_34,female,cho,hnd,gt15,6_10,laboratory,secondary,urban,yes,6m,yes,true,true,true,false,false,true,true,true,true,true,false,true,true,false,true,4,2,4,4,4,2,2,3,2,2,4,4,3,3,4,3,3,3,4,3,3,3,4,3,3,4,4,3,3,4,4,3,4,3,3,3,3,3,3,2,5,4,4,5,4,2,4,2,3,4,3,4,4,4,4,3,4,3,3,3,4,4,3,4,3,3,2,3,1,3,1,4,2,3,4,4,3,4,4,4,na,often,often,often,always,always,sometimes,sometimes,always,sometimes,often,always,available,available,not_available,partial,available,available,available,available,available,available,available,available,available,not_available,available,partial,available,available,available,partial,yes,yes,yes,yes,yes,yes,no,yes,no,dk,no,yes,yes,yes,yes,3,4,2,4,4,2,3,3,3,3,3,2,2,3,4,Limited water and hand-hygiene supplies,"Training materials, PPE and cleaning supplies",Conduct routine IPC audits and communicate findings to staff.,Regular monitoring and adequate supplies would improve compliance.
R0315,yes,35_44,female,chew,hnd,1_5,1_5,maternity,primary,urban,no,unknown,yes,true,true,true,false,false,dk,true,true,true,false,true,false,dk,false,true,2,2,3,3,2,3,3,1,3,3,3,2,2,3,2,2,3,1,3,3,4,3,4,4,2,3,3,5,2,1,3,2,3,2,3,3,2,4,2,3,1,3,1,3,1,1,4,2,2,2,3,2,4,4,3,4,5,3,4,3,3,2,2,1,1,2,3,3,1,2,2,2,3,3,3,1,2,1,2,3,rarely,sometimes,rarely,sometimes,rarely,never,sometimes,rarely,rarely,rarely,never,rarely,partial,available,available,available,available,available,available,available,available,not_available,unknown,partial,not_available,not_available,partial,not_available,available,not_available,available,not_available,yes,yes,no,dk,yes,dk,yes,no,yes,no,yes,yes,no,yes,yes,2,2,1,1,3,2,2,2,3,2,1,1,1,1,2,High workload and inadequate staffing,"Training materials, PPE and cleaning supplies","Provide a functional isolation area, clear SOPs and regular supervision.",The facility needs stronger supervision and refresher training.
R0316,yes,18_24,male,attendant,bachelor,11_15,1_5,environmental,secondary,semiurban,yes,1_2y,yes,true,false,false,true,true,true,false,true,true,true,dk,false,false,true,dk,3,3,4,2,1,2,4,2,4,5,3,2,3,3,3,3,3,4,1,3,3,2,4,3,3,4,2,2,2,2,2,3,3,2,3,3,3,2,2,1,2,1,3,2,3,2,4,3,1,2,3,2,3,2,3,2,3,3,2,3,3,3,3,4,5,2,3,3,4,2,3,2,3,3,2,2,2,2,2,2,sometimes,sometimes,rarely,rarely,sometimes,always,rarely,sometimes,often,rarely,sometimes,rarely,available,available,available,not_available,available,available,available,not_available,partial,available,available,partial,available,not_available,partial,available,available,available,available,unknown,dk,yes,yes,yes,no,no,no,dk,no,dk,yes,yes,yes,yes,no,4,3,4,3,4,5,4,1,4,3,4,3,3,3,4,Limited water and hand-hygiene supplies,"Gloves, masks, disinfectants and waste bins","Improve water, sanitation, waste management and PPE availability.",The facility needs stronger supervision and refresher training.
R0317,yes,45_54,female,jchew,diploma,11_15,1_5,inpatient,primary,rural,yes,gt2y,no,true,true,true,true,false,true,dk,true,true,true,true,true,true,false,true,4,3,5,3,4,2,5,3,4,1,4,5,4,3,3,3,4,4,4,3,4,5,4,3,4,4,5,3,3,4,5,3,5,4,2,4,5,3,3,1,3,3,2,5,3,2,1,1,3,3,2,3,1,4,3,4,4,1,1,2,3,4,2,4,2,3,3,5,1,2,3,4,1,2,3,1,3,3,4,3,always,often,often,always,always,often,sometimes,sometimes,sometimes,sometimes,often,always,partial,available,unknown,not_available,available,available,not_available,not_available,partial,available,available,available,not_available,partial,not_available,available,available,available,unknown,not_available,no,dk,dk,yes,no,yes,no,yes,yes,no,dk,yes,no,yes,yes,3,3,3,4,3,3,3,4,3,4,3,3,4,4,3,Inconsistent PPE availability,"Water, soap and sharps containers","Provide a functional isolation area, clear SOPs and regular supervision.",Regular monitoring and adequate supplies would improve compliance.
R0318,yes,45_54,male,cho,bachelor,11_15,1_5,emergency,primary,urban,yes,1_2y,no,dk,dk,dk,true,false,true,false,dk,dk,true,false,false,dk,dk,false,3,4,2,4,2,3,4,3,3,1,4,3,2,3,3,5,2,3,4,2,3,3,4,3,3,2,3,5,3,3,2,4,4,1,2,2,3,4,3,4,3,4,3,2,4,2,3,2,2,3,2,2,2,4,3,3,2,4,4,1,1,3,2,2,2,4,2,3,3,1,4,4,4,2,2,3,3,3,1,2,sometimes,often,always,sometimes,often,often,sometimes,sometimes,always,sometimes,often,sometimes,available,available,not_available,available,available,partial,partial,available,partial,not_available,unknown,available,available,partial,not_available,available,available,not_available,available,available,yes,no,yes,yes,dk,no,yes,no,yes,no,no,no,dk,yes,yes,3,3,3,3,3,2,3,2,2,3,1,3,4,4,4,Availability of IPC supplies and management support,"PPE, alcohol-based hand rub and isolation space",Maintain emergency PPE stocks and strengthen referral and notification procedures.,Water supply and PPE availability should be maintained consistently.
R0319,yes,45_54,male,chew,hnd,11_15,6_10,maternity,primary,urban,yes,7_12m,no,true,true,true,false,true,false,true,true,true,true,false,true,true,false,true,4,3,3,2,3,2,1,5,5,2,4,3,5,4,2,4,3,3,4,3,3,4,3,4,3,2,3,3,1,5,3,4,3,5,3,3,4,3,5,3,1,3,3,3,3,5,5,4,3,4,3,4,4,2,3,1,2,2,4,4,1,2,5,4,4,2,3,5,2,3,4,3,4,2,3,3,2,5,3,3,never,sometimes,often,rarely,sometimes,never,always,rarely,sometimes,sometimes,often,often,available,available,available,available,available,available,available,available,partial,not_available,available,available,available,available,not_available,partial,partial,partial,available,available,yes,yes,yes,no,yes,yes,yes,yes,no,yes,yes,yes,dk,no,dk,5,3,5,4,4,3,3,3,4,3,3,4,4,3,5,Insufficient refresher training and supervision,"Water, soap and sharps containers",Maintain emergency PPE stocks and strengthen referral and notification procedures.,Water supply and PPE availability should be maintained consistently.
R0320,yes,25_34,male,nurse_midwife,bachelor,gt15,lt1,community,secondary,urban,yes,7_12m,no,true,false,false,false,false,true,true,dk,dk,true,false,dk,dk,false,true,3,3,2,3,3,3,3,3,2,3,2,3,4,3,4,2,3,3,2,3,4,5,2,4,3,5,1,4,4,3,3,5,3,3,3,4,3,4,2,4,4,2,5,4,5,3,4,3,3,3,3,4,2,3,4,2,4,4,2,3,2,3,3,2,2,4,3,3,2,3,2,4,4,3,3,2,2,2,4,2,sometimes,sometimes,rarely,often,rarely,sometimes,often,sometimes,sometimes,rarely,rarely,rarely,available,partial,available,available,available,available,not_available,not_available,available,partial,available,available,available,available,available,available,partial,available,not_available,available,dk,yes,yes,no,no,yes,yes,yes,no,yes,yes,no,no,yes,no,4,4,4,4,4,2,2,2,4,4,1,2,3,2,5,High workload and inadequate staffing,"PPE, alcohol-based hand rub and isolation space",Conduct regular IPC and Lassa fever refresher training and outbreak drills.,More practical outbreak drills and feedback would be useful.
R0321,yes,45_54,female,chew,diploma,1_5,lt1,maternity,primary,semiurban,yes,7_12m,no,dk,true,true,true,true,false,dk,true,false,true,true,dk,false,true,dk,2,3,4,2,2,3,4,4,3,5,2,4,3,4,4,4,5,3,4,3,1,3,4,2,3,1,3,4,3,3,2,4,3,3,4,1,1,3,2,4,1,4,2,3,3,3,3,3,4,2,1,4,1,3,4,4,3,3,3,4,2,2,2,3,2,1,1,2,2,1,1,1,1,1,2,2,3,3,2,1,sometimes,sometimes,sometimes,sometimes,often,often,often,rarely,sometimes,sometimes,sometimes,rarely,available,available,available,available,not_available,partial,not_available,partial,available,not_available,not_available,available,partial,not_available,not_available,partial,available,partial,not_available,available,yes,yes,yes,yes,yes,yes,yes,yes,yes,dk,no,no,yes,yes,no,1,2,2,2,2,2,1,1,2,1,3,1,3,3,3,Inconsistent PPE availability,"Gloves, masks, disinfectants and waste bins",Maintain emergency PPE stocks and strengthen referral and notification procedures.,The facility needs stronger supervision and refresher training.
R0322,yes,25_34,male,pharmacy,bachelor,gt15,lt1,paediatric,primary,rural,yes,gt2y,no,true,false,dk,false,true,true,dk,false,true,false,false,true,false,dk,true,4,3,3,4,3,2,2,4,3,3,4,4,1,2,4,3,2,3,2,4,4,2,3,3,1,4,2,4,3,3,2,3,4,2,2,4,2,4,1,3,3,3,4,2,3,2,3,4,3,3,4,5,4,4,2,4,3,2,3,3,3,3,3,4,3,1,4,2,4,2,4,3,5,3,3,3,3,4,4,3,rarely,sometimes,sometimes,often,sometimes,sometimes,often,often,often,rarely,often,often,available,available,partial,not_available,available,available,not_available,partial,partial,available,available,available,available,available,available,not_available,available,not_available,partial,available,yes,no,yes,yes,no,dk,dk,dk,yes,dk,no,yes,yes,no,yes,3,1,3,2,4,3,3,4,2,3,3,2,1,4,4,Inconsistent PPE availability,"PPE, alcohol-based hand rub and isolation space",Conduct routine IPC audits and communicate findings to staff.,More practical outbreak drills and feedback would be useful.
R0323,yes,45_54,male,lab,bachelor,1_5,11_15,opd,primary,rural,yes,gt2y,no,true,true,true,dk,false,dk,true,true,true,true,true,true,false,true,dk,3,3,3,4,2,3,4,4,4,3,3,5,3,4,4,2,4,3,5,4,5,3,4,3,4,2,4,4,4,3,3,4,4,4,4,2,5,4,4,4,2,4,4,4,4,2,4,3,2,3,2,4,2,3,2,3,3,3,3,3,1,2,3,3,4,4,3,3,1,2,2,3,2,2,3,3,2,3,1,3,always,sometimes,often,always,always,often,sometimes,sometimes,often,sometimes,often,often,available,not_available,available,partial,available,available,not_available,not_available,available,not_available,available,available,available,available,not_available,not_available,available,available,available,not_available,yes,yes,yes,yes,yes,dk,yes,no,yes,no,yes,no,dk,yes,no,4,4,4,2,4,4,2,5,4,3,4,3,2,2,2,Inconsistent PPE availability,"PPE, hand-hygiene supplies and running water","Improve water, sanitation, waste management and PPE availability.",Staff understand IPC but workload can affect compliance.
R0324,yes,45_54,male,nurse_midwife,bachelor,6_10,lt1,community,primary,urban,yes,7_12m,yes,dk,true,false,true,true,true,dk,false,true,false,true,false,dk,true,false,4,5,5,5,4,3,5,5,5,4,3,4,4,3,2,4,5,4,4,4,2,2,3,2,3,3,3,2,2,1,3,3,3,2,3,3,4,3,4,2,3,3,3,3,2,4,5,3,5,4,4,5,2,3,3,3,1,2,5,4,3,2,5,4,2,1,4,4,2,2,3,2,3,2,2,4,2,3,2,3,sometimes,sometimes,rarely,rarely,rarely,sometimes,sometimes,sometimes,sometimes,rarely,sometimes,sometimes,partial,partial,unknown,available,available,partial,unknown,available,available,available,available,partial,not_available,available,not_available,not_available,available,available,not_available,partial,no,yes,yes,no,no,yes,no,yes,no,dk,no,yes,no,yes,yes,2,5,4,3,3,4,4,3,2,4,3,4,4,3,3,Inconsistent PPE availability,"Gloves, masks, disinfectants and waste bins",Conduct regular IPC and Lassa fever refresher training and outbreak drills.,The facility needs stronger supervision and refresher training.
R0325,yes,18_24,female,chew,doctorate,gt15,1_5,pharmacy,primary,urban,yes,7_12m,no,true,true,true,false,false,true,true,true,true,true,true,true,true,false,true,3,5,2,3,4,4,3,3,3,4,3,3,2,5,5,3,3,5,3,4,2,3,4,4,3,3,3,1,4,2,4,4,4,3,5,4,3,3,4,4,4,3,3,1,5,2,4,4,3,4,4,2,4,3,4,4,3,4,5,3,3,3,3,3,3,2,4,2,3,1,3,3,2,3,3,3,3,3,3,2,often,always,often,sometimes,often,often,often,often,often,always,often,often,partial,available,partial,available,available,available,available,available,partial,partial,available,available,available,available,not_available,partial,not_available,unknown,partial,partial,no,yes,no,yes,no,yes,dk,no,no,no,yes,no,yes,no,no,3,4,3,3,3,4,4,3,5,4,4,2,5,4,3,Limited water and hand-hygiene supplies,"PPE, hand-hygiene supplies and running water",Maintain emergency PPE stocks and strengthen referral and notification procedures.,More practical outbreak drills and feedback would be useful.
R0326,yes,35_44,male,environmental_health,doctorate,1_5,1_5,opd,primary,urban,yes,7_12m,no,true,true,false,false,false,true,true,true,true,true,true,true,true,false,true,2,3,3,4,2,2,3,3,3,4,2,4,3,3,1,2,3,4,3,4,4,3,2,1,2,3,3,1,2,1,2,4,2,1,2,4,3,2,4,4,3,4,3,2,2,3,2,3,3,2,3,3,4,5,1,4,3,5,2,3,4,4,3,3,3,2,3,3,4,3,3,4,2,3,3,3,2,4,2,4,rarely,sometimes,often,always,sometimes,always,rarely,rarely,sometimes,sometimes,rarely,always,not_available,available,available,not_available,available,available,available,available,partial,available,available,available,partial,partial,not_available,not_available,available,available,available,available,no,yes,no,dk,no,yes,no,yes,yes,no,no,yes,yes,yes,yes,1,3,3,4,2,3,3,1,1,4,2,1,2,2,2,High workload and inadequate staffing,"Gloves, masks, disinfectants and waste bins",Maintain emergency PPE stocks and strengthen referral and notification procedures.,More practical outbreak drills and feedback would be useful.
R0327,yes,45_54,male,lab,diploma,1_5,6_10,maternity,secondary,urban,yes,7_12m,no,true,dk,true,false,false,true,true,false,true,true,true,false,true,false,true,3,3,4,5,3,3,3,3,3,4,3,3,4,4,4,3,4,3,3,4,4,3,3,4,4,3,5,3,4,3,5,3,4,2,4,2,3,2,2,5,1,3,4,4,4,3,3,4,3,2,2,2,3,1,2,2,3,3,3,4,3,4,3,4,4,4,2,3,4,3,4,3,3,3,3,4,3,4,4,3,sometimes,sometimes,often,always,often,sometimes,often,often,sometimes,often,rarely,sometimes,available,not_available,available,partial,available,available,partial,available,available,available,partial,available,available,not_available,available,partial,available,available,not_available,available,yes,yes,dk,dk,no,yes,yes,no,dk,no,yes,no,yes,yes,no,4,2,5,4,3,4,3,4,4,4,2,4,3,4,3,Limited isolation and waste-management infrastructure,"PPE, alcohol-based hand rub and isolation space","Improve water, sanitation, waste management and PPE availability.",Water supply and PPE availability should be maintained consistently.
R0328,yes,25_34,female,nurse_midwife,diploma,lt1,11_15,opd,primary,semiurban,yes,7_12m,no,true,true,true,true,true,true,true,false,true,true,true,true,true,false,true,4,4,4,2,3,4,4,4,2,3,4,4,5,4,4,4,3,5,3,2,3,2,2,1,3,2,2,5,3,3,2,3,2,2,3,2,1,3,3,2,2,2,3,2,2,2,3,2,3,3,2,3,2,5,4,3,3,3,1,2,2,1,2,2,3,3,4,2,3,2,3,3,3,3,4,3,1,3,2,3,often,often,sometimes,sometimes,often,sometimes,sometimes,often,often,sometimes,sometimes,often,not_available,available,available,available,available,available,not_available,not_available,available,available,partial,available,not_available,partial,available,partial,available,available,not_available,available,no,yes,yes,no,yes,yes,yes,dk,no,no,yes,yes,yes,yes,yes,4,2,3,2,3,2,3,3,3,4,3,3,4,3,3,Inconsistent PPE availability,"Gloves, masks, disinfectants and waste bins","Improve water, sanitation, waste management and PPE availability.",Regular monitoring and adequate supplies would improve compliance.
R0329,yes,35_44,female,lab,bachelor,1_5,6_10,opd,secondary,urban,yes,1_2y,yes,dk,false,true,false,false,false,dk,false,true,false,false,true,dk,true,true,3,4,4,3,5,4,3,2,4,4,3,5,5,5,3,3,4,4,3,4,4,3,3,3,4,5,5,5,5,4,4,5,5,5,5,3,4,3,5,4,5,4,4,4,4,4,4,5,4,5,2,3,4,1,2,1,2,2,4,3,4,2,5,3,3,3,3,2,3,4,4,3,2,3,2,3,1,3,3,3,always,always,sometimes,always,always,always,always,always,sometimes,sometimes,often,often,partial,available,available,available,partial,available,available,available,partial,available,partial,available,available,available,available,available,available,not_available,available,not_available,no,no,yes,no,yes,no,yes,dk,yes,no,yes,yes,dk,no,yes,4,2,3,5,4,3,3,4,4,2,3,3,4,3,3,Inconsistent PPE availability,"PPE, alcohol-based hand rub and isolation space",Conduct routine IPC audits and communicate findings to staff.,More practical outbreak drills and feedback would be useful.
R0330,yes,35_44,male,cho,bachelor,gt15,lt1,opd,primary,urban,yes,6m,no,false,true,true,false,true,true,true,true,true,false,true,true,true,false,true,5,5,3,5,4,4,4,4,5,5,3,3,4,4,5,5,4,4,3,5,3,5,3,3,3,2,4,3,3,3,3,4,4,4,4,4,3,5,3,4,4,5,3,2,4,3,5,2,4,4,5,4,3,3,2,4,1,2,4,3,2,3,3,4,3,4,5,3,3,2,3,1,2,4,3,4,3,5,3,2,rarely,sometimes,sometimes,rarely,often,rarely,sometimes,often,often,often,rarely,sometimes,not_available,available,partial,partial,partial,available,available,not_available,not_available,available,available,available,available,not_available,available,partial,available,available,partial,not_available,dk,no,no,yes,yes,no,no,yes,yes,yes,yes,no,dk,yes,yes,4,3,3,5,3,2,2,2,4,5,1,4,2,4,2,Limited isolation and waste-management infrastructure,"Training materials, PPE and cleaning supplies",Maintain emergency PPE stocks and strengthen referral and notification procedures.,More practical outbreak drills and feedback would be useful.
R0331,yes,55_plus,male,cho,bachelor,1_5,6_10,inpatient,primary,semiurban,yes,7_12m,no,true,true,true,false,false,true,true,true,true,true,true,true,true,false,true,4,3,3,3,2,4,3,2,4,3,4,4,2,3,5,2,5,3,3,4,3,2,5,2,4,3,2,4,4,4,3,5,3,3,3,3,4,3,4,3,5,3,3,4,5,3,5,3,4,4,3,4,1,1,2,4,3,2,4,4,1,2,3,3,4,3,2,3,1,3,1,1,3,4,2,4,3,3,4,2,often,sometimes,sometimes,sometimes,na,sometimes,rarely,sometimes,sometimes,sometimes,often,sometimes,available,partial,not_available,available,partial,available,available,not_available,available,unknown,partial,not_available,available,not_available,not_available,not_available,available,not_available,partial,not_available,dk,yes,yes,yes,no,dk,no,yes,yes,dk,yes,yes,yes,no,no,3,3,2,4,4,4,2,2,3,3,5,4,3,5,5,Inconsistent PPE availability,"Training materials, PPE and cleaning supplies",Conduct routine IPC audits and communicate findings to staff.,Regular monitoring and adequate supplies would improve compliance.
R0332,yes,45_54,female,jchew,hnd,gt15,gt15,emergency,primary,urban,no,unknown,no,false,false,false,dk,true,false,dk,true,false,true,dk,false,true,false,true,3,4,4,5,3,5,2,4,5,4,4,3,4,2,5,4,3,5,3,5,3,4,4,4,4,4,5,4,3,4,2,3,4,5,4,4,5,4,5,3,4,2,4,3,3,5,3,4,2,3,4,3,5,4,3,1,3,2,3,3,3,2,2,1,3,2,3,3,3,4,2,3,2,2,2,3,4,4,4,1,sometimes,sometimes,often,always,often,often,often,often,often,rarely,rarely,sometimes,available,available,available,available,not_available,available,not_available,not_available,available,available,available,not_available,partial,available,partial,available,available,not_available,partial,unknown,no,dk,yes,dk,no,yes,yes,yes,yes,no,yes,yes,yes,yes,yes,3,3,4,4,3,3,4,2,3,2,3,5,3,2,4,Availability of IPC supplies and management support,"Water, soap and sharps containers","Improve water, sanitation, waste management and PPE availability.",Regular monitoring and adequate supplies would improve compliance.
R0333,yes,25_34,male,other,bachelor,gt15,1_5,maternity,primary,rural,yes,7_12m,no,true,false,false,true,false,true,true,true,dk,dk,true,true,true,true,true,3,4,2,4,4,5,3,3,3,4,4,2,4,5,3,5,4,5,4,3,2,3,4,3,2,4,2,3,4,3,3,4,2,2,1,3,3,3,1,3,1,4,2,3,3,1,4,4,2,3,2,3,3,3,4,4,3,2,3,2,3,1,2,2,2,2,2,1,3,3,3,2,5,4,1,3,2,3,3,3,na,sometimes,sometimes,often,often,sometimes,sometimes,rarely,sometimes,often,never,often,available,available,partial,not_available,available,available,partial,available,available,available,available,available,available,available,partial,not_available,available,available,available,partial,yes,yes,yes,yes,yes,yes,no,yes,yes,no,yes,yes,no,yes,yes,3,3,2,4,2,2,3,2,3,3,1,3,4,3,5,Inconsistent PPE availability,"PPE, hand-hygiene supplies and running water","Provide a functional isolation area, clear SOPs and regular supervision.",The facility needs stronger supervision and refresher training.
R0334,yes,25_34,male,other,master,1_5,gt15,pharmacy,primary,urban,yes,1_2y,no,false,true,dk,false,true,false,false,false,true,true,dk,true,dk,false,true,5,3,4,3,5,3,4,4,4,3,5,4,3,5,2,4,3,4,4,3,4,2,2,3,3,3,3,2,4,2,3,4,4,2,4,4,2,2,3,3,3,4,2,4,4,2,1,1,2,1,3,3,3,4,4,3,1,4,1,3,2,2,2,2,3,2,2,3,3,3,3,1,5,4,1,3,3,3,1,2,sometimes,often,rarely,rarely,often,rarely,rarely,often,sometimes,sometimes,often,often,not_available,available,available,available,available,not_available,available,available,available,available,available,available,available,not_available,available,available,unknown,available,partial,available,yes,yes,yes,yes,yes,yes,yes,yes,yes,dk,no,yes,yes,yes,yes,5,3,3,4,3,3,3,3,2,3,4,3,3,3,4,Availability of IPC supplies and management support,"PPE, alcohol-based hand rub and isolation space","Improve water, sanitation, waste management and PPE availability.",The facility needs stronger supervision and refresher training.
R0335,yes,25_34,female,cho,bachelor,gt15,11_15,inpatient,secondary,semiurban,yes,gt2y,no,true,true,true,false,false,true,false,false,true,true,true,true,true,false,true,4,4,4,4,4,3,2,2,4,2,4,2,3,3,4,5,3,3,3,4,2,3,3,3,4,4,4,4,1,4,2,3,4,3,5,5,2,5,3,4,2,4,4,3,4,1,4,3,3,2,3,3,2,3,4,5,4,2,2,2,3,1,3,2,2,4,2,3,3,4,3,3,5,3,3,2,2,5,3,3,sometimes,often,often,na,always,always,often,rarely,sometimes,sometimes,rarely,sometimes,available,partial,available,available,available,available,available,not_available,available,unknown,available,not_available,available,not_available,not_available,not_available,available,not_available,not_available,available,no,yes,yes,no,yes,yes,dk,dk,dk,no,yes,no,dk,no,yes,5,4,5,5,3,4,3,4,2,2,4,3,2,3,3,Availability of IPC supplies and management support,"PPE, hand-hygiene supplies and running water","Improve water, sanitation, waste management and PPE availability.",The facility needs stronger supervision and refresher training.
R0336,yes,25_34,female,lab,bachelor,1_5,1_5,laboratory,primary,rural,yes,gt2y,no,false,true,true,true,true,true,dk,true,true,false,false,dk,true,true,false,4,5,5,3,4,4,2,4,2,3,2,5,5,5,2,3,5,4,3,4,3,3,3,2,3,4,2,1,3,2,3,2,3,4,4,3,2,2,2,2,5,2,1,3,5,2,2,4,3,4,4,4,3,3,3,3,2,4,2,3,3,3,4,4,4,4,4,2,2,4,4,3,4,3,3,3,3,2,5,4,always,sometimes,often,sometimes,often,sometimes,sometimes,rarely,sometimes,sometimes,often,sometimes,available,available,available,available,available,unknown,available,available,available,available,partial,available,available,available,partial,not_available,available,available,available,partial,yes,no,dk,yes,yes,yes,yes,no,no,yes,yes,yes,yes,yes,yes,4,3,3,1,5,4,4,3,5,4,3,3,3,3,2,High workload and inadequate staffing,"Training materials, PPE and cleaning supplies",Conduct regular IPC and Lassa fever refresher training and outbreak drills.,The facility needs stronger supervision and refresher training.
R0337,yes,35_44,female,cho,hnd,11_15,lt1,opd,secondary,semiurban,yes,1_2y,yes,dk,true,true,false,true,false,false,false,false,true,false,dk,true,dk,true,4,3,4,3,3,3,3,3,3,3,4,2,3,3,3,5,4,3,1,4,4,3,2,3,2,3,2,2,3,3,1,4,3,3,3,3,2,4,4,3,3,3,3,4,4,4,4,4,3,3,3,3,3,2,3,2,2,4,2,3,4,4,3,2,4,3,2,3,4,2,3,4,4,3,5,2,5,4,3,3,sometimes,sometimes,sometimes,rarely,sometimes,often,sometimes,rarely,often,often,rarely,rarely,available,available,partial,available,available,available,not_available,available,available,available,available,available,partial,available,available,available,available,available,not_available,available,yes,dk,no,yes,yes,yes,yes,dk,dk,dk,no,yes,dk,yes,no,2,4,5,4,4,4,4,4,4,4,3,4,3,3,2,High workload and inadequate staffing,"Training materials, PPE and cleaning supplies",Conduct routine IPC audits and communicate findings to staff.,Water supply and PPE availability should be maintained consistently.
R0338,yes,55_plus,female,nurse_midwife,doctorate,6_10,1_5,paediatric,secondary,rural,yes,1_2y,yes,dk,true,false,false,dk,dk,false,dk,false,false,true,false,false,true,true,5,3,3,1,4,4,4,4,3,3,3,4,5,2,3,3,4,5,5,4,2,1,4,3,2,3,2,3,4,4,3,2,2,3,3,3,3,3,2,3,2,3,4,4,3,4,3,2,3,3,5,3,4,3,2,4,3,4,3,2,2,1,3,3,1,2,3,3,5,3,1,2,2,2,2,2,3,3,2,2,never,often,often,sometimes,rarely,sometimes,often,sometimes,often,sometimes,often,sometimes,available,available,available,not_available,available,available,available,available,available,available,partial,partial,available,available,not_available,available,partial,partial,partial,available,dk,yes,yes,yes,dk,yes,no,yes,yes,yes,yes,no,dk,yes,dk,2,3,3,4,2,3,1,2,3,2,1,2,4,4,2,Limited water and hand-hygiene supplies,"PPE, hand-hygiene supplies and running water","Provide a functional isolation area, clear SOPs and regular supervision.",Regular monitoring and adequate supplies would improve compliance.
R0339,yes,45_54,female,nurse_midwife,hnd,11_15,6_10,environmental,primary,rural,yes,gt2y,no,true,dk,false,true,true,true,true,false,true,true,true,true,true,dk,false,4,3,2,2,3,3,4,4,3,3,4,5,4,4,4,4,3,4,5,3,4,4,4,4,3,2,2,2,2,3,2,1,4,1,4,3,2,4,3,3,4,4,2,3,1,5,3,4,2,4,4,3,3,1,3,3,3,2,5,4,4,4,3,4,3,4,2,5,4,3,3,3,3,5,3,2,3,4,4,4,sometimes,often,rarely,sometimes,often,sometimes,rarely,often,rarely,rarely,often,sometimes,unknown,not_available,partial,unknown,available,available,available,not_available,partial,available,partial,unknown,available,not_available,partial,not_available,partial,available,available,available,yes,no,yes,yes,yes,no,yes,yes,yes,yes,dk,no,yes,dk,no,4,2,3,3,4,4,4,3,2,4,5,4,5,5,4,High workload and inadequate staffing,"Gloves, masks, disinfectants and waste bins",Conduct regular IPC and Lassa fever refresher training and outbreak drills.,The facility needs stronger supervision and refresher training.
R0340,yes,45_54,female,nurse_midwife,bachelor,gt15,1_5,laboratory,primary,urban,yes,gt2y,yes,true,true,true,false,false,dk,true,true,true,true,false,true,true,false,true,4,3,4,4,4,5,4,4,4,4,5,4,3,4,5,3,4,4,3,4,4,4,5,4,3,3,5,5,3,4,3,5,3,4,4,4,4,4,3,4,5,3,5,5,3,3,4,5,5,3,3,4,3,1,2,3,2,1,3,4,5,4,3,4,5,4,3,3,4,3,4,3,3,4,5,2,2,4,2,4,never,sometimes,often,never,rarely,often,often,rarely,sometimes,sometimes,sometimes,rarely,unknown,available,partial,available,available,available,partial,not_available,available,available,partial,available,not_available,not_available,available,available,available,available,available,not_available,no,no,yes,yes,yes,dk,no,yes,no,no,no,yes,no,yes,yes,4,2,5,3,5,3,4,3,2,3,3,4,3,2,5,Limited water and hand-hygiene supplies,"PPE, hand-hygiene supplies and running water","Improve water, sanitation, waste management and PPE availability.",Staff understand IPC but workload can affect compliance.
R0341,yes,25_34,female,jchew,diploma,6_10,6_10,theatre,secondary,semiurban,no,unknown,yes,dk,true,false,dk,false,true,true,true,true,true,true,true,true,false,true,4,3,4,3,3,3,4,3,4,3,4,3,3,5,3,3,4,3,2,4,5,3,3,2,2,3,2,2,2,2,4,4,2,3,3,2,2,5,2,4,2,2,3,3,4,2,4,3,3,3,3,5,3,4,4,3,3,1,2,4,5,3,3,4,4,5,4,4,3,5,2,3,4,3,3,3,3,3,5,2,often,never,often,often,often,sometimes,always,often,sometimes,often,always,often,available,available,available,available,available,available,partial,available,available,available,partial,partial,available,not_available,available,available,available,not_available,available,available,no,no,no,yes,dk,dk,yes,no,no,dk,no,yes,yes,no,yes,1,3,3,3,3,3,2,2,4,2,3,3,2,3,3,Limited isolation and waste-management infrastructure,"Training materials, PPE and cleaning supplies",Conduct regular IPC and Lassa fever refresher training and outbreak drills.,More practical outbreak drills and feedback would be useful.
R0342,yes,45_54,female,jchew,master,1_5,11_15,paediatric,primary,semiurban,yes,gt2y,no,false,false,dk,true,true,true,false,true,dk,dk,false,true,true,true,dk,4,4,4,5,4,3,5,3,3,3,3,4,4,5,4,3,5,4,5,4,2,3,4,4,1,1,1,5,2,3,2,3,2,2,2,1,1,2,2,2,3,1,2,2,2,2,2,1,3,1,1,2,3,2,4,5,1,2,3,3,4,3,5,3,5,3,5,2,3,4,3,5,4,4,4,4,5,3,3,4,rarely,always,often,often,sometimes,rarely,sometimes,sometimes,often,often,sometimes,often,not_available,available,not_available,not_available,available,available,partial,available,available,partial,available,partial,available,not_available,available,available,available,available,partial,available,yes,no,no,no,no,no,yes,yes,yes,no,dk,no,dk,yes,no,3,3,3,4,3,1,3,3,3,2,3,3,4,4,4,Inconsistent PPE availability,"PPE, hand-hygiene supplies and running water","Provide a functional isolation area, clear SOPs and regular supervision.",More practical outbreak drills and feedback would be useful.
R0343,yes,25_34,male,cho,bachelor,1_5,1_5,maternity,primary,rural,no,unknown,no,false,true,true,false,false,true,true,true,true,true,true,true,true,false,true,4,3,2,3,2,2,3,3,2,3,2,3,2,2,4,2,2,2,3,3,3,3,1,3,2,3,1,5,2,3,4,3,2,4,2,2,2,3,3,4,3,2,3,2,1,4,4,4,2,5,4,3,2,3,4,4,4,4,3,3,3,2,3,3,2,4,3,2,3,2,1,3,3,2,2,3,3,2,3,2,often,sometimes,often,often,always,often,rarely,sometimes,often,often,rarely,sometimes,partial,not_available,available,available,unknown,partial,available,not_available,partial,available,partial,available,partial,partial,available,not_available,available,partial,available,partial,yes,yes,yes,no,yes,yes,yes,yes,no,yes,no,yes,dk,dk,no,3,3,3,3,2,2,4,2,1,3,2,1,2,3,2,Limited water and hand-hygiene supplies,"PPE, alcohol-based hand rub and isolation space",Conduct regular IPC and Lassa fever refresher training and outbreak drills.,Staff understand IPC but workload can affect compliance.
R0344,yes,25_34,female,nurse_midwife,bachelor,11_15,1_5,maternity,secondary,rural,no,unknown,yes,true,true,true,false,false,true,false,dk,false,false,true,false,true,false,true,5,3,3,4,3,3,3,5,4,4,2,5,4,3,4,2,4,1,2,4,4,3,3,4,3,3,3,4,5,3,3,3,3,3,3,5,2,2,4,4,2,2,3,5,3,3,2,2,3,2,5,5,5,3,3,4,2,2,4,3,2,3,2,3,3,2,4,4,4,4,4,4,2,2,3,3,3,3,3,3,often,sometimes,always,always,always,always,always,often,sometimes,rarely,often,often,partial,available,partial,not_available,unknown,partial,partial,not_available,partial,available,available,not_available,available,available,available,not_available,available,unknown,available,partial,no,yes,no,yes,yes,dk,yes,dk,no,yes,yes,dk,yes,yes,no,3,4,3,4,4,4,3,1,4,3,2,3,2,1,3,Limited water and hand-hygiene supplies,"PPE, alcohol-based hand rub and isolation space",Conduct routine IPC audits and communicate findings to staff.,Regular monitoring and adequate supplies would improve compliance.
R0345,yes,25_34,female,chew,bachelor,1_5,1_5,opd,secondary,rural,yes,1_2y,yes,dk,dk,true,false,false,false,dk,false,false,true,dk,true,dk,false,false,5,5,5,4,5,4,4,4,3,4,2,5,5,4,5,5,3,4,5,2,3,4,2,3,3,3,3,3,4,5,2,4,3,5,3,4,2,3,3,3,4,3,4,1,3,2,2,2,4,2,4,3,4,3,2,4,3,2,3,4,2,3,3,3,2,4,3,5,3,2,4,3,1,4,3,4,2,4,1,4,often,often,always,often,sometimes,sometimes,often,often,always,sometimes,always,always,available,not_available,available,not_available,available,partial,not_available,not_available,available,available,available,unknown,not_available,partial,partial,available,available,available,not_available,available,yes,yes,yes,yes,no,yes,no,yes,no,yes,yes,yes,yes,yes,no,2,2,2,3,3,2,3,4,3,2,3,2,3,3,4,Limited water and hand-hygiene supplies,"Water, soap and sharps containers",Maintain emergency PPE stocks and strengthen referral and notification procedures.,The facility needs stronger supervision and refresher training.
R0346,yes,45_54,female,jchew,master,gt15,lt1,inpatient,primary,rural,yes,gt2y,no,true,true,true,false,false,true,true,false,false,true,true,false,true,false,true,4,5,4,4,5,5,4,4,4,5,3,4,5,5,5,4,4,4,5,4,4,4,4,2,3,4,3,3,3,3,3,4,4,2,4,3,2,3,3,2,3,3,3,2,4,4,4,5,3,5,4,5,4,1,1,3,1,2,3,4,2,3,4,3,2,4,2,4,2,1,3,3,3,5,3,2,3,5,2,2,always,often,often,often,always,sometimes,often,often,often,sometimes,often,always,available,available,available,not_available,partial,available,partial,not_available,available,available,available,partial,not_available,partial,not_available,available,available,available,available,partial,yes,yes,yes,yes,yes,no,yes,no,yes,yes,no,yes,yes,dk,dk,4,5,4,5,5,4,5,3,4,4,5,5,5,3,4,Availability of IPC supplies and management support,"PPE, alcohol-based hand rub and isolation space",Maintain emergency PPE stocks and strengthen referral and notification procedures.,The facility needs stronger supervision and refresher training.
R0347,yes,45_54,female,lab,bachelor,6_10,6_10,inpatient,secondary,rural,no,unknown,no,true,true,true,dk,false,true,false,true,true,true,true,true,true,false,true,3,2,4,4,1,2,3,2,3,2,4,2,3,5,3,3,3,4,3,3,4,1,4,3,3,3,2,3,2,3,3,4,3,5,4,3,4,3,3,3,4,5,2,5,3,4,3,3,4,3,1,4,3,2,3,3,3,3,4,3,3,3,4,3,3,3,3,3,4,5,4,4,3,3,3,3,4,5,5,3,never,sometimes,rarely,rarely,never,sometimes,sometimes,rarely,sometimes,rarely,rarely,rarely,partial,available,available,not_available,available,available,not_available,not_available,partial,available,not_available,partial,not_available,available,available,not_available,not_available,not_available,available,not_available,yes,no,yes,yes,no,yes,yes,yes,no,dk,yes,dk,yes,no,yes,3,4,3,3,4,4,2,3,3,2,3,3,3,2,4,Limited isolation and waste-management infrastructure,"Training materials, PPE and cleaning supplies","Improve water, sanitation, waste management and PPE availability.",Regular monitoring and adequate supplies would improve compliance.
R0348,yes,55_plus,female,nurse_midwife,master,1_5,1_5,laboratory,primary,semiurban,yes,6m,no,dk,true,true,dk,false,true,true,true,true,true,false,dk,false,true,false,4,2,3,2,4,3,3,3,2,2,5,2,3,3,4,3,5,3,4,5,3,5,3,3,4,5,4,3,4,5,4,1,5,4,4,3,3,5,3,3,5,4,4,4,3,4,5,4,4,5,2,3,3,1,2,1,1,1,4,5,4,5,5,3,3,4,4,4,3,4,3,4,4,3,3,3,4,3,2,3,sometimes,rarely,often,sometimes,sometimes,sometimes,sometimes,sometimes,often,sometimes,sometimes,often,available,partial,available,available,available,available,not_available,available,available,available,available,available,available,available,available,not_available,not_available,available,partial,not_available,yes,yes,no,no,no,no,no,yes,no,yes,yes,no,no,no,yes,2,3,2,4,4,4,4,2,5,3,4,3,4,4,3,Inconsistent PPE availability,"Training materials, PPE and cleaning supplies",Conduct routine IPC audits and communicate findings to staff.,Staff understand IPC but workload can affect compliance.
R0349,yes,25_34,female,nurse_midwife,bachelor,1_5,11_15,theatre,secondary,urban,yes,1_2y,no,true,true,true,false,false,true,true,false,true,dk,true,dk,true,false,true,3,5,4,3,4,4,1,3,3,4,3,4,4,5,3,4,2,3,4,3,4,3,3,2,3,4,3,4,3,4,5,3,3,4,4,3,3,4,5,3,2,2,4,4,4,3,3,1,4,4,2,3,1,2,4,4,2,3,2,3,5,4,3,3,3,3,2,4,4,4,3,2,4,3,3,4,4,4,4,2,rarely,rarely,sometimes,often,never,never,sometimes,never,often,rarely,sometimes,sometimes,available,available,not_available,available,available,available,partial,partial,not_available,available,available,partial,available,not_available,available,available,partial,partial,not_available,available,yes,yes,yes,no,yes,no,no,no,no,no,yes,no,yes,yes,no,3,4,3,2,2,2,5,3,4,2,2,3,3,3,3,Inconsistent PPE availability,"Training materials, PPE and cleaning supplies",Conduct routine IPC audits and communicate findings to staff.,The facility needs stronger supervision and refresher training.
R0350,yes,45_54,female,pharmacy,master,1_5,gt15,laboratory,secondary,semiurban,yes,6m,no,true,true,true,false,false,true,true,true,true,true,true,true,true,false,true,5,5,5,4,3,4,5,5,4,4,3,4,5,3,2,3,4,3,3,4,2,2,3,4,4,3,2,2,2,2,3,3,3,4,2,2,3,3,2,3,2,3,3,1,4,2,3,2,3,3,4,1,4,4,5,5,3,3,3,2,2,2,2,3,1,2,3,2,2,2,4,2,4,3,1,4,3,2,4,2,sometimes,rarely,rarely,often,sometimes,often,sometimes,rarely,rarely,rarely,always,often,available,partial,partial,available,available,available,not_available,not_available,not_available,available,available,not_available,available,not_available,available,partial,available,not_available,available,available,yes,yes,no,yes,yes,yes,yes,no,no,yes,yes,yes,dk,dk,yes,3,3,3,1,4,2,2,3,2,3,2,2,3,4,3,High workload and inadequate staffing,"Gloves, masks, disinfectants and waste bins",Conduct regular IPC and Lassa fever refresher training and outbreak drills.,The facility needs stronger supervision and refresher training.
R0351,yes,45_54,male,nurse_midwife,master,lt1,1_5,paediatric,secondary,rural,yes,7_12m,yes,false,false,false,true,false,true,false,dk,false,true,true,false,false,false,true,5,4,4,4,2,2,3,2,4,5,3,2,4,5,3,3,3,4,4,5,4,3,3,3,1,3,2,2,2,3,3,2,1,1,2,3,3,2,2,4,4,3,2,3,3,3,2,3,3,3,2,2,3,3,3,1,4,4,3,2,2,3,3,2,2,4,3,2,1,3,3,1,2,3,1,2,2,2,3,2,sometimes,often,sometimes,sometimes,never,sometimes,sometimes,sometimes,sometimes,often,often,sometimes,available,available,not_available,available,available,available,available,available,partial,available,available,available,partial,available,not_available,available,available,partial,available,not_available,yes,no,dk,yes,yes,yes,yes,yes,yes,yes,yes,yes,dk,no,no,2,4,2,2,2,3,3,3,2,1,3,2,2,2,3,Inconsistent PPE availability,"Gloves, masks, disinfectants and waste bins","Provide a functional isolation area, clear SOPs and regular supervision.",Water supply and PPE availability should be maintained consistently.
R0352,yes,25_34,female,attendant,diploma,1_5,lt1,opd,secondary,rural,no,unknown,yes,dk,true,true,false,false,true,false,false,false,true,dk,true,true,false,dk,4,3,4,3,5,2,2,1,4,2,4,5,4,4,3,5,3,4,3,3,4,3,4,3,4,5,4,4,3,3,5,5,4,4,3,3,3,3,4,4,1,1,2,3,1,3,3,3,3,4,3,4,4,2,3,4,3,3,5,5,4,4,4,2,4,3,3,4,2,2,2,4,3,4,3,3,3,4,3,2,often,sometimes,rarely,sometimes,often,sometimes,sometimes,often,often,often,rarely,sometimes,available,available,available,available,partial,available,not_available,available,available,available,available,available,not_available,not_available,partial,not_available,available,available,available,not_available,yes,no,yes,no,yes,dk,yes,no,yes,dk,yes,no,yes,yes,yes,3,3,3,3,3,4,3,2,4,3,3,3,3,3,4,Availability of IPC supplies and management support,"PPE, hand-hygiene supplies and running water",Maintain emergency PPE stocks and strengthen referral and notification procedures.,Regular monitoring and adequate supplies would improve compliance.
R0353,yes,25_34,female,jchew,diploma,lt1,lt1,emergency,secondary,urban,yes,1_2y,no,true,true,true,false,false,true,true,true,true,true,false,true,true,false,true,3,4,4,3,4,2,5,3,3,2,3,5,4,2,2,4,4,5,2,5,3,3,4,2,1,4,4,4,3,3,4,3,2,3,3,2,3,2,5,1,2,3,3,3,3,3,4,4,2,2,3,5,3,3,2,5,2,4,4,4,3,2,2,3,1,2,4,4,2,2,3,2,4,2,2,4,1,2,3,4,sometimes,sometimes,sometimes,often,rarely,often,never,often,sometimes,often,sometimes,sometimes,partial,available,available,available,not_available,available,not_available,available,available,available,available,available,available,not_available,available,available,available,partial,available,not_available,yes,no,dk,no,yes,yes,yes,no,yes,yes,yes,no,dk,dk,yes,4,3,3,3,3,2,3,2,4,2,2,1,1,2,3,Availability of IPC supplies and management support,"Gloves, masks, disinfectants and waste bins",Conduct routine IPC audits and communicate findings to staff.,More practical outbreak drills and feedback would be useful.
R0354,yes,25_34,female,nurse_midwife,certificate,6_10,6_10,opd,primary,rural,yes,6m,yes,false,true,true,false,false,true,true,true,true,true,true,true,true,true,true,3,1,2,1,2,3,2,3,2,2,2,2,3,1,2,3,1,1,2,4,3,3,3,1,4,3,3,1,3,2,2,2,5,2,2,2,2,1,1,1,1,2,2,2,1,3,3,4,4,4,4,3,3,1,2,5,2,3,3,4,3,1,2,3,3,1,3,3,2,1,2,2,2,1,1,2,2,3,1,3,sometimes,often,rarely,sometimes,sometimes,sometimes,rarely,sometimes,sometimes,rarely,never,never,available,partial,partial,available,unknown,available,partial,not_available,available,available,available,not_available,partial,partial,partial,partial,available,available,not_available,available,yes,no,yes,yes,yes,yes,yes,no,no,no,yes,yes,yes,no,yes,1,3,2,2,1,3,2,2,4,1,2,4,2,2,2,Limited isolation and waste-management infrastructure,"PPE, alcohol-based hand rub and isolation space",Maintain emergency PPE stocks and strengthen referral and notification procedures.,Regular monitoring and adequate supplies would improve compliance.
R0355,yes,35_44,female,nurse_midwife,bachelor,1_5,lt1,opd,primary,rural,yes,gt2y,yes,true,true,true,false,false,true,true,false,true,true,true,true,true,false,true,3,3,4,2,4,4,3,2,5,5,5,4,4,3,5,4,4,2,3,4,4,5,3,4,5,4,4,3,2,4,3,4,4,4,4,4,5,3,4,5,5,4,4,5,5,4,5,4,4,4,4,4,3,2,1,3,2,1,5,2,3,4,4,3,1,3,3,2,1,4,3,3,3,2,1,3,3,4,4,3,often,sometimes,often,often,often,sometimes,always,always,always,always,often,always,available,partial,available,available,available,available,available,not_available,available,not_available,partial,partial,available,available,available,not_available,available,available,available,partial,yes,yes,dk,yes,yes,no,no,no,yes,yes,no,yes,yes,no,yes,3,3,3,3,3,3,5,5,3,5,3,3,2,4,3,Availability of IPC supplies and management support,"PPE, alcohol-based hand rub and isolation space",Conduct regular IPC and Lassa fever refresher training and outbreak drills.,More practical outbreak drills and feedback would be useful.
R0356,yes,25_34,female,doctor,bachelor,gt15,1_5,pharmacy,secondary,semiurban,yes,gt2y,yes,true,true,true,false,false,false,true,true,true,true,true,false,true,false,false,4,1,2,4,3,4,4,4,4,5,4,3,4,3,2,2,2,4,3,4,4,3,3,5,4,3,3,3,2,3,2,3,5,3,3,3,2,4,2,3,2,4,3,4,1,3,4,5,3,3,3,4,2,3,3,1,3,1,2,3,1,4,3,2,2,2,4,3,3,4,4,3,3,2,3,2,2,3,4,3,sometimes,often,rarely,sometimes,sometimes,rarely,sometimes,rarely,sometimes,often,sometimes,sometimes,available,available,partial,partial,available,available,partial,partial,available,available,available,available,available,not_available,available,partial,available,available,not_available,available,yes,yes,no,no,yes,yes,yes,yes,yes,no,yes,dk,no,yes,yes,3,4,4,2,2,3,3,4,5,4,3,3,4,2,4,Limited water and hand-hygiene supplies,"PPE, hand-hygiene supplies and running water",Maintain emergency PPE stocks and strengthen referral and notification procedures.,Water supply and PPE availability should be maintained consistently.
R0357,yes,45_54,male,cho,diploma,1_5,lt1,inpatient,primary,urban,no,unknown,no,false,true,false,false,false,false,false,true,true,true,dk,false,true,false,dk,3,3,3,4,4,4,4,4,3,4,3,3,4,4,5,5,3,4,2,3,5,4,5,5,5,3,5,4,5,3,2,3,3,4,4,4,5,5,4,4,3,3,5,4,5,3,4,2,4,4,4,3,4,2,4,1,3,3,3,5,4,3,3,2,4,5,4,4,2,3,3,3,3,3,2,5,2,4,4,3,always,sometimes,always,sometimes,always,often,always,often,always,often,always,often,available,available,available,available,available,partial,available,not_available,available,available,available,available,available,partial,available,available,available,available,available,partial,yes,yes,yes,dk,yes,yes,yes,no,yes,no,no,yes,dk,yes,no,4,4,2,3,3,3,4,4,3,2,3,4,3,3,3,High workload and inadequate staffing,"Gloves, masks, disinfectants and waste bins",Maintain emergency PPE stocks and strengthen referral and notification procedures.,More practical outbreak drills and feedback would be useful.
R0358,yes,35_44,female,nurse_midwife,diploma,11_15,1_5,inpatient,secondary,urban,no,unknown,no,true,dk,true,false,false,true,false,true,dk,true,true,true,true,true,true,3,2,3,3,4,2,3,1,2,2,4,3,1,3,3,4,2,2,3,3,4,4,4,2,2,2,3,3,2,2,2,4,3,3,3,2,1,3,4,2,2,3,3,1,2,2,3,2,2,2,2,2,3,2,3,1,4,1,2,5,3,3,2,2,3,2,4,2,2,3,2,3,1,3,3,3,3,4,2,2,often,always,rarely,sometimes,often,always,often,rarely,sometimes,sometimes,always,na,not_available,available,available,available,available,not_available,not_available,not_available,available,available,not_available,available,partial,available,available,not_available,available,not_available,available,available,yes,yes,no,yes,yes,no,yes,no,yes,no,yes,yes,no,yes,yes,1,2,1,2,2,3,3,1,2,2,1,3,3,2,3,Availability of IPC supplies and management support,"Gloves, masks, disinfectants and waste bins",Conduct regular IPC and Lassa fever refresher training and outbreak drills.,Water supply and PPE availability should be maintained consistently.
R0359,yes,25_34,female,pharmacy,bachelor,gt15,lt1,emergency,primary,rural,yes,7_12m,yes,true,true,true,false,false,true,true,true,true,true,true,true,true,false,true,3,4,3,4,5,3,3,4,4,3,2,4,3,4,4,5,3,2,3,4,4,4,3,4,4,5,4,3,2,2,3,3,1,5,3,4,2,2,4,3,4,5,2,4,2,4,2,4,4,3,2,4,4,1,4,2,2,3,3,5,1,4,3,1,3,1,2,3,4,2,3,5,2,2,4,3,3,4,3,1,sometimes,sometimes,never,always,sometimes,often,always,always,rarely,often,sometimes,sometimes,available,available,available,available,available,available,not_available,available,available,available,partial,available,available,available,unknown,available,available,available,not_available,available,yes,yes,no,no,yes,dk,yes,no,yes,dk,dk,dk,yes,yes,yes,4,3,3,3,2,4,2,2,3,3,3,5,5,4,4,Inconsistent PPE availability,"Gloves, masks, disinfectants and waste bins",Maintain emergency PPE stocks and strengthen referral and notification procedures.,The facility needs stronger supervision and refresher training.
R0360,yes,25_34,female,nurse_midwife,bachelor,11_15,6_10,theatre,primary,urban,no,unknown,no,true,true,true,false,false,true,true,true,true,true,true,false,true,dk,dk,4,4,2,3,3,4,2,3,3,4,1,4,4,3,4,3,2,4,4,4,3,1,2,4,4,2,4,2,3,3,1,2,2,1,3,2,2,3,2,3,3,3,3,2,3,2,3,3,3,3,4,2,4,1,2,3,1,4,3,5,5,5,4,4,4,4,3,3,3,3,2,4,4,4,5,2,5,4,2,3,rarely,rarely,sometimes,often,sometimes,sometimes,often,rarely,sometimes,often,na,rarely,available,available,partial,available,unknown,available,partial,not_available,available,unknown,not_available,not_available,available,available,not_available,not_available,available,available,available,partial,yes,yes,yes,yes,dk,yes,no,dk,yes,yes,no,yes,no,yes,yes,5,2,3,3,2,3,5,3,3,3,2,2,3,3,3,Availability of IPC supplies and management support,"PPE, hand-hygiene supplies and running water",Conduct regular IPC and Lassa fever refresher training and outbreak drills.,The facility needs stronger supervision and refresher training.
R0361,yes,35_44,female,chew,bachelor,1_5,6_10,emergency,primary,rural,yes,7_12m,no,true,false,true,true,true,true,true,true,true,dk,false,false,false,false,true,3,2,4,3,3,2,3,3,3,3,1,2,2,3,2,2,4,2,4,4,3,3,3,4,3,3,5,3,3,4,4,3,5,3,3,4,4,3,4,3,2,1,2,4,4,3,3,3,3,2,4,4,2,4,2,3,4,2,4,2,4,2,2,4,3,4,3,5,2,3,3,4,4,4,2,2,4,2,3,3,sometimes,often,often,often,sometimes,always,rarely,rarely,often,always,sometimes,sometimes,partial,partial,not_available,available,available,partial,not_available,available,available,available,available,available,available,available,available,available,unknown,not_available,available,partial,dk,yes,no,yes,yes,yes,no,yes,yes,no,no,yes,dk,yes,yes,3,4,4,3,3,1,3,3,3,3,2,3,4,4,3,High workload and inadequate staffing,"PPE, hand-hygiene supplies and running water",Conduct routine IPC audits and communicate findings to staff.,Water supply and PPE availability should be maintained consistently.
R0362,yes,35_44,female,nurse_midwife,bachelor,1_5,1_5,opd,secondary,semiurban,no,unknown,no,true,true,true,true,false,true,false,true,false,false,true,dk,dk,false,dk,4,3,5,3,4,3,4,1,4,3,2,4,3,4,4,3,4,4,3,3,4,3,4,2,2,4,4,4,4,4,4,4,5,4,3,3,4,2,4,4,4,4,5,3,3,2,2,4,2,4,3,2,4,3,4,2,4,3,4,4,4,4,4,3,3,4,3,3,4,5,3,2,2,5,4,4,2,4,4,3,sometimes,sometimes,rarely,often,sometimes,always,often,often,sometimes,often,often,often,partial,available,available,available,available,available,available,available,available,available,available,available,not_available,available,available,available,not_available,unknown,partial,not_available,yes,yes,dk,yes,yes,yes,no,yes,yes,yes,yes,no,no,yes,yes,4,3,3,3,3,4,3,2,3,3,3,1,4,3,3,Availability of IPC supplies and management support,"Gloves, masks, disinfectants and waste bins",Conduct routine IPC audits and communicate findings to staff.,More practical outbreak drills and feedback would be useful.
R0363,yes,35_44,male,chew,diploma,6_10,6_10,laboratory,secondary,urban,no,unknown,yes,true,true,true,false,false,true,true,true,true,true,true,true,true,false,true,4,4,4,4,3,3,3,5,4,4,4,5,4,3,4,3,3,1,4,4,2,3,4,4,1,3,3,2,3,4,5,3,4,5,2,3,4,4,3,3,3,4,3,4,3,3,2,3,1,4,4,3,3,2,2,3,3,2,2,4,5,3,1,4,2,3,3,3,1,2,3,3,1,3,3,2,3,3,4,3,sometimes,sometimes,sometimes,sometimes,often,often,sometimes,sometimes,sometimes,often,sometimes,often,available,available,available,available,available,available,available,not_available,available,available,partial,available,not_available,not_available,available,available,available,partial,available,not_available,no,no,yes,no,no,yes,dk,no,yes,no,yes,yes,dk,no,no,3,3,4,2,3,4,3,3,4,3,3,1,4,3,2,Inconsistent PPE availability,"PPE, alcohol-based hand rub and isolation space",Conduct regular IPC and Lassa fever refresher training and outbreak drills.,The facility needs stronger supervision and refresher training.
R0364,yes,25_34,male,jchew,hnd,1_5,lt1,maternity,secondary,rural,no,unknown,yes,false,false,false,true,true,false,dk,false,false,true,true,true,false,true,true,4,5,4,3,4,4,4,3,4,4,3,3,4,2,5,4,4,3,4,5,3,4,3,3,1,4,4,4,3,4,3,2,3,4,2,4,5,3,4,3,4,3,3,3,2,4,5,5,4,5,3,4,5,2,1,1,3,1,4,5,2,5,3,3,3,3,4,3,2,3,3,3,3,2,3,2,4,2,3,3,sometimes,sometimes,sometimes,often,often,rarely,always,often,sometimes,rarely,sometimes,sometimes,available,available,available,available,partial,available,not_available,not_available,not_available,partial,available,available,available,partial,available,available,available,available,available,not_available,no,yes,yes,no,yes,yes,yes,no,yes,yes,dk,dk,yes,yes,no,3,5,4,4,3,4,5,5,4,5,3,3,5,4,3,Availability of IPC supplies and management support,"PPE, alcohol-based hand rub and isolation space","Improve water, sanitation, waste management and PPE availability.",Staff understand IPC but workload can affect compliance.
R0365,yes,35_44,female,cho,diploma,1_5,1_5,inpatient,primary,semiurban,yes,gt2y,yes,true,true,dk,false,dk,true,dk,true,true,true,true,true,dk,true,true,3,4,4,5,5,4,5,5,4,4,4,3,2,4,5,4,3,4,5,5,3,4,3,4,2,2,3,3,3,3,4,3,3,2,3,2,4,2,3,5,3,2,3,2,2,4,4,5,3,5,5,5,5,2,1,2,3,1,5,5,3,3,2,3,3,2,4,3,5,2,3,4,4,5,2,3,3,3,4,3,sometimes,sometimes,often,often,always,often,often,often,sometimes,often,often,often,available,available,available,available,not_available,not_available,available,partial,available,available,available,partial,not_available,not_available,available,available,partial,not_available,not_available,not_available,yes,yes,yes,yes,yes,yes,no,no,yes,no,yes,yes,yes,yes,no,3,4,4,3,5,3,3,4,2,3,2,2,2,3,3,Limited isolation and waste-management infrastructure,"Gloves, masks, disinfectants and waste bins","Provide a functional isolation area, clear SOPs and regular supervision.",The facility needs stronger supervision and refresher training.
R0366,yes,25_34,female,doctor,bachelor,6_10,lt1,opd,primary,rural,no,unknown,no,true,true,true,false,false,true,true,true,true,false,true,true,true,false,false,3,3,4,3,4,3,3,4,3,3,3,4,3,3,3,3,3,3,3,4,4,3,3,2,3,2,2,3,3,4,2,3,2,2,4,2,3,3,3,2,3,3,1,4,4,2,3,3,3,3,3,4,3,3,1,4,3,5,3,3,2,3,2,2,4,3,5,2,3,4,3,2,3,3,3,4,4,3,3,5,sometimes,sometimes,often,always,sometimes,often,often,sometimes,often,often,always,sometimes,available,available,available,partial,partial,partial,partial,available,partial,available,available,available,available,available,not_available,available,available,available,not_available,available,no,yes,no,yes,yes,yes,yes,yes,dk,dk,yes,no,yes,yes,no,4,2,3,3,2,5,3,2,3,2,2,3,1,4,2,Inconsistent PPE availability,"Training materials, PPE and cleaning supplies",Conduct routine IPC audits and communicate findings to staff.,The facility needs stronger supervision and refresher training.
R0367,yes,25_34,female,nurse_midwife,bachelor,6_10,1_5,laboratory,primary,urban,yes,gt2y,yes,dk,true,true,true,dk,false,true,true,true,true,true,true,true,false,true,3,3,4,3,4,5,4,5,4,3,3,3,3,3,4,4,4,3,5,3,3,4,4,4,5,5,3,5,5,4,3,4,4,3,3,3,3,4,4,4,4,5,4,3,4,3,4,1,5,3,4,3,3,3,3,3,2,3,2,3,4,2,3,2,3,3,4,3,5,2,5,3,3,4,3,4,4,5,4,4,sometimes,rarely,sometimes,rarely,often,rarely,rarely,rarely,sometimes,sometimes,often,rarely,available,available,partial,not_available,partial,available,available,not_available,available,available,available,available,not_available,available,available,available,unknown,not_available,unknown,not_available,yes,dk,yes,yes,yes,yes,no,yes,dk,dk,dk,no,dk,yes,no,3,3,3,2,2,3,2,4,3,4,2,4,2,1,3,Limited water and hand-hygiene supplies,"Gloves, masks, disinfectants and waste bins","Provide a functional isolation area, clear SOPs and regular supervision.",The facility needs stronger supervision and refresher training.
R0368,yes,35_44,female,nurse_midwife,bachelor,lt1,1_5,emergency,secondary,urban,yes,7_12m,yes,true,true,true,true,true,true,true,true,true,true,true,true,true,dk,true,4,2,2,3,3,3,2,3,2,3,2,3,4,3,3,2,4,4,2,4,3,3,3,4,3,3,4,5,3,3,5,4,4,3,3,3,3,4,2,4,2,5,3,5,4,5,4,2,5,2,4,3,5,1,3,2,3,3,3,4,3,4,2,1,3,3,5,1,3,2,3,2,3,3,1,2,3,2,2,3,rarely,sometimes,often,na,often,sometimes,often,sometimes,sometimes,rarely,often,sometimes,available,available,available,available,available,available,partial,partial,unknown,not_available,available,available,partial,partial,available,available,available,available,partial,partial,no,yes,yes,yes,yes,yes,yes,dk,yes,no,yes,no,yes,no,yes,2,3,3,4,3,3,2,3,1,3,4,3,4,4,3,Inconsistent PPE availability,"PPE, hand-hygiene supplies and running water",Conduct routine IPC audits and communicate findings to staff.,Regular monitoring and adequate supplies would improve compliance.
R0369,yes,35_44,male,nurse_midwife,bachelor,gt15,6_10,opd,primary,semiurban,no,unknown,no,false,false,true,true,true,true,dk,true,false,dk,false,false,true,false,true,4,3,2,4,3,2,3,4,3,2,3,3,3,3,3,3,3,3,2,4,5,5,2,4,4,4,2,1,4,3,4,3,2,4,3,3,1,1,3,3,4,2,2,4,3,3,4,2,3,2,3,4,4,2,2,4,4,1,2,1,2,4,3,3,5,3,3,4,4,2,4,3,2,4,1,4,4,3,2,2,sometimes,often,sometimes,often,often,rarely,sometimes,rarely,often,rarely,sometimes,often,not_available,partial,available,available,available,partial,available,available,available,available,available,available,unknown,available,not_available,not_available,available,available,not_available,available,yes,yes,yes,no,no,yes,yes,no,no,no,no,dk,dk,yes,no,1,2,2,2,2,1,2,3,2,2,2,4,3,4,2,Inconsistent PPE availability,"Water, soap and sharps containers","Improve water, sanitation, waste management and PPE availability.",Regular monitoring and adequate supplies would improve compliance.
R0370,yes,25_34,female,nurse_midwife,bachelor,6_10,lt1,paediatric,primary,rural,yes,gt2y,no,true,true,true,false,false,true,true,true,false,true,true,true,false,false,dk,3,3,3,3,4,4,3,3,5,3,4,2,3,4,3,5,1,3,4,4,2,2,2,2,2,3,2,2,3,3,2,2,2,2,2,2,1,4,2,4,1,3,3,4,2,4,2,3,3,3,3,4,3,2,2,2,3,2,1,3,3,4,2,2,3,2,4,3,3,3,4,1,3,3,5,2,2,3,2,4,sometimes,sometimes,rarely,sometimes,always,rarely,sometimes,sometimes,rarely,sometimes,sometimes,na,not_available,available,available,available,available,available,available,not_available,available,available,partial,available,available,available,available,available,partial,not_available,available,not_available,yes,yes,no,no,yes,yes,yes,yes,no,dk,yes,yes,dk,yes,no,4,3,5,3,3,2,4,2,4,4,4,3,3,3,4,Limited water and hand-hygiene supplies,"Training materials, PPE and cleaning supplies",Conduct regular IPC and Lassa fever refresher training and outbreak drills.,Regular monitoring and adequate supplies would improve compliance.
R0371,yes,45_54,male,nurse_midwife,bachelor,1_5,1_5,opd,secondary,semiurban,yes,6m,yes,false,true,true,false,false,true,true,true,true,false,true,true,true,dk,false,5,3,4,4,4,5,3,3,5,3,5,3,4,4,4,3,4,4,4,5,3,2,2,3,5,3,2,4,5,3,3,4,3,4,1,4,3,3,4,2,2,4,4,2,4,4,4,3,5,4,3,4,3,1,1,2,1,2,5,3,5,1,3,4,4,1,3,3,3,3,3,3,5,3,3,5,5,3,3,5,rarely,often,often,sometimes,sometimes,sometimes,often,sometimes,sometimes,often,often,sometimes,available,partial,available,available,available,partial,not_available,available,available,available,partial,available,not_available,not_available,not_available,available,available,partial,available,unknown,no,no,yes,yes,yes,yes,no,dk,no,yes,no,yes,dk,dk,yes,3,3,2,3,3,4,3,4,2,3,3,2,2,3,4,Availability of IPC supplies and management support,"PPE, hand-hygiene supplies and running water",Maintain emergency PPE stocks and strengthen referral and notification procedures.,Regular monitoring and adequate supplies would improve compliance.
R0372,yes,35_44,male,attendant,master,1_5,6_10,community,primary,rural,no,unknown,yes,true,false,true,false,false,true,true,true,true,true,true,true,false,false,true,3,3,4,4,3,4,2,3,2,3,4,4,2,4,2,2,2,2,2,3,3,3,4,4,2,3,2,2,3,1,3,3,2,2,2,2,4,4,3,4,2,2,3,2,2,1,2,1,3,3,3,1,2,5,3,4,4,3,2,3,4,2,2,4,4,3,4,3,4,4,2,3,4,3,3,2,3,3,2,4,sometimes,rarely,sometimes,rarely,rarely,sometimes,na,rarely,rarely,rarely,sometimes,never,partial,available,available,available,available,available,available,not_available,available,available,available,available,partial,available,available,not_available,available,available,partial,not_available,yes,no,dk,no,dk,yes,yes,no,no,dk,dk,yes,yes,yes,dk,3,2,2,2,2,2,4,1,3,2,3,2,2,3,2,High workload and inadequate staffing,"Training materials, PPE and cleaning supplies","Provide a functional isolation area, clear SOPs and regular supervision.",Staff understand IPC but workload can affect compliance.
R0373,yes,35_44,male,nurse_midwife,diploma,11_15,1_5,paediatric,primary,urban,yes,1_2y,no,true,true,true,false,false,true,true,true,true,true,true,dk,true,false,true,5,5,5,5,5,5,5,4,5,5,4,4,4,3,4,4,5,3,5,4,4,5,5,5,4,4,4,4,5,2,5,5,4,4,5,3,4,1,4,3,4,1,5,3,4,5,4,1,3,3,4,3,2,2,3,3,1,3,4,3,4,2,4,4,3,3,3,4,2,2,3,3,3,3,3,2,3,4,2,3,often,often,always,na,sometimes,sometimes,always,sometimes,often,often,rarely,often,available,available,available,available,available,available,available,available,available,available,partial,not_available,not_available,not_available,not_available,not_available,available,not_available,not_available,partial,no,dk,yes,dk,dk,dk,yes,dk,no,no,no,no,yes,yes,yes,4,3,3,2,3,1,2,4,3,2,5,2,3,4,4,High workload and inadequate staffing,"PPE, alcohol-based hand rub and isolation space","Provide a functional isolation area, clear SOPs and regular supervision.",Staff understand IPC but workload can affect compliance.
R0374,yes,45_54,female,lab,hnd,6_10,1_5,opd,secondary,urban,yes,6m,no,true,true,true,false,true,true,false,true,true,false,true,true,true,false,dk,5,4,3,4,4,2,3,4,3,3,5,2,3,4,2,2,3,2,3,2,4,3,4,2,2,3,3,1,2,3,2,3,2,3,1,4,4,3,3,3,5,3,2,3,2,3,5,3,3,3,3,3,4,4,2,3,2,2,3,3,5,2,3,3,1,1,3,2,2,3,3,2,2,3,1,3,5,2,3,2,often,always,sometimes,often,often,often,sometimes,sometimes,always,often,often,often,available,available,available,available,not_available,partial,available,not_available,available,partial,available,available,not_available,not_available,available,available,available,available,available,available,yes,no,no,no,dk,yes,yes,no,no,dk,yes,no,yes,yes,yes,2,3,1,3,2,3,3,2,3,2,3,2,2,2,1,Insufficient refresher training and supervision,"Gloves, masks, disinfectants and waste bins",Maintain emergency PPE stocks and strengthen referral and notification procedures.,The facility needs stronger supervision and refresher training.
R0375,yes,25_34,female,other,certificate,1_5,1_5,maternity,secondary,rural,yes,1_2y,no,true,true,true,false,false,true,true,true,false,true,true,true,true,false,true,3,4,4,4,3,3,2,4,5,2,5,3,4,3,4,3,4,3,3,5,4,3,3,3,4,3,2,4,4,5,4,5,5,4,5,4,5,4,3,3,4,5,4,4,3,4,2,5,4,5,3,3,3,3,1,2,2,2,3,4,4,2,2,3,5,4,5,2,2,3,3,3,3,1,3,2,5,3,1,2,always,often,sometimes,rarely,always,always,sometimes,often,na,rarely,often,often,partial,available,available,not_available,partial,available,available,available,available,partial,available,not_available,available,not_available,not_available,not_available,available,available,available,not_available,no,yes,yes,yes,yes,yes,yes,yes,no,no,yes,dk,no,yes,yes,5,3,3,2,3,3,3,5,2,3,4,4,3,5,3,High workload and inadequate staffing,"Gloves, masks, disinfectants and waste bins",Conduct routine IPC audits and communicate findings to staff.,Staff understand IPC but workload can affect compliance.
R0376,yes,45_54,female,nurse_midwife,bachelor,6_10,1_5,paediatric,primary,urban,yes,1_2y,no,true,true,true,false,false,true,true,true,true,true,true,true,true,false,true,3,3,4,3,4,4,3,4,5,5,4,3,2,3,3,2,3,3,4,4,2,3,3,3,1,4,3,4,2,3,3,2,1,3,2,2,3,2,2,2,2,2,3,2,3,4,4,2,3,2,2,4,3,5,3,3,5,3,4,2,2,2,2,3,3,1,1,2,2,3,1,4,4,3,2,3,2,1,3,3,rarely,sometimes,sometimes,often,sometimes,sometimes,sometimes,often,always,never,sometimes,rarely,available,available,available,available,available,unknown,available,partial,not_available,available,not_available,available,available,available,available,partial,available,partial,not_available,available,no,yes,yes,no,no,yes,yes,yes,dk,no,yes,yes,dk,dk,yes,3,3,3,3,4,3,3,4,4,3,5,5,3,2,3,Inconsistent PPE availability,"PPE, hand-hygiene supplies and running water","Provide a functional isolation area, clear SOPs and regular supervision.",More practical outbreak drills and feedback would be useful.
R0377,yes,25_34,female,jchew,master,1_5,lt1,maternity,secondary,urban,yes,1_2y,yes,false,false,false,dk,true,true,false,true,true,dk,true,true,dk,true,true,3,4,2,4,4,2,4,2,3,4,3,4,4,2,4,3,4,4,4,4,2,3,2,4,2,2,3,2,3,1,2,3,4,3,3,3,3,3,2,1,3,3,3,3,4,4,4,1,1,4,3,4,4,2,2,1,3,2,5,3,3,3,3,2,4,4,3,4,3,4,2,2,1,5,1,2,2,3,5,2,sometimes,never,sometimes,rarely,na,sometimes,sometimes,sometimes,often,rarely,sometimes,sometimes,available,not_available,partial,available,partial,available,available,available,available,partial,available,not_available,available,unknown,available,not_available,available,available,available,partial,no,dk,yes,no,yes,yes,yes,yes,dk,yes,yes,yes,yes,yes,yes,1,3,3,5,4,4,2,3,3,2,4,4,2,2,4,High workload and inadequate staffing,"Gloves, masks, disinfectants and waste bins",Conduct regular IPC and Lassa fever refresher training and outbreak drills.,More practical outbreak drills and feedback would be useful.
R0378,yes,18_24,female,jchew,hnd,1_5,lt1,community,secondary,rural,yes,gt2y,yes,true,true,true,false,false,true,false,true,true,true,false,dk,true,false,true,5,5,3,2,4,4,2,4,3,4,3,2,3,4,4,3,4,4,4,2,2,3,3,3,2,3,4,4,4,1,4,3,3,3,3,3,4,3,3,2,3,4,3,1,3,2,5,3,2,5,3,4,3,3,2,2,3,2,3,4,3,3,3,2,4,3,3,4,3,4,2,1,2,2,4,3,2,3,2,3,sometimes,sometimes,rarely,sometimes,rarely,sometimes,often,always,sometimes,sometimes,rarely,often,available,available,partial,not_available,available,partial,partial,available,available,available,available,available,available,not_available,not_available,available,available,partial,available,available,yes,yes,yes,yes,dk,yes,yes,yes,yes,no,yes,yes,yes,yes,yes,4,3,4,4,3,2,4,4,5,4,3,5,2,2,2,High workload and inadequate staffing,"Gloves, masks, disinfectants and waste bins",Conduct regular IPC and Lassa fever refresher training and outbreak drills.,Regular monitoring and adequate supplies would improve compliance.
R0379,yes,25_34,female,lab,diploma,6_10,11_15,other,primary,urban,yes,6m,yes,true,true,true,true,true,false,dk,true,true,false,dk,true,true,false,true,2,2,4,3,2,2,4,3,4,3,2,2,2,2,3,2,4,3,3,2,4,2,3,3,3,3,3,3,3,1,5,3,4,2,2,3,1,4,1,4,2,4,2,3,3,4,4,3,4,3,4,4,3,4,3,3,2,2,4,5,4,4,3,2,4,2,3,1,2,3,3,2,2,1,4,3,1,2,4,3,sometimes,sometimes,never,sometimes,sometimes,rarely,rarely,rarely,rarely,rarely,sometimes,never,not_available,available,available,not_available,partial,available,partial,not_available,available,not_available,not_available,not_available,not_available,not_available,partial,available,available,available,available,available,no,yes,yes,yes,yes,yes,yes,no,dk,no,no,yes,yes,yes,yes,3,3,3,5,4,2,3,2,2,2,3,2,3,3,2,Limited isolation and waste-management infrastructure,"Gloves, masks, disinfectants and waste bins",Conduct routine IPC audits and communicate findings to staff.,More practical outbreak drills and feedback would be useful.
R0380,yes,35_44,female,jchew,bachelor,gt15,lt1,maternity,secondary,urban,no,unknown,yes,true,true,false,false,false,true,true,true,true,false,true,false,true,dk,true,5,3,5,4,5,3,4,2,4,4,4,5,4,4,5,4,5,4,5,3,4,2,5,3,5,3,3,4,2,2,4,4,3,3,3,3,3,3,4,4,3,4,2,3,4,3,3,4,4,3,3,3,3,3,3,3,3,3,3,2,3,2,4,3,2,3,3,2,5,5,1,2,3,2,3,3,2,4,2,3,sometimes,often,sometimes,sometimes,rarely,sometimes,rarely,rarely,sometimes,sometimes,rarely,sometimes,available,available,available,available,available,not_available,partial,available,available,unknown,available,partial,not_available,partial,available,not_available,available,partial,unknown,available,yes,yes,yes,yes,yes,no,no,no,dk,dk,yes,yes,no,yes,yes,2,1,3,2,3,2,2,3,2,2,4,2,3,2,2,Limited water and hand-hygiene supplies,"Training materials, PPE and cleaning supplies",Conduct regular IPC and Lassa fever refresher training and outbreak drills.,Regular monitoring and adequate supplies would improve compliance.
R0381,yes,35_44,male,jchew,diploma,1_5,6_10,laboratory,primary,urban,yes,6m,no,false,false,false,true,false,false,true,true,true,false,false,false,false,true,false,5,3,3,3,4,5,3,5,3,4,4,4,4,4,5,3,4,4,2,3,3,2,2,5,2,2,3,2,3,2,3,5,3,2,4,5,3,3,5,3,3,3,3,4,3,3,3,4,3,3,3,3,5,2,4,2,3,2,4,4,2,1,3,4,3,2,3,4,3,3,2,3,2,2,3,3,5,4,4,3,sometimes,rarely,never,sometimes,sometimes,rarely,sometimes,rarely,rarely,na,rarely,sometimes,unknown,available,available,not_available,available,unknown,available,unknown,partial,available,available,available,available,not_available,available,available,available,available,available,available,yes,dk,yes,yes,yes,no,no,no,yes,dk,yes,no,no,yes,yes,2,4,2,4,2,4,1,3,2,2,3,1,2,2,4,Insufficient refresher training and supervision,"PPE, hand-hygiene supplies and running water",Maintain emergency PPE stocks and strengthen referral and notification procedures.,Staff understand IPC but workload can affect compliance.
R0382,yes,35_44,female,nurse_midwife,diploma,lt1,6_10,inpatient,primary,semiurban,yes,1_2y,no,false,false,false,false,false,true,false,false,true,dk,true,false,dk,dk,false,5,3,5,4,3,3,5,4,5,3,2,5,4,5,2,5,4,5,4,4,3,3,3,2,4,3,3,4,3,4,3,4,2,2,4,4,3,3,4,3,3,4,2,4,2,2,4,3,3,4,2,2,3,3,4,2,3,5,4,3,4,4,4,5,3,3,3,4,4,3,5,1,2,2,3,4,4,2,4,3,sometimes,rarely,sometimes,often,sometimes,sometimes,sometimes,often,sometimes,often,often,always,available,not_available,not_available,not_available,partial,partial,not_available,available,partial,available,available,partial,partial,available,not_available,not_available,available,available,available,available,yes,no,yes,yes,yes,yes,dk,dk,yes,yes,yes,no,no,no,dk,4,3,2,3,3,3,5,4,3,4,4,3,5,1,4,Insufficient refresher training and supervision,"Water, soap and sharps containers","Improve water, sanitation, waste management and PPE availability.",Regular monitoring and adequate supplies would improve compliance.
R0383,yes,45_54,female,chew,master,lt1,lt1,opd,secondary,urban,yes,6m,yes,true,false,dk,true,false,true,true,true,true,dk,true,true,true,false,dk,4,3,3,4,3,2,5,4,4,4,3,2,3,4,1,4,3,4,3,4,3,4,3,4,4,3,3,2,4,4,3,2,4,4,4,2,2,3,2,3,4,4,3,2,2,4,3,3,1,1,4,4,4,3,3,3,4,3,3,3,2,3,5,3,4,3,4,3,4,2,5,3,4,4,3,4,5,2,3,2,rarely,sometimes,sometimes,often,never,sometimes,sometimes,sometimes,often,rarely,sometimes,never,partial,available,available,available,available,available,available,available,available,available,available,partial,available,available,not_available,not_available,available,partial,partial,available,yes,yes,yes,dk,yes,dk,dk,yes,dk,no,yes,yes,dk,yes,yes,4,2,3,4,4,5,5,2,2,3,3,5,4,3,3,Inconsistent PPE availability,"Water, soap and sharps containers","Provide a functional isolation area, clear SOPs and regular supervision.",The facility needs stronger supervision and refresher training.
R0384,yes,45_54,female,attendant,diploma,6_10,11_15,opd,primary,urban,yes,7_12m,no,true,dk,true,false,false,false,false,true,true,true,true,true,true,true,true,5,4,5,3,4,5,4,4,4,5,5,5,4,4,5,4,3,4,5,5,4,5,3,4,5,4,2,4,4,3,4,3,3,2,3,4,4,3,3,5,3,3,5,4,4,3,4,2,5,4,3,5,3,4,3,1,4,2,2,5,5,3,5,2,5,4,4,5,4,2,5,4,3,2,3,3,4,2,4,3,sometimes,often,often,often,sometimes,often,rarely,sometimes,sometimes,sometimes,sometimes,sometimes,partial,not_available,available,available,available,available,available,available,available,available,available,partial,not_available,partial,available,available,available,partial,available,available,yes,no,yes,yes,no,yes,no,dk,yes,dk,yes,dk,yes,no,no,3,4,3,2,2,4,2,4,3,3,3,2,3,3,3,High workload and inadequate staffing,"Training materials, PPE and cleaning supplies","Provide a functional isolation area, clear SOPs and regular supervision.",Regular monitoring and adequate supplies would improve compliance.
R0385,yes,45_54,female,attendant,diploma,11_15,6_10,inpatient,primary,urban,no,unknown,no,true,dk,true,dk,false,true,true,true,true,true,true,true,true,false,true,5,2,4,3,3,3,4,3,5,4,5,5,3,5,4,3,5,5,5,4,3,2,4,2,4,2,4,2,1,3,4,3,3,4,5,4,4,4,1,3,4,2,3,4,3,4,4,3,3,5,2,2,4,1,3,3,3,3,4,3,4,5,4,2,4,5,3,5,2,4,3,4,3,5,3,3,4,3,4,5,rarely,sometimes,sometimes,always,sometimes,sometimes,often,rarely,sometimes,sometimes,sometimes,rarely,available,available,partial,not_available,available,available,available,available,available,available,partial,available,available,not_available,available,available,available,available,partial,available,no,dk,yes,no,yes,no,no,yes,yes,dk,no,yes,yes,no,yes,4,5,2,4,5,3,4,3,4,3,5,2,3,4,4,Limited isolation and waste-management infrastructure,"Gloves, masks, disinfectants and waste bins",Conduct routine IPC audits and communicate findings to staff.,More practical outbreak drills and feedback would be useful.
R0386,yes,45_54,female,lab,bachelor,6_10,lt1,pharmacy,primary,urban,yes,6m,yes,true,true,true,false,false,true,true,true,false,true,false,true,true,false,true,4,4,4,3,4,4,2,4,3,4,4,1,4,4,3,3,3,4,3,4,4,2,3,2,2,3,3,3,4,4,5,3,3,3,4,2,2,4,1,2,3,3,3,4,3,4,5,4,4,3,4,4,5,3,2,1,2,3,5,2,2,4,2,4,4,3,3,2,3,3,2,4,4,3,2,2,4,3,2,3,rarely,sometimes,often,often,never,often,never,sometimes,sometimes,sometimes,sometimes,sometimes,available,partial,available,available,partial,partial,available,available,available,partial,available,not_available,available,available,not_available,available,available,available,available,available,dk,no,yes,no,yes,yes,yes,no,yes,no,dk,no,yes,yes,yes,4,3,5,2,2,3,3,4,3,3,4,3,4,4,3,Insufficient refresher training and supervision,"Water, soap and sharps containers",Conduct routine IPC audits and communicate findings to staff.,Regular monitoring and adequate supplies would improve compliance.
R0387,yes,25_34,female,cho,doctorate,6_10,lt1,opd,primary,rural,yes,7_12m,yes,true,true,dk,false,false,true,true,dk,true,false,true,false,true,false,true,5,2,3,4,5,5,4,4,4,4,5,3,5,5,4,4,4,5,5,4,3,3,3,3,5,3,2,4,4,5,4,5,3,4,5,5,4,2,3,4,3,4,4,4,2,4,2,5,3,4,4,4,4,3,2,2,1,1,5,2,4,5,5,4,4,5,4,3,4,5,3,4,4,4,4,4,5,4,5,4,sometimes,always,often,often,always,often,sometimes,always,always,sometimes,always,often,available,available,available,available,partial,available,available,not_available,not_available,partial,partial,available,available,available,available,available,available,not_available,not_available,available,dk,yes,no,yes,no,dk,yes,yes,yes,dk,yes,yes,dk,no,yes,3,5,3,3,3,3,4,2,3,4,5,2,2,3,4,Limited isolation and waste-management infrastructure,"PPE, alcohol-based hand rub and isolation space",Maintain emergency PPE stocks and strengthen referral and notification procedures.,Water supply and PPE availability should be maintained consistently.
R0388,yes,45_54,female,jchew,certificate,1_5,lt1,opd,secondary,rural,yes,6m,no,true,false,true,false,dk,false,true,true,true,true,false,true,true,false,true,5,4,4,3,4,5,4,5,4,2,2,2,5,3,4,4,2,3,4,3,4,2,3,3,3,2,2,4,4,3,4,2,4,4,3,3,2,3,3,3,3,2,3,2,5,2,4,5,5,4,3,3,4,3,2,2,3,3,3,3,3,3,3,4,4,4,3,4,3,3,2,4,3,4,4,5,5,3,4,4,sometimes,rarely,often,often,often,sometimes,often,always,sometimes,sometimes,always,sometimes,available,available,available,partial,available,available,available,partial,available,available,not_available,partial,available,partial,available,available,available,unknown,not_available,partial,yes,yes,dk,yes,yes,no,yes,yes,no,dk,no,no,yes,no,no,5,5,4,3,3,4,5,5,3,4,4,5,4,3,4,High workload and inadequate staffing,"Training materials, PPE and cleaning supplies",Maintain emergency PPE stocks and strengthen referral and notification procedures.,Water supply and PPE availability should be maintained consistently.
R0389,yes,45_54,female,chew,bachelor,6_10,1_5,community,primary,urban,yes,6m,yes,true,true,false,dk,dk,dk,false,true,false,true,true,true,false,false,true,4,3,3,4,5,4,2,4,4,3,4,3,3,3,3,5,5,4,5,5,2,4,5,2,2,2,2,3,4,2,4,2,5,3,3,3,3,4,3,4,2,2,2,2,3,4,4,4,3,2,3,4,4,2,3,2,3,3,3,2,4,3,3,3,2,2,3,2,2,2,5,4,4,3,2,2,4,2,2,1,rarely,sometimes,sometimes,rarely,sometimes,never,sometimes,sometimes,often,sometimes,sometimes,rarely,available,available,partial,available,partial,available,available,not_available,available,partial,available,not_available,available,not_available,available,not_available,available,available,partial,available,yes,yes,yes,dk,yes,yes,yes,yes,yes,dk,no,yes,no,no,yes,3,3,4,2,3,2,4,2,3,2,3,3,4,2,2,Availability of IPC supplies and management support,"PPE, alcohol-based hand rub and isolation space","Improve water, sanitation, waste management and PPE availability.",The facility needs stronger supervision and refresher training.
R0390,yes,45_54,female,jchew,certificate,lt1,lt1,opd,secondary,semiurban,yes,6m,no,true,true,true,false,dk,true,dk,false,true,true,false,true,true,false,true,4,2,4,4,5,3,4,3,2,3,3,5,2,5,5,4,3,4,3,3,3,4,3,3,2,3,2,4,4,3,3,4,3,4,3,2,4,5,4,3,4,4,5,5,5,4,4,4,4,3,4,5,5,2,2,2,4,1,2,3,4,4,5,4,4,4,4,2,4,3,4,5,2,4,3,3,4,3,4,5,na,often,always,always,na,sometimes,sometimes,always,often,always,often,often,available,not_available,not_available,not_available,available,available,unknown,not_available,available,available,available,available,available,unknown,available,partial,available,not_available,not_available,available,yes,yes,no,yes,yes,no,yes,yes,no,yes,dk,yes,yes,yes,dk,2,3,2,3,3,4,5,4,4,4,3,1,4,4,4,Inconsistent PPE availability,"Gloves, masks, disinfectants and waste bins",Maintain emergency PPE stocks and strengthen referral and notification procedures.,Staff understand IPC but workload can affect compliance.
R0391,yes,18_24,male,jchew,bachelor,11_15,1_5,inpatient,primary,semiurban,yes,gt2y,yes,false,true,true,true,false,true,true,true,dk,true,true,false,true,false,true,2,1,4,4,2,2,3,2,3,1,3,2,3,3,4,2,2,2,3,3,1,3,4,1,3,2,4,1,4,2,4,2,2,3,1,3,2,3,3,2,3,2,2,3,3,3,3,2,3,3,2,4,2,3,4,4,4,3,1,4,3,2,1,2,2,1,3,2,3,2,2,1,2,3,1,4,4,3,2,2,rarely,sometimes,rarely,na,sometimes,sometimes,sometimes,rarely,sometimes,often,sometimes,often,available,available,partial,not_available,available,available,available,available,available,not_available,available,available,partial,not_available,available,partial,not_available,not_available,available,available,no,yes,yes,yes,yes,dk,yes,no,no,yes,yes,dk,yes,dk,yes,3,2,2,3,3,2,2,4,3,2,5,4,4,2,2,Limited isolation and waste-management infrastructure,"PPE, alcohol-based hand rub and isolation space","Improve water, sanitation, waste management and PPE availability.",More practical outbreak drills and feedback would be useful.
R0392,yes,25_34,male,attendant,bachelor,gt15,gt15,inpatient,primary,rural,yes,6m,no,true,true,dk,false,false,true,true,true,true,true,true,true,false,false,true,5,3,2,5,5,3,4,5,4,4,2,3,4,3,5,3,4,3,5,5,2,2,4,5,2,3,4,4,4,3,3,4,5,2,2,4,3,3,2,4,1,2,3,2,4,5,2,4,3,4,5,4,3,3,2,3,2,2,5,5,4,4,3,3,5,4,4,3,5,3,4,4,2,5,3,4,3,5,5,2,sometimes,always,sometimes,often,sometimes,sometimes,na,often,sometimes,always,sometimes,sometimes,partial,not_available,partial,not_available,partial,partial,partial,available,available,available,partial,available,available,available,not_available,partial,available,partial,not_available,partial,yes,yes,no,yes,yes,yes,yes,no,dk,yes,no,dk,dk,yes,no,4,3,3,2,4,2,2,1,2,3,3,4,3,5,2,Inconsistent PPE availability,"PPE, alcohol-based hand rub and isolation space","Provide a functional isolation area, clear SOPs and regular supervision.",Regular monitoring and adequate supplies would improve compliance.
R0393,yes,25_34,female,environmental_health,certificate,1_5,1_5,emergency,primary,rural,yes,1_2y,yes,false,false,dk,dk,false,dk,dk,true,true,true,false,dk,false,false,true,5,4,3,5,4,4,4,4,4,4,3,4,4,4,4,4,4,4,4,4,4,3,5,4,3,4,5,4,4,4,4,2,3,3,3,4,1,3,5,4,3,2,3,4,4,3,3,3,3,3,2,4,2,4,4,3,4,4,1,4,3,3,3,3,4,5,4,3,3,3,3,3,2,4,2,2,3,3,5,3,often,sometimes,often,often,often,always,always,often,always,often,often,often,available,partial,unknown,partial,available,partial,available,available,available,available,available,available,available,not_available,available,available,available,available,available,available,yes,dk,no,yes,no,yes,yes,yes,yes,yes,no,no,yes,no,yes,3,3,3,2,3,3,3,3,4,4,2,3,4,3,3,Insufficient refresher training and supervision,"Water, soap and sharps containers","Improve water, sanitation, waste management and PPE availability.",The facility needs stronger supervision and refresher training.
R0394,yes,18_24,male,pharmacy,certificate,1_5,gt15,laboratory,primary,semiurban,yes,1_2y,yes,true,false,false,true,true,false,true,false,true,true,true,dk,false,true,true,3,3,2,2,3,3,4,3,1,2,3,1,4,2,4,3,3,1,1,4,3,3,4,4,2,4,3,4,2,2,4,5,4,4,5,3,3,4,5,4,5,3,3,4,4,1,3,1,1,3,4,2,3,4,3,5,2,3,4,4,5,3,2,4,4,3,2,3,5,2,4,3,3,5,5,3,3,5,5,2,sometimes,sometimes,often,sometimes,sometimes,sometimes,rarely,always,sometimes,sometimes,sometimes,often,available,available,partial,available,partial,not_available,available,available,available,available,available,available,not_available,available,unknown,not_available,available,not_available,not_available,available,yes,no,yes,dk,yes,no,dk,no,dk,dk,yes,yes,no,yes,no,4,3,2,3,4,3,3,2,3,3,3,3,3,4,2,Limited water and hand-hygiene supplies,"Gloves, masks, disinfectants and waste bins","Provide a functional isolation area, clear SOPs and regular supervision.",More practical outbreak drills and feedback would be useful.
R0395,yes,35_44,male,chew,bachelor,11_15,gt15,inpatient,primary,semiurban,no,unknown,no,true,true,true,false,false,true,true,true,true,true,true,dk,true,false,true,3,4,3,3,3,3,2,3,4,3,3,4,4,5,3,3,5,1,4,3,3,2,2,3,3,4,4,4,2,4,5,3,3,4,4,4,1,4,5,4,3,3,4,4,2,4,4,3,3,5,2,5,3,4,2,2,4,2,5,3,5,5,3,3,5,2,1,4,4,4,4,3,5,1,2,4,3,5,3,5,never,often,sometimes,often,sometimes,rarely,often,sometimes,sometimes,rarely,rarely,sometimes,available,partial,available,available,partial,available,partial,available,unknown,available,available,available,unknown,available,available,available,available,available,available,available,no,no,no,no,yes,yes,no,no,yes,dk,no,yes,dk,yes,no,4,4,4,3,3,3,5,4,5,4,5,1,3,5,3,High workload and inadequate staffing,"PPE, alcohol-based hand rub and isolation space",Conduct regular IPC and Lassa fever refresher training and outbreak drills.,Regular monitoring and adequate supplies would improve compliance.
R0396,yes,35_44,male,nurse_midwife,master,gt15,lt1,emergency,secondary,rural,yes,7_12m,no,false,dk,false,false,false,true,true,true,true,true,true,true,false,false,true,3,4,4,2,4,4,4,3,2,3,4,3,3,5,5,4,3,4,3,2,3,3,2,4,4,3,3,3,4,4,4,3,3,3,3,5,4,3,5,5,3,3,2,4,3,3,4,4,4,3,4,3,3,2,1,3,3,2,5,4,2,3,2,2,1,2,3,2,2,3,3,2,4,4,2,3,2,4,3,2,often,sometimes,sometimes,often,rarely,sometimes,sometimes,sometimes,sometimes,rarely,often,rarely,available,available,available,not_available,partial,not_available,available,available,available,partial,available,available,not_available,partial,unknown,available,available,available,available,available,dk,no,yes,yes,yes,no,yes,yes,no,yes,dk,yes,no,yes,no,4,4,4,4,5,3,5,4,4,5,3,4,4,5,4,Insufficient refresher training and supervision,"Gloves, masks, disinfectants and waste bins",Maintain emergency PPE stocks and strengthen referral and notification procedures.,Staff understand IPC but workload can affect compliance.
R0397,yes,25_34,female,cho,bachelor,6_10,1_5,other,secondary,semiurban,yes,7_12m,no,false,false,true,false,false,false,false,false,false,dk,true,true,true,true,false,5,4,4,2,3,3,3,5,3,3,4,5,5,4,3,5,3,5,4,3,2,4,3,3,3,3,2,3,3,4,3,2,2,3,3,4,3,3,3,2,3,4,2,3,4,3,5,4,3,4,3,3,5,3,1,2,2,2,3,3,3,5,3,3,2,3,2,3,2,4,5,2,5,3,3,3,3,4,4,3,sometimes,often,often,always,sometimes,sometimes,na,sometimes,always,often,sometimes,sometimes,available,available,partial,available,available,available,available,unknown,available,not_available,partial,available,not_available,available,not_available,available,available,available,not_available,available,yes,no,no,no,no,dk,no,no,yes,no,yes,dk,no,yes,yes,4,5,4,3,3,4,4,4,4,3,3,2,2,4,2,Availability of IPC supplies and management support,"Water, soap and sharps containers",Conduct regular IPC and Lassa fever refresher training and outbreak drills.,Regular monitoring and adequate supplies would improve compliance.
R0398,yes,45_54,male,attendant,bachelor,11_15,1_5,inpatient,primary,rural,yes,6m,no,true,true,true,false,false,true,true,true,true,true,true,true,true,false,true,4,5,4,4,5,4,4,3,5,4,4,5,4,3,3,5,4,3,4,4,4,5,4,5,4,5,4,4,5,4,3,3,5,5,5,5,4,5,5,3,4,5,4,5,5,5,3,3,4,4,4,3,4,2,1,2,2,1,3,5,3,4,4,4,3,2,5,2,3,4,4,4,4,3,5,5,3,5,3,4,often,sometimes,often,always,often,sometimes,sometimes,always,often,sometimes,sometimes,sometimes,available,available,available,not_available,available,not_available,partial,not_available,available,not_available,available,available,not_available,available,partial,not_available,available,not_available,not_available,not_available,yes,no,yes,no,yes,no,no,yes,no,no,yes,yes,no,dk,yes,3,3,4,2,4,5,3,5,4,3,3,2,4,2,5,High workload and inadequate staffing,"PPE, alcohol-based hand rub and isolation space","Provide a functional isolation area, clear SOPs and regular supervision.",Staff understand IPC but workload can affect compliance.
R0399,yes,45_54,female,doctor,bachelor,6_10,11_15,opd,primary,urban,yes,1_2y,no,dk,false,true,false,true,false,true,false,dk,false,true,false,false,dk,false,3,4,4,5,3,4,4,5,2,3,4,4,4,4,3,3,3,3,3,5,5,5,2,4,3,2,4,4,4,4,2,5,3,5,5,5,3,5,3,3,5,4,3,5,3,2,4,3,4,3,3,3,3,4,5,3,4,3,3,2,1,3,4,2,4,3,3,2,5,2,2,2,4,3,2,1,3,2,3,3,often,never,sometimes,sometimes,sometimes,rarely,often,often,rarely,often,rarely,sometimes,available,available,available,available,available,available,not_available,partial,partial,available,available,available,not_available,unknown,not_available,not_available,partial,available,not_available,not_available,yes,yes,dk,yes,yes,yes,yes,no,no,dk,yes,no,yes,yes,yes,4,5,3,3,2,4,3,3,2,4,3,4,4,2,4,Availability of IPC supplies and management support,"PPE, hand-hygiene supplies and running water",Conduct routine IPC audits and communicate findings to staff.,More practical outbreak drills and feedback would be useful.
R0400,yes,45_54,male,nurse_midwife,hnd,6_10,lt1,opd,primary,urban,yes,6m,no,false,false,true,false,false,true,true,true,true,true,true,dk,false,true,true,3,4,2,3,3,3,5,4,3,2,3,3,4,3,4,4,4,3,2,3,1,3,2,1,2,3,2,2,2,3,4,2,3,4,3,4,1,3,2,3,4,3,1,2,2,4,3,2,3,3,3,2,3,3,5,3,2,3,2,2,3,1,2,2,1,3,2,1,3,3,1,4,1,3,2,2,1,1,2,3,sometimes,often,always,sometimes,sometimes,sometimes,often,sometimes,sometimes,na,sometimes,often,available,not_available,available,available,available,available,available,not_available,available,available,available,partial,not_available,not_available,available,partial,available,available,partial,not_available,yes,yes,no,yes,yes,dk,yes,no,yes,yes,yes,no,no,yes,yes,3,1,3,2,3,1,1,2,1,1,2,4,3,3,1,Insufficient refresher training and supervision,"PPE, alcohol-based hand rub and isolation space","Improve water, sanitation, waste management and PPE availability.",The facility needs stronger supervision and refresher training.
R0401,yes,25_34,female,cho,bachelor,gt15,11_15,environmental,secondary,rural,no,unknown,yes,true,true,true,false,true,dk,true,true,true,true,true,true,dk,false,true,4,5,3,5,2,3,4,3,3,5,4,5,2,3,4,2,3,1,3,4,2,3,4,3,3,2,3,3,5,2,4,4,3,4,2,2,2,4,4,2,3,5,3,3,3,4,2,4,4,3,3,3,3,4,2,3,4,2,3,3,3,1,3,4,1,2,2,2,2,4,1,3,2,4,3,1,5,3,3,3,often,always,rarely,often,sometimes,sometimes,sometimes,sometimes,rarely,often,sometimes,sometimes,available,partial,available,available,available,available,partial,available,not_available,not_available,available,available,available,available,available,available,available,not_available,available,not_available,no,no,yes,yes,yes,dk,no,yes,yes,dk,no,no,yes,dk,yes,1,2,2,3,2,2,2,3,3,3,1,3,3,4,2,Limited isolation and waste-management infrastructure,"Water, soap and sharps containers",Maintain emergency PPE stocks and strengthen referral and notification procedures.,More practical outbreak drills and feedback would be useful.
R0402,yes,25_34,male,chew,bachelor,11_15,lt1,opd,secondary,urban,yes,7_12m,yes,true,dk,true,true,false,true,true,false,false,true,true,true,true,true,false,4,2,3,3,1,2,5,3,2,3,4,2,4,3,1,4,3,2,3,3,2,3,3,4,4,3,4,4,3,3,5,3,3,3,3,3,4,4,4,3,3,4,5,4,2,4,2,4,2,5,4,3,2,1,4,2,3,3,3,4,4,3,2,3,2,3,4,3,5,3,5,4,3,4,4,4,3,4,5,4,sometimes,sometimes,never,sometimes,sometimes,often,rarely,often,sometimes,sometimes,sometimes,sometimes,available,available,available,available,available,available,available,not_available,available,available,available,available,available,not_available,available,available,available,not_available,not_available,available,no,no,yes,yes,yes,yes,yes,yes,yes,no,yes,no,dk,yes,yes,2,2,3,3,3,3,4,4,2,5,2,4,3,3,5,High workload and inadequate staffing,"PPE, alcohol-based hand rub and isolation space",Conduct routine IPC audits and communicate findings to staff.,More practical outbreak drills and feedback would be useful.
R0403,yes,18_24,female,cho,diploma,gt15,6_10,opd,primary,semiurban,no,unknown,no,true,true,false,false,false,true,dk,true,true,true,true,true,true,true,true,3,3,4,3,3,3,3,3,3,4,2,4,4,4,2,2,4,3,2,4,4,2,3,3,3,3,5,2,4,3,2,5,4,2,4,2,3,1,2,3,5,4,3,3,4,4,4,3,4,4,4,4,3,2,3,2,2,4,4,5,3,2,2,2,2,2,4,3,2,5,4,3,2,3,2,2,3,2,2,4,always,always,always,always,always,sometimes,always,always,often,often,often,often,available,partial,available,available,available,available,available,available,available,partial,available,available,not_available,available,not_available,available,available,partial,unknown,available,yes,yes,no,yes,no,dk,no,yes,no,dk,yes,yes,no,yes,yes,3,3,2,3,4,4,4,4,4,3,3,2,5,4,2,Limited water and hand-hygiene supplies,"Water, soap and sharps containers","Provide a functional isolation area, clear SOPs and regular supervision.",The facility needs stronger supervision and refresher training.
R0404,yes,35_44,female,nurse_midwife,hnd,11_15,1_5,pharmacy,secondary,rural,yes,6m,no,true,false,true,false,false,true,true,true,true,true,true,true,true,false,true,4,3,5,5,5,4,5,3,3,4,3,4,3,5,5,3,4,5,4,4,3,2,3,2,2,3,4,3,1,4,4,1,4,4,3,3,3,4,3,3,2,2,3,2,2,4,3,4,5,4,3,4,2,1,2,1,3,2,4,3,2,4,3,3,2,2,4,3,2,2,3,2,2,2,2,3,2,4,2,3,sometimes,sometimes,sometimes,sometimes,sometimes,sometimes,sometimes,sometimes,sometimes,sometimes,sometimes,sometimes,available,available,available,unknown,available,available,available,partial,available,available,available,available,partial,available,available,not_available,available,partial,not_available,available,no,no,dk,yes,yes,yes,no,dk,yes,yes,no,yes,dk,no,yes,4,4,4,3,3,2,2,2,3,3,3,4,2,3,3,Inconsistent PPE availability,"Training materials, PPE and cleaning supplies",Conduct routine IPC audits and communicate findings to staff.,Water supply and PPE availability should be maintained consistently.
R0405,yes,35_44,female,cho,hnd,1_5,1_5,inpatient,primary,rural,yes,6m,no,false,false,true,false,true,true,true,false,true,false,true,dk,true,false,true,5,5,4,4,4,5,4,5,3,3,5,5,4,3,3,5,5,4,4,5,5,2,4,4,4,3,3,2,5,5,3,2,5,2,4,5,3,4,3,5,3,3,2,5,3,3,3,5,3,5,3,3,5,3,2,2,2,4,3,3,4,3,3,2,3,3,2,3,3,4,2,4,4,3,2,2,3,3,2,4,always,sometimes,often,always,always,often,sometimes,always,often,sometimes,always,often,available,not_available,available,not_available,available,available,available,partial,not_available,partial,not_available,available,available,available,available,available,available,available,available,available,yes,yes,yes,no,no,no,yes,no,yes,dk,no,dk,no,yes,yes,3,4,4,3,2,4,3,4,2,4,3,3,4,3,3,Insufficient refresher training and supervision,"Training materials, PPE and cleaning supplies","Improve water, sanitation, waste management and PPE availability.",More practical outbreak drills and feedback would be useful.
R0406,yes,35_44,female,nurse_midwife,hnd,1_5,lt1,opd,primary,rural,yes,6m,yes,false,true,true,false,false,true,true,dk,true,true,true,true,true,false,true,4,5,3,4,2,4,3,4,3,3,4,3,4,4,5,3,5,3,5,4,1,3,3,3,1,2,2,2,4,2,2,1,3,2,2,1,1,3,2,2,2,4,2,1,1,4,3,2,4,3,3,2,2,3,3,3,2,3,3,2,3,4,3,1,3,4,1,3,4,3,4,4,4,4,4,4,2,5,4,4,sometimes,often,often,often,sometimes,na,sometimes,sometimes,often,rarely,often,sometimes,partial,not_available,available,available,available,available,partial,available,available,available,not_available,partial,available,available,available,not_available,available,not_available,partial,available,yes,yes,yes,yes,dk,yes,yes,yes,yes,no,no,yes,dk,no,no,3,1,2,1,5,3,3,5,3,3,2,3,3,3,3,Availability of IPC supplies and management support,"Training materials, PPE and cleaning supplies",Maintain emergency PPE stocks and strengthen referral and notification procedures.,Regular monitoring and adequate supplies would improve compliance.
R0407,yes,25_34,female,cho,bachelor,1_5,1_5,inpatient,secondary,urban,yes,1_2y,no,true,true,true,false,false,true,true,true,dk,true,true,true,true,false,true,4,4,5,4,3,5,3,4,3,4,5,3,2,4,2,3,3,4,4,4,3,2,4,4,4,3,3,2,3,3,4,4,5,4,4,3,4,4,5,2,4,5,3,4,3,3,2,3,3,3,3,4,5,3,2,3,3,4,2,4,4,4,4,5,4,4,3,3,5,4,4,3,4,5,5,5,4,5,3,4,sometimes,always,often,often,often,often,sometimes,sometimes,sometimes,rarely,always,rarely,available,available,available,partial,available,partial,partial,available,available,available,available,available,available,not_available,not_available,partial,available,partial,not_available,available,yes,no,yes,yes,dk,dk,no,no,yes,dk,yes,no,no,yes,yes,3,4,4,4,3,2,3,2,5,3,3,4,4,3,4,Limited isolation and waste-management infrastructure,"PPE, alcohol-based hand rub and isolation space",Conduct routine IPC audits and communicate findings to staff.,Water supply and PPE availability should be maintained consistently.
R0408,yes,25_34,female,lab,bachelor,6_10,6_10,maternity,primary,urban,yes,1_2y,no,false,true,true,false,false,true,dk,true,false,true,true,true,true,true,true,5,3,2,5,4,2,4,4,4,5,3,3,4,4,3,5,3,4,3,5,4,2,3,1,4,3,3,2,4,2,4,3,4,4,2,1,5,4,2,3,4,4,4,4,3,3,4,3,3,2,3,3,4,3,3,4,3,2,3,3,4,1,3,2,4,3,3,2,2,4,3,2,3,4,2,3,3,3,4,3,always,often,always,always,often,often,sometimes,often,always,always,always,often,available,available,available,available,available,available,not_available,unknown,available,available,partial,available,available,not_available,available,available,available,not_available,available,available,dk,no,yes,yes,no,no,no,yes,yes,no,yes,yes,yes,no,yes,4,4,3,5,4,4,3,4,4,3,4,5,4,4,3,Insufficient refresher training and supervision,"Gloves, masks, disinfectants and waste bins",Maintain emergency PPE stocks and strengthen referral and notification procedures.,The facility needs stronger supervision and refresher training.
R0409,yes,45_54,female,nurse_midwife,master,6_10,1_5,opd,primary,semiurban,yes,gt2y,yes,true,false,true,false,false,true,true,dk,false,true,true,true,true,false,true,5,3,4,2,5,4,3,3,4,4,3,5,2,4,2,3,5,4,3,2,3,4,4,4,5,4,4,5,4,5,4,4,3,4,4,4,4,4,4,4,3,2,4,3,2,5,4,4,5,4,5,4,5,2,2,3,3,3,3,4,4,3,3,5,4,3,3,2,2,5,4,3,3,4,5,4,2,3,3,3,rarely,often,never,sometimes,sometimes,often,sometimes,always,sometimes,sometimes,rarely,rarely,available,partial,available,available,available,available,not_available,available,available,available,partial,available,not_available,partial,available,available,available,not_available,available,partial,no,no,no,dk,no,no,yes,yes,yes,yes,yes,dk,dk,no,no,4,5,4,4,3,4,4,4,2,2,3,3,4,4,4,Availability of IPC supplies and management support,"PPE, alcohol-based hand rub and isolation space",Conduct regular IPC and Lassa fever refresher training and outbreak drills.,More practical outbreak drills and feedback would be useful.
R0410,yes,45_54,female,chew,diploma,gt15,1_5,paediatric,primary,urban,yes,6m,yes,true,true,true,false,false,true,true,false,true,true,true,true,true,false,true,3,3,4,4,4,3,3,3,4,3,4,3,2,4,4,5,4,3,3,4,3,4,5,2,4,4,4,3,3,2,4,2,2,4,5,3,2,5,4,3,5,2,4,3,4,2,3,3,4,3,4,3,4,4,3,1,4,2,3,5,3,2,4,3,3,2,5,3,3,4,5,5,4,2,2,3,2,4,5,4,often,rarely,sometimes,often,sometimes,often,often,always,sometimes,sometimes,sometimes,sometimes,available,unknown,available,partial,available,partial,not_available,not_available,available,not_available,available,available,available,not_available,not_available,partial,available,available,available,available,no,yes,yes,yes,yes,no,no,yes,no,dk,no,no,dk,yes,no,4,3,2,3,3,3,2,4,1,3,3,3,3,3,2,Availability of IPC supplies and management support,"Water, soap and sharps containers",Conduct routine IPC audits and communicate findings to staff.,The facility needs stronger supervision and refresher training.
R0411,yes,45_54,male,chew,other,6_10,6_10,opd,primary,rural,yes,1_2y,no,true,true,true,false,false,true,false,true,true,false,true,true,true,false,true,4,5,3,4,5,5,4,4,5,4,5,4,4,5,4,5,4,4,5,4,3,3,3,4,2,3,4,4,2,3,3,5,3,2,4,5,4,4,4,3,2,4,4,4,5,2,4,4,4,3,4,2,4,3,2,3,3,3,3,4,2,3,2,3,1,4,4,5,5,4,5,5,3,5,4,3,5,2,5,5,sometimes,sometimes,often,often,always,always,always,often,rarely,always,often,often,unknown,partial,available,partial,available,available,not_available,partial,available,available,available,available,not_available,available,available,not_available,available,partial,partial,unknown,no,yes,yes,yes,yes,no,yes,no,no,dk,no,yes,yes,dk,dk,4,3,4,4,4,4,3,4,3,4,3,2,2,3,5,Limited water and hand-hygiene supplies,"PPE, hand-hygiene supplies and running water",Maintain emergency PPE stocks and strengthen referral and notification procedures.,Staff understand IPC but workload can affect compliance.
R0412,yes,45_54,female,chew,bachelor,lt1,11_15,laboratory,secondary,urban,no,unknown,yes,false,false,true,false,false,true,true,true,false,true,true,dk,true,false,true,5,5,5,3,4,1,4,4,4,4,4,2,4,3,4,3,4,5,3,4,3,3,2,3,2,2,2,4,3,3,1,3,1,2,1,4,2,2,2,2,4,2,3,1,3,2,4,3,3,4,2,2,3,3,4,1,3,4,4,3,3,2,3,3,3,2,2,2,3,2,1,3,4,1,1,1,3,4,1,1,rarely,na,often,rarely,sometimes,often,sometimes,sometimes,rarely,often,rarely,sometimes,partial,partial,available,available,available,available,available,available,available,partial,available,unknown,not_available,not_available,available,available,available,available,available,unknown,yes,yes,yes,yes,no,yes,yes,no,yes,no,no,no,no,yes,dk,3,2,3,1,2,4,4,4,4,2,2,3,2,5,4,Insufficient refresher training and supervision,"Water, soap and sharps containers","Provide a functional isolation area, clear SOPs and regular supervision.",Staff understand IPC but workload can affect compliance.
R0413,yes,35_44,male,nurse_midwife,bachelor,6_10,gt15,other,secondary,rural,yes,1_2y,yes,true,false,dk,false,false,true,true,true,false,false,false,false,true,dk,true,2,2,3,3,3,3,2,4,3,4,2,4,2,4,2,3,3,3,2,4,2,2,4,3,3,2,3,3,4,3,3,4,4,3,3,2,5,2,4,4,3,2,3,2,2,3,4,4,3,3,4,3,2,4,1,2,2,2,4,3,4,1,4,4,4,3,5,3,3,3,4,4,2,3,4,3,3,3,3,3,rarely,often,often,sometimes,often,sometimes,sometimes,rarely,sometimes,often,sometimes,often,available,partial,available,not_available,available,partial,not_available,available,partial,available,available,available,not_available,available,partial,partial,available,unknown,partial,available,yes,no,dk,yes,yes,yes,dk,yes,no,dk,no,yes,dk,no,yes,2,4,3,3,2,2,3,3,5,4,2,3,4,4,3,Limited water and hand-hygiene supplies,"PPE, hand-hygiene supplies and running water",Maintain emergency PPE stocks and strengthen referral and notification procedures.,Regular monitoring and adequate supplies would improve compliance.
R0414,yes,35_44,female,nurse_midwife,master,1_5,6_10,other,primary,urban,yes,1_2y,yes,true,false,true,false,false,true,false,dk,true,true,false,true,true,false,true,4,4,3,2,4,4,4,3,5,5,4,5,3,4,3,3,2,4,4,4,2,2,1,2,4,2,2,2,1,3,3,2,3,2,3,3,4,4,3,2,2,2,2,4,3,5,3,5,4,4,4,4,3,1,3,3,3,2,4,4,2,4,3,3,3,4,4,4,4,3,4,4,4,5,3,4,1,3,4,4,rarely,sometimes,often,sometimes,sometimes,sometimes,often,often,often,often,often,often,unknown,available,unknown,not_available,partial,partial,not_available,not_available,partial,available,partial,available,not_available,available,available,available,partial,available,partial,partial,yes,dk,yes,no,yes,yes,no,yes,yes,dk,dk,yes,yes,no,yes,2,4,4,3,5,4,3,3,5,4,2,4,3,4,2,Limited isolation and waste-management infrastructure,"Water, soap and sharps containers",Conduct regular IPC and Lassa fever refresher training and outbreak drills.,The facility needs stronger supervision and refresher training.
R0415,yes,35_44,female,environmental_health,bachelor,6_10,lt1,pharmacy,secondary,semiurban,no,unknown,no,true,false,false,true,false,false,true,false,dk,true,true,true,dk,false,true,5,4,4,5,3,4,5,4,3,3,4,4,3,4,5,4,5,4,3,2,4,4,2,4,3,2,2,3,2,5,3,4,3,2,3,2,1,2,4,4,2,3,3,3,5,3,1,2,3,3,4,3,3,3,5,2,3,2,5,4,4,5,4,5,2,4,4,3,3,2,3,3,4,3,4,5,4,3,5,4,always,often,sometimes,always,often,always,sometimes,na,always,always,always,often,available,not_available,available,available,available,available,unknown,available,available,not_available,available,available,available,partial,unknown,available,available,unknown,available,partial,yes,no,no,no,yes,yes,yes,yes,yes,no,yes,no,yes,yes,yes,4,3,4,4,3,4,3,3,3,3,5,4,4,4,3,Limited water and hand-hygiene supplies,"PPE, hand-hygiene supplies and running water","Improve water, sanitation, waste management and PPE availability.",Regular monitoring and adequate supplies would improve compliance.
R0416,yes,25_34,male,attendant,bachelor,6_10,6_10,opd,secondary,urban,no,unknown,yes,true,false,true,true,false,dk,false,true,false,false,true,true,true,false,true,3,5,5,4,4,4,4,4,4,3,5,5,4,3,4,4,3,3,2,4,3,3,4,3,3,4,3,4,3,4,4,4,4,5,3,3,3,5,3,4,3,3,3,5,2,4,3,3,3,5,2,3,3,3,4,4,4,4,4,3,4,3,5,3,4,4,3,4,3,2,5,5,3,5,4,5,4,3,3,5,often,sometimes,sometimes,sometimes,sometimes,rarely,often,sometimes,often,often,rarely,sometimes,available,partial,available,not_available,available,partial,not_available,available,available,available,available,partial,available,partial,not_available,partial,partial,available,partial,partial,no,no,yes,dk,yes,dk,yes,no,yes,yes,yes,yes,no,yes,dk,4,4,2,1,4,4,4,3,3,3,3,3,2,4,2,Availability of IPC supplies and management support,"Training materials, PPE and cleaning supplies","Improve water, sanitation, waste management and PPE availability.",The facility needs stronger supervision and refresher training.
R0417,yes,35_44,female,nurse_midwife,hnd,1_5,1_5,community,primary,rural,yes,6m,no,true,true,false,false,false,true,true,true,true,true,true,true,true,false,true,3,2,4,4,2,3,3,4,4,5,3,4,3,2,4,4,4,3,3,3,4,2,3,3,2,3,4,2,2,5,2,2,3,3,3,3,5,3,4,4,4,4,4,3,5,3,5,3,4,3,4,4,4,1,2,3,1,2,5,4,4,2,2,2,2,2,3,4,3,3,4,3,3,3,3,3,2,2,2,2,never,often,rarely,often,rarely,always,never,sometimes,often,sometimes,sometimes,sometimes,partial,partial,partial,not_available,partial,available,partial,available,available,available,available,available,available,partial,not_available,available,partial,available,available,partial,no,yes,yes,yes,yes,yes,yes,yes,no,yes,no,no,dk,yes,yes,4,3,3,2,3,2,4,3,2,2,2,3,4,4,2,Availability of IPC supplies and management support,"PPE, hand-hygiene supplies and running water","Improve water, sanitation, waste management and PPE availability.",Regular monitoring and adequate supplies would improve compliance.
R0418,yes,45_54,female,cho,master,6_10,lt1,opd,primary,semiurban,yes,6m,no,true,true,true,true,false,false,true,false,true,true,false,true,true,false,true,4,3,1,4,3,3,3,3,3,3,2,3,3,2,4,4,3,3,3,3,5,3,2,5,3,5,2,3,4,4,4,2,4,3,5,1,4,3,3,3,3,3,4,3,3,2,3,4,5,3,3,4,2,3,4,4,3,3,2,3,5,4,5,5,3,4,5,3,3,3,3,4,4,4,5,2,4,4,5,3,sometimes,rarely,sometimes,sometimes,often,sometimes,sometimes,never,rarely,sometimes,never,sometimes,available,available,available,available,available,available,available,not_available,available,available,available,available,partial,not_available,partial,not_available,available,available,not_available,available,yes,yes,dk,yes,no,yes,yes,no,dk,yes,yes,no,dk,yes,yes,3,4,3,4,2,4,4,3,3,2,5,2,3,3,3,Limited water and hand-hygiene supplies,"Gloves, masks, disinfectants and waste bins",Conduct routine IPC audits and communicate findings to staff.,The facility needs stronger supervision and refresher training.
R0419,yes,18_24,female,lab,bachelor,11_15,lt1,inpatient,primary,rural,yes,gt2y,no,false,false,false,false,false,false,true,false,dk,false,true,false,false,false,false,5,3,5,2,4,3,5,5,4,2,4,4,3,3,4,5,4,3,5,2,5,3,2,3,4,2,4,3,5,3,3,5,3,3,3,5,4,4,3,4,3,2,2,2,3,2,3,1,3,3,3,4,3,3,2,3,4,3,3,4,2,3,2,2,5,3,3,3,3,2,3,2,4,2,3,5,2,5,3,1,often,often,always,often,na,rarely,always,never,always,sometimes,always,always,available,available,partial,available,available,partial,not_available,available,available,available,available,available,not_available,available,available,available,available,unknown,available,not_available,yes,yes,dk,yes,yes,yes,yes,yes,yes,yes,dk,yes,dk,yes,no,3,1,4,4,5,3,3,4,2,2,3,3,3,2,3,Limited isolation and waste-management infrastructure,"Water, soap and sharps containers","Provide a functional isolation area, clear SOPs and regular supervision.",Staff understand IPC but workload can affect compliance.
R0420,yes,35_44,female,chew,diploma,6_10,1_5,community,primary,rural,no,unknown,no,true,dk,true,false,dk,false,false,false,true,false,true,true,true,true,dk,3,4,3,5,4,4,5,5,3,4,5,3,4,3,2,4,5,5,3,5,2,1,3,3,3,2,3,3,3,3,2,2,3,3,2,3,3,3,3,2,4,1,3,2,1,3,4,3,2,4,4,4,3,3,1,2,2,2,2,3,2,1,1,2,4,5,5,3,4,3,4,2,3,4,2,2,1,2,3,3,sometimes,never,rarely,sometimes,sometimes,sometimes,rarely,rarely,never,sometimes,sometimes,rarely,available,available,available,available,available,partial,available,partial,available,available,available,available,available,available,not_available,available,available,available,available,partial,yes,yes,yes,no,yes,no,yes,yes,yes,dk,no,yes,dk,yes,yes,2,4,3,5,4,4,3,5,3,3,3,4,4,3,4,High workload and inadequate staffing,"PPE, hand-hygiene supplies and running water",Conduct regular IPC and Lassa fever refresher training and outbreak drills.,Water supply and PPE availability should be maintained consistently.
R0421,yes,25_34,male,jchew,master,1_5,lt1,community,secondary,rural,yes,1_2y,no,true,true,true,false,false,true,true,true,true,true,true,true,true,false,true,5,4,2,1,3,4,4,3,4,2,3,4,3,4,5,4,3,4,3,3,3,2,2,3,3,3,2,3,3,3,2,3,1,1,2,4,3,2,3,4,2,1,3,4,1,3,3,3,4,3,2,4,2,2,4,2,2,1,5,2,4,3,3,4,4,4,4,4,4,2,4,3,4,2,3,5,5,3,3,4,often,sometimes,rarely,sometimes,never,rarely,sometimes,rarely,sometimes,rarely,never,sometimes,available,not_available,available,available,available,available,unknown,not_available,available,available,available,not_available,available,available,not_available,partial,not_available,available,available,available,yes,yes,yes,yes,yes,dk,yes,yes,no,no,no,yes,no,no,yes,4,4,3,3,3,2,3,4,4,3,4,5,4,5,3,Availability of IPC supplies and management support,"Training materials, PPE and cleaning supplies","Improve water, sanitation, waste management and PPE availability.",The facility needs stronger supervision and refresher training.
R0422,yes,25_34,male,jchew,bachelor,gt15,11_15,community,secondary,rural,yes,6m,yes,true,dk,true,true,false,true,dk,false,true,true,true,true,dk,false,dk,2,4,3,5,4,4,3,5,2,3,5,2,3,4,5,3,4,3,3,3,3,3,3,3,4,2,3,4,4,4,4,3,5,4,5,4,4,3,5,4,4,4,3,2,4,3,2,4,2,3,4,3,5,3,3,4,2,3,3,3,3,2,1,3,4,4,3,5,3,3,2,3,2,4,3,3,3,4,4,2,sometimes,na,often,rarely,often,sometimes,sometimes,often,sometimes,often,rarely,rarely,available,available,available,available,partial,available,partial,available,available,available,partial,available,available,available,not_available,not_available,unknown,partial,available,not_available,dk,yes,yes,yes,yes,no,no,yes,no,yes,yes,yes,dk,no,yes,3,4,2,2,3,1,3,3,3,3,2,3,2,3,3,Limited water and hand-hygiene supplies,"PPE, hand-hygiene supplies and running water",Maintain emergency PPE stocks and strengthen referral and notification procedures.,The facility needs stronger supervision and refresher training.
R0423,yes,25_34,female,nurse_midwife,master,11_15,6_10,opd,secondary,rural,yes,1_2y,no,true,true,true,false,false,true,true,true,true,true,true,true,true,false,true,5,5,4,4,5,5,5,5,3,5,5,4,4,4,3,3,5,4,4,4,3,3,2,3,4,3,2,4,3,4,2,2,4,2,4,5,3,3,4,2,3,4,4,3,4,3,3,3,3,2,1,3,2,4,1,2,3,3,4,1,3,3,3,4,2,3,2,2,3,2,3,4,2,1,5,4,3,3,3,1,often,sometimes,sometimes,often,often,always,often,sometimes,often,always,often,always,unknown,available,available,available,available,available,partial,available,available,available,available,available,not_available,not_available,not_available,available,available,available,available,not_available,yes,yes,yes,no,yes,yes,yes,dk,yes,yes,yes,no,dk,no,yes,3,4,4,4,5,5,3,3,4,4,3,5,5,5,5,Availability of IPC supplies and management support,"Gloves, masks, disinfectants and waste bins","Provide a functional isolation area, clear SOPs and regular supervision.",Regular monitoring and adequate supplies would improve compliance.
R0424,yes,55_plus,male,chew,master,6_10,lt1,opd,primary,rural,no,unknown,yes,false,true,true,true,false,dk,false,false,false,dk,true,false,true,false,dk,5,4,5,3,4,4,3,5,5,5,4,3,3,5,4,4,3,4,3,5,3,3,1,3,3,4,4,3,4,4,1,4,2,3,3,4,3,2,2,2,2,2,3,4,4,3,4,4,4,4,3,4,4,2,3,3,1,3,2,4,2,3,3,3,2,2,2,3,3,3,3,4,2,1,3,2,2,5,2,2,sometimes,rarely,sometimes,na,rarely,rarely,often,rarely,rarely,never,rarely,rarely,available,unknown,available,unknown,available,available,not_available,available,available,not_available,available,partial,available,partial,not_available,available,available,not_available,available,partial,yes,no,no,no,yes,yes,yes,dk,no,yes,yes,yes,no,yes,yes,2,2,3,3,4,3,1,2,2,3,3,3,3,3,3,Inconsistent PPE availability,"PPE, hand-hygiene supplies and running water",Conduct routine IPC audits and communicate findings to staff.,More practical outbreak drills and feedback would be useful.
R0425,yes,45_54,male,chew,master,11_15,11_15,laboratory,secondary,rural,yes,6m,no,dk,true,true,dk,true,true,true,true,true,true,true,false,true,false,true,4,2,3,3,4,4,2,4,3,4,5,4,3,4,1,2,4,3,3,3,3,5,2,3,1,3,4,3,5,3,4,3,3,4,3,4,3,3,4,2,3,3,4,3,4,2,4,2,4,3,3,3,3,3,3,4,3,2,3,4,3,2,3,3,2,3,2,3,2,2,3,2,1,4,1,3,3,1,3,3,often,sometimes,often,always,often,always,often,sometimes,sometimes,sometimes,na,often,available,not_available,available,not_available,not_available,available,not_available,not_available,available,available,available,not_available,not_available,available,partial,available,partial,available,available,not_available,yes,yes,dk,yes,yes,yes,yes,dk,dk,dk,yes,no,no,no,dk,3,3,2,3,2,5,3,3,2,1,4,3,1,4,4,Inconsistent PPE availability,"Water, soap and sharps containers","Provide a functional isolation area, clear SOPs and regular supervision.",More practical outbreak drills and feedback would be useful.
R0426,yes,25_34,male,lab,bachelor,11_15,lt1,environmental,secondary,urban,yes,7_12m,no,false,true,false,true,false,true,false,dk,dk,dk,dk,false,dk,dk,dk,3,1,4,5,5,2,3,4,2,4,2,4,3,2,4,4,2,2,3,3,2,4,3,3,2,4,4,3,4,4,4,1,3,3,2,2,4,3,3,3,2,5,5,4,3,3,3,3,3,2,1,3,3,4,4,4,4,3,2,4,3,3,4,3,3,3,2,2,3,1,2,3,3,2,2,2,2,2,2,4,often,sometimes,rarely,rarely,rarely,sometimes,sometimes,sometimes,often,na,rarely,sometimes,available,not_available,not_available,available,available,available,not_available,available,available,available,available,available,available,not_available,not_available,available,available,partial,not_available,not_available,yes,yes,yes,yes,no,no,dk,yes,yes,dk,no,yes,no,no,yes,2,5,3,4,4,3,3,5,3,3,5,5,4,2,4,Limited isolation and waste-management infrastructure,"PPE, alcohol-based hand rub and isolation space","Improve water, sanitation, waste management and PPE availability.",The facility needs stronger supervision and refresher training.
R0427,yes,25_34,female,lab,bachelor,6_10,6_10,emergency,primary,urban,yes,6m,yes,true,dk,false,dk,dk,false,true,true,true,true,true,false,true,false,false,3,4,2,4,4,3,2,3,3,2,3,4,1,3,3,4,3,4,3,4,3,3,4,5,5,4,3,2,3,1,3,5,3,3,3,3,1,3,4,2,4,3,5,4,3,2,4,1,3,4,3,2,1,3,2,2,3,2,3,2,2,2,3,4,3,4,4,2,2,2,3,2,3,2,3,5,3,3,4,2,always,always,sometimes,sometimes,rarely,sometimes,often,always,sometimes,often,sometimes,often,available,available,unknown,partial,available,available,available,available,available,available,available,available,available,available,available,partial,available,available,partial,partial,no,yes,yes,yes,yes,yes,yes,no,dk,dk,no,dk,dk,yes,yes,2,5,2,4,4,4,3,4,5,2,2,3,4,4,3,Inconsistent PPE availability,"Training materials, PPE and cleaning supplies",Conduct regular IPC and Lassa fever refresher training and outbreak drills.,Water supply and PPE availability should be maintained consistently.
R0428,yes,25_34,female,nurse_midwife,hnd,gt15,1_5,opd,primary,urban,yes,gt2y,yes,true,true,true,false,false,true,true,true,true,true,true,true,true,false,true,2,3,2,5,2,4,2,3,4,3,4,3,4,3,3,2,3,1,3,3,3,3,2,3,3,3,3,2,3,2,4,1,4,3,4,3,1,2,3,1,3,4,1,3,4,2,4,3,5,4,3,2,3,3,4,3,3,3,4,3,4,4,2,2,1,2,1,3,3,4,3,3,3,3,3,3,2,1,2,1,often,rarely,sometimes,sometimes,often,sometimes,sometimes,rarely,sometimes,rarely,rarely,rarely,available,available,not_available,available,available,partial,partial,partial,available,available,available,available,partial,partial,partial,available,available,available,available,not_available,yes,yes,no,yes,yes,yes,no,dk,yes,no,no,yes,no,yes,yes,2,1,4,2,2,3,2,4,2,2,1,1,2,2,2,Inconsistent PPE availability,"PPE, hand-hygiene supplies and running water",Conduct regular IPC and Lassa fever refresher training and outbreak drills.,Regular monitoring and adequate supplies would improve compliance.
R0429,yes,25_34,female,lab,certificate,1_5,11_15,inpatient,secondary,urban,no,unknown,yes,true,true,true,true,false,dk,true,dk,false,false,dk,false,false,false,true,3,1,3,3,2,3,3,1,2,4,4,3,5,2,5,4,2,3,3,3,5,5,5,2,3,4,4,3,4,4,4,4,4,4,5,2,3,3,4,2,4,4,3,4,4,4,4,3,4,5,3,4,5,2,1,2,4,4,2,4,2,4,3,4,3,5,4,4,3,3,3,4,3,5,4,4,2,4,4,5,always,often,often,sometimes,often,sometimes,sometimes,often,often,always,often,sometimes,available,available,partial,not_available,available,partial,available,partial,available,available,not_available,available,available,not_available,available,available,available,not_available,not_available,available,dk,yes,yes,no,yes,no,yes,yes,no,yes,yes,yes,no,no,dk,3,4,2,5,4,2,3,4,5,3,5,5,3,4,3,High workload and inadequate staffing,"PPE, alcohol-based hand rub and isolation space",Maintain emergency PPE stocks and strengthen referral and notification procedures.,More practical outbreak drills and feedback would be useful.
R0430,yes,35_44,female,lab,bachelor,lt1,lt1,opd,secondary,semiurban,yes,6m,yes,true,dk,true,false,false,false,true,false,false,true,true,false,true,true,false,4,3,3,4,2,4,3,1,3,3,4,2,5,3,2,4,3,4,5,3,2,1,2,4,2,3,3,3,3,2,3,3,4,2,4,3,1,2,4,2,3,3,2,3,2,2,2,3,4,2,1,2,1,3,4,1,2,3,2,1,2,2,2,2,2,2,4,4,1,3,4,2,3,1,2,1,4,3,3,3,sometimes,always,often,always,often,sometimes,often,often,often,na,sometimes,always,available,available,available,available,available,available,partial,available,unknown,available,available,not_available,available,available,available,available,available,partial,partial,available,yes,yes,yes,yes,yes,yes,yes,no,yes,yes,yes,yes,dk,no,no,1,1,2,1,2,4,1,3,2,3,3,3,4,3,2,High workload and inadequate staffing,"Gloves, masks, disinfectants and waste bins",Maintain emergency PPE stocks and strengthen referral and notification procedures.,Staff understand IPC but workload can affect compliance.
R0431,yes,25_34,male,doctor,master,11_15,11_15,paediatric,secondary,semiurban,yes,6m,yes,false,true,false,true,false,false,false,false,true,false,false,dk,dk,true,dk,3,2,2,3,3,2,3,2,3,1,4,4,2,3,3,2,4,4,2,2,2,1,2,4,5,3,4,4,2,2,5,3,3,5,4,3,3,5,5,4,4,3,3,3,3,1,2,3,1,2,4,3,2,3,3,3,5,4,2,3,4,4,4,2,5,4,4,3,3,3,3,3,4,3,1,4,3,3,4,4,often,rarely,never,sometimes,sometimes,rarely,never,rarely,often,often,often,sometimes,available,available,partial,not_available,available,available,partial,available,available,partial,available,available,available,not_available,available,available,partial,available,available,not_available,dk,dk,yes,yes,yes,yes,yes,yes,yes,yes,yes,no,dk,yes,no,2,3,3,1,3,3,2,2,3,5,2,3,3,3,3,Inconsistent PPE availability,"PPE, alcohol-based hand rub and isolation space","Provide a functional isolation area, clear SOPs and regular supervision.",More practical outbreak drills and feedback would be useful.
R0432,yes,18_24,male,chew,diploma,lt1,1_5,pharmacy,secondary,urban,no,unknown,yes,true,true,false,false,dk,true,false,true,true,true,true,true,false,false,true,3,3,3,3,2,3,3,4,4,2,4,4,4,3,3,3,3,3,5,4,3,2,1,3,1,5,5,2,3,4,3,4,3,4,4,3,3,4,4,4,5,4,4,3,3,4,1,4,4,4,3,3,4,3,4,3,5,4,3,2,2,1,2,1,3,2,2,3,2,2,3,3,4,1,2,3,2,2,1,3,rarely,sometimes,rarely,sometimes,na,sometimes,rarely,rarely,sometimes,never,sometimes,rarely,available,available,available,available,partial,available,available,not_available,available,not_available,available,available,partial,partial,not_available,available,available,partial,unknown,available,no,yes,yes,no,yes,dk,yes,dk,yes,dk,yes,yes,yes,yes,dk,3,3,3,3,3,3,3,2,4,3,3,3,4,3,2,High workload and inadequate staffing,"PPE, alcohol-based hand rub and isolation space","Improve water, sanitation, waste management and PPE availability.",Regular monitoring and adequate supplies would improve compliance.
R0433,yes,35_44,male,chew,bachelor,11_15,1_5,maternity,secondary,semiurban,yes,6m,no,true,false,true,dk,true,true,true,true,true,dk,false,true,false,false,true,4,2,4,4,3,3,3,2,5,3,2,4,2,4,3,4,4,4,4,3,4,4,5,5,3,4,4,4,4,5,5,4,4,5,5,4,5,4,5,4,3,2,5,3,4,3,5,3,5,4,2,3,2,3,1,4,4,4,3,3,4,4,4,4,2,4,4,5,3,3,3,2,3,3,4,3,3,3,4,4,na,often,na,always,always,always,always,often,always,sometimes,often,always,available,available,not_available,available,available,available,available,partial,available,not_available,partial,available,not_available,available,available,partial,available,available,not_available,available,yes,yes,yes,yes,no,yes,no,yes,yes,dk,no,no,yes,dk,yes,3,3,3,2,4,3,3,4,5,2,3,3,2,5,4,High workload and inadequate staffing,"PPE, alcohol-based hand rub and isolation space",Maintain emergency PPE stocks and strengthen referral and notification procedures.,More practical outbreak drills and feedback would be useful.
R0434,yes,35_44,male,attendant,bachelor,1_5,1_5,community,primary,semiurban,yes,1_2y,yes,false,false,true,false,false,true,true,true,false,true,dk,true,true,false,true,5,4,5,4,3,3,3,4,2,3,1,2,3,2,4,4,1,3,3,2,4,5,4,3,3,4,3,4,3,4,4,3,5,3,3,4,3,3,3,2,5,3,4,5,3,1,3,2,2,4,4,2,3,2,3,3,3,4,3,3,3,3,4,2,3,3,3,3,3,3,3,2,3,3,4,3,3,3,2,1,sometimes,sometimes,never,always,sometimes,never,often,sometimes,often,sometimes,always,sometimes,available,available,available,available,not_available,partial,available,not_available,available,partial,available,available,not_available,partial,partial,available,available,partial,available,available,yes,yes,yes,yes,yes,no,yes,no,yes,dk,yes,yes,yes,yes,yes,2,2,3,2,2,2,3,4,3,2,4,2,1,4,3,Limited isolation and waste-management infrastructure,"PPE, alcohol-based hand rub and isolation space","Provide a functional isolation area, clear SOPs and regular supervision.",The facility needs stronger supervision and refresher training.
R0435,yes,35_44,male,chew,master,6_10,11_15,inpatient,primary,semiurban,yes,unknown,yes,false,false,true,false,false,true,false,true,false,false,true,true,true,false,false,3,5,2,3,3,4,5,2,3,3,3,4,5,4,4,3,3,4,4,3,2,2,2,3,3,3,2,3,3,3,2,3,3,3,3,4,3,3,1,3,3,3,3,2,4,4,2,4,2,3,3,3,5,1,3,2,4,3,3,4,3,3,3,4,4,5,2,3,4,4,3,5,3,3,2,3,5,2,4,4,often,sometimes,sometimes,sometimes,sometimes,often,often,often,rarely,often,sometimes,sometimes,available,available,available,available,available,available,available,available,available,available,not_available,not_available,available,not_available,available,not_available,available,unknown,unknown,partial,dk,yes,yes,yes,yes,yes,yes,yes,dk,dk,yes,no,yes,yes,yes,4,3,3,2,4,3,5,3,4,3,3,2,4,4,2,Limited isolation and waste-management infrastructure,"PPE, alcohol-based hand rub and isolation space",Maintain emergency PPE stocks and strengthen referral and notification procedures.,Staff understand IPC but workload can affect compliance.
R0436,yes,35_44,male,cho,bachelor,11_15,11_15,environmental,primary,urban,yes,6m,yes,true,false,true,true,false,dk,dk,true,false,true,false,true,false,true,false,4,4,3,1,3,3,4,3,4,2,4,3,4,3,3,2,2,5,3,3,3,2,3,4,4,4,4,4,4,3,5,4,3,4,3,4,4,3,3,2,3,5,3,5,4,2,2,4,4,3,1,1,3,3,2,2,2,3,2,3,1,1,2,4,3,2,3,3,2,3,4,4,4,3,2,3,3,4,4,4,sometimes,sometimes,sometimes,always,sometimes,often,often,often,sometimes,sometimes,often,sometimes,available,available,partial,available,available,available,available,available,not_available,available,available,partial,partial,available,available,available,available,available,available,available,yes,yes,no,dk,yes,yes,dk,yes,yes,yes,yes,dk,dk,no,yes,5,4,4,5,3,5,5,4,5,5,4,3,4,3,5,Insufficient refresher training and supervision,"PPE, hand-hygiene supplies and running water","Provide a functional isolation area, clear SOPs and regular supervision.",Staff understand IPC but workload can affect compliance.
R0437,yes,25_34,female,pharmacy,hnd,lt1,1_5,environmental,primary,urban,yes,unknown,no,true,false,true,false,false,true,false,true,true,dk,true,dk,true,true,true,4,3,4,3,5,3,2,4,5,3,3,3,2,4,3,4,5,2,3,3,2,1,2,3,3,2,3,1,3,2,4,4,3,2,3,4,3,2,5,3,2,3,2,4,3,3,4,3,3,3,2,2,2,3,4,4,4,3,3,2,2,2,3,3,3,3,4,3,3,4,3,4,2,2,1,4,4,4,4,3,sometimes,rarely,rarely,never,often,often,rarely,rarely,never,sometimes,never,sometimes,partial,available,not_available,partial,available,available,available,not_available,available,available,not_available,available,available,available,available,not_available,available,available,available,not_available,yes,dk,yes,yes,dk,yes,dk,no,yes,dk,yes,dk,no,yes,no,3,2,3,1,2,1,2,3,1,1,2,2,2,1,2,Insufficient refresher training and supervision,"PPE, alcohol-based hand rub and isolation space",Conduct routine IPC audits and communicate findings to staff.,More practical outbreak drills and feedback would be useful.
R0438,yes,25_34,male,nurse_midwife,master,11_15,1_5,laboratory,primary,urban,yes,6m,yes,true,true,true,false,true,true,true,true,true,true,false,true,true,false,true,5,3,3,3,4,3,4,2,5,3,4,4,4,3,5,3,4,4,4,4,4,4,4,4,4,4,3,5,3,5,4,4,3,5,3,3,3,3,4,5,4,4,5,5,4,4,2,5,5,3,4,3,3,2,1,3,1,3,2,3,4,3,2,4,5,3,4,3,5,4,5,5,2,5,4,3,4,4,4,4,rarely,often,always,often,often,always,often,often,often,rarely,rarely,sometimes,available,not_available,available,available,available,available,available,not_available,available,not_available,partial,available,not_available,unknown,not_available,available,available,available,not_available,not_available,yes,yes,no,yes,yes,yes,yes,dk,yes,dk,yes,yes,yes,no,yes,4,3,4,2,3,2,4,3,3,2,3,2,5,3,5,Limited isolation and waste-management infrastructure,"Training materials, PPE and cleaning supplies",Maintain emergency PPE stocks and strengthen referral and notification procedures.,The facility needs stronger supervision and refresher training.
R0439,yes,45_54,male,nurse_midwife,master,1_5,1_5,opd,primary,urban,yes,6m,yes,true,true,false,true,true,dk,true,false,false,false,dk,true,dk,false,false,3,2,3,4,4,4,3,3,3,3,2,4,3,1,3,5,4,3,3,2,4,2,4,3,2,3,4,3,3,2,3,3,3,4,3,3,3,4,4,3,3,3,2,3,1,3,5,4,3,3,3,2,3,3,5,4,5,2,4,4,3,2,3,4,4,3,4,4,3,2,4,4,2,3,3,4,3,3,2,3,often,often,often,often,always,often,often,always,rarely,sometimes,sometimes,sometimes,available,available,available,available,available,partial,partial,available,available,available,partial,available,available,not_available,not_available,available,available,available,available,available,yes,no,yes,yes,yes,no,yes,no,yes,yes,no,yes,no,yes,yes,2,3,4,4,1,3,2,2,4,2,2,3,2,3,3,Limited water and hand-hygiene supplies,"Training materials, PPE and cleaning supplies",Conduct regular IPC and Lassa fever refresher training and outbreak drills.,The facility needs stronger supervision and refresher training.
R0440,yes,18_24,female,doctor,bachelor,1_5,1_5,inpatient,primary,semiurban,yes,gt2y,no,true,true,true,false,false,true,true,true,true,dk,true,true,true,false,true,4,5,4,3,5,3,5,2,4,3,4,3,3,4,3,4,4,3,4,3,3,2,2,3,2,3,4,2,5,1,4,3,3,3,4,3,4,3,2,1,5,4,2,3,4,3,5,3,3,5,3,3,4,2,1,2,3,2,5,4,3,2,3,2,4,3,5,3,3,3,5,2,4,4,2,2,3,4,2,5,rarely,sometimes,rarely,sometimes,rarely,sometimes,always,rarely,sometimes,rarely,rarely,sometimes,available,available,partial,not_available,available,partial,available,available,available,available,not_available,not_available,available,not_available,not_available,available,available,not_available,not_available,available,yes,yes,dk,yes,yes,no,yes,no,no,dk,yes,yes,yes,no,yes,3,4,3,3,5,2,3,4,5,2,3,1,4,2,5,Availability of IPC supplies and management support,"Gloves, masks, disinfectants and waste bins",Conduct routine IPC audits and communicate findings to staff.,Staff understand IPC but workload can affect compliance.
R0441,yes,35_44,female,pharmacy,hnd,6_10,1_5,opd,primary,rural,yes,gt2y,yes,true,true,true,false,false,dk,true,true,true,true,true,true,true,true,true,3,3,3,3,3,4,2,5,3,4,2,2,2,2,3,1,3,4,3,2,2,4,4,3,1,2,3,2,2,3,3,2,2,2,3,3,3,3,1,4,3,2,2,3,3,1,3,4,4,2,4,4,2,1,2,2,3,2,3,2,2,4,3,4,5,2,3,2,4,4,3,1,1,3,4,2,2,3,2,4,often,sometimes,rarely,often,sometimes,sometimes,often,often,sometimes,sometimes,rarely,often,available,available,available,partial,partial,available,partial,partial,available,available,partial,available,partial,available,partial,available,partial,not_available,available,available,no,yes,yes,yes,yes,yes,yes,yes,no,dk,yes,yes,dk,yes,yes,3,3,3,2,3,2,4,4,5,5,2,3,4,4,4,High workload and inadequate staffing,"PPE, alcohol-based hand rub and isolation space",Conduct routine IPC audits and communicate findings to staff.,Regular monitoring and adequate supplies would improve compliance.
R0442,yes,25_34,female,lab,bachelor,6_10,6_10,paediatric,secondary,rural,yes,1_2y,yes,true,dk,true,true,dk,false,true,false,false,true,true,true,dk,false,true,2,3,4,3,3,3,3,3,3,4,5,3,2,4,3,3,4,3,3,3,4,4,5,4,5,2,3,3,3,3,5,5,4,3,4,3,5,4,3,4,4,5,5,5,3,1,2,3,4,4,4,3,3,1,2,1,3,2,3,2,2,1,2,3,3,2,1,2,1,2,1,1,1,2,1,2,3,1,1,2,rarely,rarely,always,often,rarely,often,often,sometimes,sometimes,often,often,rarely,available,unknown,not_available,not_available,available,available,available,not_available,available,available,available,available,not_available,available,not_available,partial,available,available,available,available,yes,no,no,yes,no,yes,dk,dk,yes,yes,yes,yes,dk,yes,yes,3,1,3,1,4,2,2,2,3,4,3,1,3,3,3,Insufficient refresher training and supervision,"PPE, alcohol-based hand rub and isolation space","Improve water, sanitation, waste management and PPE availability.",Water supply and PPE availability should be maintained consistently.
R0443,yes,25_34,female,lab,hnd,1_5,lt1,laboratory,primary,semiurban,yes,1_2y,no,true,true,true,false,false,false,true,true,false,false,true,true,true,false,true,4,3,3,3,5,3,2,3,2,3,2,4,3,3,1,2,3,4,3,4,2,3,3,2,3,3,2,3,3,3,2,1,2,3,1,3,2,3,3,2,3,1,3,2,2,5,4,3,4,3,4,5,4,3,2,2,2,3,4,5,3,4,3,3,3,4,3,2,2,4,3,3,2,1,4,3,4,4,4,4,sometimes,always,often,sometimes,often,often,sometimes,often,sometimes,always,na,sometimes,available,available,available,partial,available,available,not_available,available,available,available,available,not_available,not_available,available,available,available,available,available,available,available,yes,yes,no,no,yes,yes,no,no,no,yes,yes,yes,yes,yes,yes,2,2,2,1,2,4,2,3,2,3,2,1,2,3,2,Availability of IPC supplies and management support,"PPE, hand-hygiene supplies and running water",Maintain emergency PPE stocks and strengthen referral and notification procedures.,Staff understand IPC but workload can affect compliance.
R0444,yes,45_54,male,cho,other,gt15,gt15,maternity,primary,urban,yes,7_12m,no,dk,false,dk,true,true,false,false,true,false,false,dk,false,true,true,true,3,2,5,3,4,5,4,3,4,3,3,4,3,4,2,4,4,4,5,5,3,2,1,4,2,3,4,4,2,1,2,3,4,2,3,5,3,3,3,4,1,1,3,4,2,4,3,3,4,4,2,2,2,3,4,4,3,2,5,4,3,1,3,4,3,4,3,2,3,2,2,3,2,2,4,3,4,2,2,2,often,often,always,often,sometimes,often,sometimes,sometimes,often,sometimes,often,often,partial,available,available,not_available,not_available,partial,available,available,partial,available,partial,partial,available,not_available,available,partial,partial,unknown,available,available,dk,yes,yes,yes,yes,yes,no,dk,no,no,yes,yes,no,yes,dk,3,3,4,2,4,4,4,4,5,3,4,3,3,3,4,Inconsistent PPE availability,"Gloves, masks, disinfectants and waste bins",Maintain emergency PPE stocks and strengthen referral and notification procedures.,More practical outbreak drills and feedback would be useful.
R0445,yes,25_34,female,cho,diploma,11_15,1_5,laboratory,primary,semiurban,yes,6m,yes,true,true,true,true,false,true,false,true,true,true,false,true,dk,false,false,3,3,4,3,2,5,1,4,4,4,3,3,2,4,2,2,3,3,3,3,3,2,3,3,4,4,4,3,3,3,3,1,2,3,3,5,4,3,5,5,5,4,3,3,4,2,3,1,3,2,4,3,3,4,3,3,3,4,2,3,4,3,3,2,4,3,5,2,4,2,4,2,4,2,3,3,3,4,2,3,always,often,often,often,always,often,sometimes,sometimes,often,often,always,often,available,available,available,not_available,available,not_available,available,partial,partial,available,available,available,available,available,not_available,available,available,partial,partial,not_available,no,yes,yes,no,dk,dk,yes,no,dk,yes,no,yes,no,yes,yes,4,4,2,3,3,2,1,3,2,3,3,2,3,3,3,Insufficient refresher training and supervision,"PPE, hand-hygiene supplies and running water","Provide a functional isolation area, clear SOPs and regular supervision.",Regular monitoring and adequate supplies would improve compliance.
R0446,yes,25_34,female,nurse_midwife,bachelor,lt1,1_5,opd,secondary,urban,yes,1_2y,no,false,false,false,dk,false,true,dk,true,true,dk,true,true,false,false,true,3,3,3,3,4,5,4,3,5,3,2,3,4,4,3,3,3,1,4,2,3,2,4,4,4,4,4,3,4,3,3,3,2,2,4,2,3,4,1,2,4,3,3,3,4,3,1,3,2,2,4,3,4,5,2,3,4,5,2,2,2,2,2,2,4,1,2,1,3,2,2,1,2,4,3,5,4,2,3,2,sometimes,sometimes,rarely,rarely,sometimes,often,sometimes,rarely,often,sometimes,rarely,sometimes,available,available,not_available,available,partial,not_available,available,not_available,not_available,partial,available,partial,available,partial,unknown,available,available,available,available,available,yes,yes,yes,no,yes,yes,yes,yes,no,no,dk,yes,no,no,yes,4,4,3,4,2,3,3,3,2,5,2,4,4,3,4,Limited isolation and waste-management infrastructure,"Training materials, PPE and cleaning supplies",Maintain emergency PPE stocks and strengthen referral and notification procedures.,The facility needs stronger supervision and refresher training.
R0447,yes,35_44,male,pharmacy,hnd,1_5,1_5,inpatient,primary,rural,yes,gt2y,yes,false,true,true,false,true,true,true,true,true,true,false,true,true,false,true,3,3,4,3,4,4,3,3,2,4,4,5,2,5,4,5,3,3,4,3,5,3,2,4,3,4,4,3,3,3,4,4,2,3,4,3,3,3,4,4,3,4,3,2,2,5,3,4,2,3,5,4,3,3,1,2,2,2,3,2,4,3,4,2,4,2,4,2,3,4,3,3,4,1,1,2,3,4,3,4,often,often,always,often,often,often,often,often,always,sometimes,often,always,available,available,partial,not_available,available,available,available,available,not_available,not_available,available,available,available,available,partial,available,not_available,available,unknown,available,yes,yes,no,no,yes,yes,yes,yes,dk,dk,yes,no,yes,no,yes,3,3,3,4,3,4,2,3,4,4,4,3,2,2,3,Inconsistent PPE availability,"Gloves, masks, disinfectants and waste bins","Provide a functional isolation area, clear SOPs and regular supervision.",Regular monitoring and adequate supplies would improve compliance.
R0448,yes,25_34,female,nurse_midwife,master,1_5,1_5,opd,secondary,urban,yes,6m,no,true,true,false,true,true,false,false,true,false,false,dk,dk,false,false,true,3,3,4,4,3,4,2,2,3,4,5,4,2,4,4,3,5,4,4,2,3,2,4,2,4,5,4,4,3,4,2,3,5,3,4,3,2,4,2,3,3,4,4,5,4,2,4,3,3,2,4,2,4,3,1,2,4,4,3,3,4,2,4,2,3,1,4,3,4,3,3,2,3,4,3,2,3,3,4,3,rarely,rarely,often,rarely,often,never,often,sometimes,never,rarely,sometimes,sometimes,partial,available,available,not_available,available,not_available,available,not_available,available,available,partial,available,partial,available,available,available,available,partial,available,available,dk,no,yes,yes,no,yes,yes,yes,no,yes,dk,yes,dk,no,dk,3,2,3,3,3,2,4,2,3,3,4,2,3,3,3,Limited isolation and waste-management infrastructure,"Gloves, masks, disinfectants and waste bins","Provide a functional isolation area, clear SOPs and regular supervision.",Water supply and PPE availability should be maintained consistently.
R0449,yes,18_24,female,nurse_midwife,bachelor,1_5,1_5,maternity,secondary,urban,yes,1_2y,no,true,true,true,true,dk,true,true,true,true,true,true,true,true,false,false,5,2,4,1,3,3,4,4,3,1,4,3,3,2,3,4,3,2,2,3,2,2,2,2,4,1,3,2,3,5,2,2,3,4,4,3,3,4,3,3,3,3,1,2,4,5,4,2,4,3,3,3,4,3,2,3,1,4,4,2,2,5,5,3,3,4,4,3,2,3,2,4,2,3,4,3,3,2,3,4,often,never,often,rarely,sometimes,often,sometimes,rarely,sometimes,rarely,never,sometimes,available,available,available,available,available,available,not_available,not_available,not_available,available,available,available,available,not_available,not_available,not_available,available,partial,partial,not_available,dk,no,no,no,dk,no,yes,no,yes,yes,yes,yes,no,yes,yes,3,4,5,4,2,3,4,5,4,4,4,4,3,5,4,Limited isolation and waste-management infrastructure,"Water, soap and sharps containers",Maintain emergency PPE stocks and strengthen referral and notification procedures.,The facility needs stronger supervision and refresher training.
R0450,yes,18_24,female,nurse_midwife,master,11_15,1_5,pharmacy,secondary,rural,yes,1_2y,no,true,false,true,false,false,true,true,true,true,true,true,true,dk,false,true,3,4,5,2,3,4,3,4,4,4,5,5,3,3,5,4,5,3,4,3,3,2,3,3,3,3,3,3,4,4,4,4,3,2,3,3,4,3,4,3,3,3,2,3,4,3,2,3,4,4,5,3,2,2,3,2,1,3,3,3,3,3,3,3,4,2,4,1,1,2,1,3,4,2,3,1,4,4,3,3,always,often,sometimes,rarely,often,sometimes,always,sometimes,always,sometimes,often,always,available,available,partial,not_available,partial,available,available,available,available,available,available,available,available,available,partial,available,not_available,partial,not_available,available,yes,no,yes,yes,dk,yes,yes,yes,yes,dk,no,yes,yes,yes,yes,3,1,2,2,1,4,3,4,3,2,4,4,3,3,2,Limited isolation and waste-management infrastructure,"Water, soap and sharps containers","Provide a functional isolation area, clear SOPs and regular supervision.",Staff understand IPC but workload can affect compliance.
R0451,yes,45_54,female,lab,certificate,6_10,lt1,emergency,primary,urban,no,unknown,no,true,true,true,false,false,true,true,true,false,true,false,true,true,true,true,4,2,3,3,3,4,4,3,2,3,3,3,3,4,2,4,3,3,4,3,2,4,5,3,3,3,2,3,2,3,4,3,1,5,4,3,4,2,4,5,3,4,2,4,4,4,1,4,4,4,3,3,3,2,4,3,3,3,2,3,1,4,3,2,3,3,3,1,2,1,2,2,2,2,1,3,3,2,3,4,sometimes,rarely,always,sometimes,sometimes,often,sometimes,sometimes,sometimes,sometimes,often,sometimes,partial,available,not_available,available,available,available,available,available,available,available,unknown,partial,available,available,available,not_available,available,available,partial,not_available,yes,no,no,dk,yes,no,dk,yes,yes,dk,no,yes,no,no,yes,3,2,2,3,2,3,2,4,3,3,3,4,3,3,4,Limited isolation and waste-management infrastructure,"PPE, hand-hygiene supplies and running water","Improve water, sanitation, waste management and PPE availability.",Staff understand IPC but workload can affect compliance.
R0452,yes,35_44,male,lab,diploma,11_15,1_5,opd,primary,urban,no,unknown,yes,false,false,false,false,true,false,false,dk,true,dk,true,true,true,true,false,5,4,4,5,4,3,3,5,2,4,4,3,3,4,5,5,4,4,2,3,3,3,3,3,3,3,4,4,3,5,4,3,4,2,5,3,4,4,4,2,4,4,3,3,4,3,4,3,2,4,4,3,4,2,3,1,4,3,3,3,5,4,4,4,4,4,3,5,3,4,4,3,4,3,4,4,4,3,4,2,rarely,sometimes,often,sometimes,sometimes,sometimes,sometimes,sometimes,always,rarely,sometimes,sometimes,available,partial,available,not_available,available,available,available,available,partial,available,partial,available,available,available,partial,not_available,available,available,available,available,yes,no,yes,no,yes,yes,no,dk,yes,dk,yes,yes,dk,yes,yes,5,4,3,2,5,5,1,2,4,3,2,3,3,2,3,Inconsistent PPE availability,"Training materials, PPE and cleaning supplies",Conduct routine IPC audits and communicate findings to staff.,Staff understand IPC but workload can affect compliance.
R0453,yes,25_34,female,doctor,diploma,6_10,1_5,theatre,primary,rural,no,unknown,no,true,false,true,dk,true,true,true,false,true,true,false,true,dk,false,true,3,2,3,3,3,4,3,3,3,4,4,1,3,3,4,4,2,3,1,4,2,2,3,1,1,2,2,2,3,1,1,2,2,3,2,2,2,4,2,2,3,1,1,1,2,4,3,2,4,2,3,4,3,3,4,3,2,2,3,4,4,4,5,3,4,4,2,3,4,2,3,3,2,4,4,4,2,3,4,3,often,sometimes,often,sometimes,often,often,often,often,sometimes,often,sometimes,often,available,available,available,not_available,not_available,available,not_available,partial,available,available,partial,available,available,partial,not_available,available,available,not_available,available,partial,dk,dk,yes,dk,yes,yes,yes,no,yes,dk,yes,no,no,yes,yes,2,1,2,1,2,2,3,1,1,3,2,1,2,3,3,High workload and inadequate staffing,"PPE, hand-hygiene supplies and running water",Conduct regular IPC and Lassa fever refresher training and outbreak drills.,Staff understand IPC but workload can affect compliance.
R0454,yes,55_plus,female,chew,bachelor,6_10,6_10,emergency,secondary,semiurban,yes,unknown,no,true,false,dk,true,true,true,dk,false,false,dk,true,dk,true,dk,true,5,3,2,2,3,4,3,3,5,5,3,3,4,3,4,3,3,3,1,4,3,2,3,2,2,3,1,4,2,1,1,3,2,2,2,2,3,4,3,3,4,2,3,3,2,2,2,3,3,3,2,4,3,3,4,4,3,1,2,3,3,2,4,3,4,3,3,3,2,2,3,3,2,2,1,2,2,3,2,3,often,sometimes,sometimes,often,sometimes,rarely,rarely,never,sometimes,sometimes,often,often,partial,available,partial,available,available,not_available,unknown,available,available,partial,available,available,not_available,unknown,not_available,available,not_available,available,unknown,partial,no,yes,yes,no,yes,dk,yes,yes,no,dk,yes,yes,dk,no,yes,4,3,4,4,3,2,4,3,4,3,3,2,4,2,1,High workload and inadequate staffing,"Gloves, masks, disinfectants and waste bins","Provide a functional isolation area, clear SOPs and regular supervision.",Regular monitoring and adequate supplies would improve compliance.
R0455,yes,35_44,male,cho,bachelor,gt15,lt1,inpatient,secondary,rural,yes,gt2y,no,dk,true,true,false,false,true,dk,true,false,dk,false,true,true,dk,true,4,4,3,5,3,4,3,3,2,4,4,4,4,3,3,3,4,3,4,5,3,5,4,4,5,4,5,2,4,2,4,5,2,2,5,3,3,4,5,4,4,3,4,3,5,2,3,3,5,4,4,2,4,3,2,3,2,1,5,4,3,3,3,3,4,4,4,4,3,2,4,5,4,4,2,4,5,3,3,3,rarely,always,always,often,sometimes,always,often,often,often,sometimes,often,always,available,partial,available,available,available,available,available,available,available,available,available,available,available,available,partial,not_available,available,partial,partial,not_available,yes,no,yes,yes,yes,dk,no,yes,yes,yes,yes,yes,yes,yes,yes,3,3,4,3,2,4,2,2,3,3,3,3,3,3,3,Limited isolation and waste-management infrastructure,"PPE, hand-hygiene supplies and running water","Improve water, sanitation, waste management and PPE availability.",Water supply and PPE availability should be maintained consistently.
R0456,yes,25_34,female,cho,certificate,1_5,lt1,opd,secondary,urban,yes,6m,yes,true,true,false,false,false,true,true,false,true,true,dk,true,false,false,true,3,4,4,3,4,4,4,2,4,3,2,2,2,5,4,3,4,4,3,3,5,4,3,4,3,2,4,3,2,3,3,3,2,4,3,3,2,3,3,3,2,5,3,3,3,2,3,3,3,4,4,3,2,3,2,3,4,2,2,3,4,3,3,3,3,2,4,3,2,3,3,2,5,3,2,5,2,4,2,1,rarely,rarely,sometimes,sometimes,rarely,often,sometimes,rarely,sometimes,often,often,often,partial,available,available,partial,unknown,unknown,unknown,not_available,available,available,not_available,available,not_available,available,unknown,available,not_available,available,available,not_available,yes,yes,dk,yes,yes,no,yes,no,yes,dk,yes,yes,yes,yes,yes,3,3,3,3,2,4,3,4,3,3,3,5,3,5,4,Insufficient refresher training and supervision,"Gloves, masks, disinfectants and waste bins",Conduct routine IPC audits and communicate findings to staff.,More practical outbreak drills and feedback would be useful.
R0457,yes,35_44,male,cho,certificate,1_5,6_10,maternity,secondary,semiurban,yes,gt2y,no,false,true,false,false,false,true,false,true,true,dk,dk,false,true,true,true,2,2,2,2,4,3,2,4,2,2,4,1,2,4,2,1,3,3,1,3,4,4,1,2,4,3,1,1,5,4,3,3,2,3,4,2,1,3,4,2,5,1,1,2,4,4,4,4,3,4,3,2,2,4,4,3,3,3,2,4,3,4,2,1,5,4,4,3,3,4,3,3,4,5,4,1,2,2,4,2,sometimes,sometimes,rarely,sometimes,often,often,rarely,rarely,sometimes,often,often,often,available,not_available,available,not_available,available,available,available,not_available,unknown,partial,not_available,not_available,partial,available,available,available,available,not_available,partial,not_available,no,yes,dk,yes,no,no,yes,yes,yes,no,no,yes,no,dk,no,4,2,2,2,3,5,1,2,2,3,2,3,2,1,3,Availability of IPC supplies and management support,"Water, soap and sharps containers",Conduct routine IPC audits and communicate findings to staff.,Regular monitoring and adequate supplies would improve compliance.
R0458,yes,55_plus,female,nurse_midwife,bachelor,gt15,6_10,inpatient,secondary,urban,yes,unknown,no,dk,false,false,true,dk,dk,false,true,true,true,true,true,false,true,true,4,4,3,4,2,5,3,4,3,5,2,5,4,5,3,4,5,3,2,4,4,4,5,3,2,4,2,4,4,4,4,1,4,3,3,3,3,2,2,4,3,4,5,3,2,3,2,4,4,5,4,4,4,1,4,1,2,3,4,3,4,4,3,4,5,4,2,5,5,3,5,4,5,5,3,4,4,4,4,4,sometimes,sometimes,often,sometimes,often,sometimes,rarely,often,sometimes,often,rarely,sometimes,available,not_available,available,available,available,partial,available,not_available,available,available,available,available,available,available,not_available,available,available,available,partial,partial,dk,yes,yes,yes,no,no,dk,yes,dk,yes,no,yes,yes,yes,yes,2,4,4,3,3,2,3,3,3,3,3,3,3,4,2,High workload and inadequate staffing,"PPE, alcohol-based hand rub and isolation space",Maintain emergency PPE stocks and strengthen referral and notification procedures.,Water supply and PPE availability should be maintained consistently.
R0459,yes,35_44,female,nurse_midwife,bachelor,11_15,1_5,environmental,secondary,semiurban,yes,1_2y,yes,false,false,dk,true,false,dk,dk,false,true,false,false,false,false,dk,true,3,4,3,3,3,3,3,3,3,2,2,4,3,1,2,2,3,3,2,4,3,4,5,5,4,4,5,3,3,4,4,5,4,4,4,4,2,3,4,3,4,2,3,4,4,2,3,3,1,1,3,1,4,4,2,3,5,3,2,2,2,4,4,2,3,3,4,3,3,4,2,3,3,2,3,4,3,2,3,2,often,rarely,often,rarely,sometimes,sometimes,often,sometimes,never,sometimes,often,always,available,partial,available,available,available,partial,partial,available,available,available,available,available,not_available,not_available,unknown,partial,available,not_available,available,partial,dk,dk,yes,yes,yes,yes,no,no,no,yes,yes,yes,yes,no,no,2,4,4,2,4,2,4,5,3,3,4,3,3,1,3,Limited isolation and waste-management infrastructure,"Gloves, masks, disinfectants and waste bins",Conduct regular IPC and Lassa fever refresher training and outbreak drills.,Staff understand IPC but workload can affect compliance.
R0460,yes,25_34,female,nurse_midwife,hnd,lt1,11_15,opd,primary,urban,no,unknown,no,true,true,true,false,false,true,true,true,true,false,false,true,true,true,true,4,2,2,3,5,4,3,4,4,4,4,3,4,5,4,4,3,1,2,3,4,2,3,3,3,2,2,3,3,3,5,2,3,3,3,2,4,3,2,4,3,2,4,3,4,3,3,3,3,5,2,1,2,4,3,5,4,2,2,3,3,3,3,3,4,3,4,2,4,2,4,3,2,3,2,2,2,2,4,3,often,often,sometimes,often,rarely,sometimes,sometimes,rarely,always,sometimes,sometimes,often,partial,partial,partial,not_available,available,not_available,not_available,not_available,available,partial,available,available,available,partial,available,partial,available,available,available,available,yes,no,yes,yes,yes,yes,yes,dk,no,yes,yes,yes,yes,yes,yes,3,3,4,3,3,4,3,2,1,4,3,3,3,2,3,High workload and inadequate staffing,"PPE, hand-hygiene supplies and running water","Improve water, sanitation, waste management and PPE availability.",Staff understand IPC but workload can affect compliance.
R0461,yes,45_54,male,nurse_midwife,bachelor,lt1,6_10,community,primary,rural,no,unknown,yes,true,true,true,false,false,true,true,true,true,true,true,true,true,false,true,4,4,3,3,4,2,4,5,4,3,5,3,5,4,4,3,5,4,4,2,4,4,3,4,5,3,4,5,3,4,4,4,4,2,4,2,3,3,4,4,3,3,4,2,3,2,3,3,3,3,4,4,4,2,3,3,2,1,3,3,3,4,3,3,2,2,4,3,3,1,1,3,3,3,2,2,3,2,3,4,sometimes,often,sometimes,often,rarely,rarely,rarely,sometimes,sometimes,sometimes,sometimes,rarely,not_available,available,available,available,unknown,partial,not_available,available,available,not_available,available,partial,not_available,not_available,partial,not_available,partial,not_available,not_available,available,yes,no,yes,yes,yes,yes,yes,yes,no,yes,no,yes,yes,yes,yes,3,1,2,4,4,3,3,4,4,5,2,4,4,4,4,Insufficient refresher training and supervision,"PPE, hand-hygiene supplies and running water",Conduct regular IPC and Lassa fever refresher training and outbreak drills.,Water supply and PPE availability should be maintained consistently.
R0462,yes,35_44,male,lab,bachelor,11_15,6_10,opd,primary,rural,no,unknown,yes,dk,true,true,true,false,true,true,true,false,true,true,true,true,false,dk,2,3,3,3,3,4,5,4,3,5,3,5,4,3,3,3,2,4,2,4,3,3,2,4,5,2,1,3,3,2,2,4,3,3,2,3,4,4,3,3,4,4,2,5,4,4,4,5,3,4,4,5,3,2,2,2,2,3,4,5,3,3,2,2,3,2,2,4,2,4,1,1,1,1,4,5,4,2,2,2,rarely,rarely,sometimes,sometimes,sometimes,sometimes,always,rarely,always,sometimes,often,sometimes,available,available,available,available,available,available,available,available,available,available,not_available,available,available,available,not_available,not_available,available,not_available,partial,available,no,yes,dk,yes,no,no,yes,yes,yes,yes,dk,dk,yes,dk,yes,2,1,2,3,2,2,1,2,1,3,1,3,3,3,3,Insufficient refresher training and supervision,"PPE, alcohol-based hand rub and isolation space","Provide a functional isolation area, clear SOPs and regular supervision.",More practical outbreak drills and feedback would be useful.
R0463,yes,45_54,female,nurse_midwife,bachelor,lt1,lt1,paediatric,primary,semiurban,no,unknown,no,dk,true,false,false,true,true,false,true,true,false,false,true,false,true,false,2,4,3,5,4,3,3,3,4,5,4,5,5,4,5,3,4,3,5,3,5,5,5,3,4,5,3,2,3,4,5,3,5,4,4,5,4,4,3,3,4,3,3,5,3,3,2,3,3,2,4,3,2,2,3,3,4,3,2,3,4,5,3,3,3,1,3,2,3,2,4,4,4,3,2,5,3,2,2,1,often,always,rarely,sometimes,sometimes,often,often,always,sometimes,often,rarely,sometimes,available,available,not_available,available,partial,partial,not_available,partial,partial,not_available,available,available,available,available,available,partial,available,available,available,not_available,yes,dk,no,yes,yes,yes,yes,no,yes,dk,no,no,no,yes,yes,3,3,3,3,3,3,3,3,3,4,2,3,3,4,4,Insufficient refresher training and supervision,"Water, soap and sharps containers",Maintain emergency PPE stocks and strengthen referral and notification procedures.,The facility needs stronger supervision and refresher training.
R0464,yes,18_24,male,nurse_midwife,master,lt1,1_5,community,secondary,urban,no,unknown,no,false,true,true,false,false,true,false,false,true,false,true,true,true,false,true,3,2,3,3,5,4,2,4,3,4,3,3,4,3,3,4,5,5,3,4,5,3,4,4,3,4,4,3,4,4,4,2,3,4,3,3,3,3,3,3,4,3,4,2,4,2,3,5,4,3,4,4,4,2,2,2,2,2,3,5,3,4,2,3,3,3,3,3,3,4,2,3,3,3,4,2,4,3,3,2,sometimes,often,often,rarely,sometimes,often,often,often,rarely,sometimes,often,often,available,partial,available,not_available,not_available,partial,available,not_available,available,unknown,available,available,not_available,available,available,available,partial,not_available,partial,available,no,yes,yes,dk,yes,yes,yes,yes,yes,dk,no,yes,dk,yes,dk,3,3,4,4,1,3,3,5,3,3,2,2,2,3,2,Inconsistent PPE availability,"PPE, alcohol-based hand rub and isolation space",Conduct routine IPC audits and communicate findings to staff.,More practical outbreak drills and feedback would be useful.
R0465,yes,45_54,female,nurse_midwife,diploma,6_10,1_5,laboratory,secondary,rural,yes,gt2y,no,false,dk,dk,false,false,true,true,true,true,dk,true,false,true,true,false,5,3,3,2,1,5,3,4,4,3,4,5,4,3,4,4,4,3,4,3,2,3,2,3,2,2,1,3,3,1,5,3,3,2,2,2,2,2,2,1,3,4,2,1,1,1,1,1,1,2,1,3,1,3,2,5,4,5,3,2,3,3,2,1,3,3,2,3,3,2,3,2,2,1,3,2,2,4,2,2,rarely,often,never,often,often,sometimes,often,often,often,rarely,often,rarely,available,available,available,partial,available,available,not_available,available,available,partial,unknown,available,available,available,partial,available,available,partial,partial,partial,yes,yes,yes,yes,no,no,yes,no,no,no,yes,yes,yes,yes,yes,2,3,4,3,4,3,3,3,3,3,3,2,5,2,5,Availability of IPC supplies and management support,"Training materials, PPE and cleaning supplies","Improve water, sanitation, waste management and PPE availability.",Regular monitoring and adequate supplies would improve compliance.
R0466,yes,25_34,female,nurse_midwife,hnd,1_5,6_10,community,secondary,semiurban,yes,1_2y,yes,true,true,true,false,true,true,true,true,true,dk,dk,true,false,false,true,4,2,3,1,3,3,3,3,3,2,2,3,3,2,3,3,2,3,2,2,4,3,3,3,2,3,2,1,2,3,4,2,3,4,2,3,3,2,3,2,2,2,1,2,2,3,3,2,3,4,4,3,3,4,3,2,4,3,2,3,3,1,3,1,2,4,3,4,3,2,2,3,2,2,2,2,3,4,2,2,often,often,often,rarely,always,sometimes,often,rarely,rarely,sometimes,sometimes,often,partial,available,available,not_available,not_available,not_available,partial,available,partial,partial,available,partial,available,available,not_available,partial,available,not_available,available,available,no,yes,yes,yes,yes,yes,dk,dk,yes,dk,yes,yes,dk,yes,no,2,3,2,2,3,1,3,4,3,2,2,3,3,2,4,Insufficient refresher training and supervision,"Water, soap and sharps containers","Improve water, sanitation, waste management and PPE availability.",Water supply and PPE availability should be maintained consistently.
R0467,yes,25_34,male,cho,bachelor,11_15,1_5,laboratory,primary,rural,yes,6m,no,true,true,true,false,false,true,true,true,true,true,true,true,true,false,true,3,3,4,3,3,3,1,2,3,4,3,4,3,4,3,2,4,4,1,4,4,3,4,2,5,4,3,1,4,5,4,2,4,2,3,4,2,3,3,2,3,5,3,3,2,4,2,3,3,3,3,4,1,3,2,2,4,3,3,3,4,3,3,2,2,2,2,1,5,3,3,2,2,3,4,5,3,1,3,3,often,often,often,rarely,often,rarely,often,sometimes,sometimes,sometimes,sometimes,sometimes,available,available,partial,partial,available,available,partial,not_available,available,available,available,available,partial,partial,not_available,unknown,partial,not_available,available,available,no,yes,no,yes,no,yes,no,yes,yes,dk,yes,yes,yes,yes,yes,3,4,2,3,1,2,2,4,4,3,1,2,3,3,4,Limited water and hand-hygiene supplies,"PPE, alcohol-based hand rub and isolation space","Improve water, sanitation, waste management and PPE availability.",More practical outbreak drills and feedback would be useful.
R0468,yes,35_44,male,lab,bachelor,6_10,1_5,other,secondary,semiurban,no,unknown,no,true,true,true,false,false,true,true,true,true,true,true,true,true,false,true,4,4,3,3,4,3,3,3,5,4,2,2,3,5,4,4,3,3,1,3,3,3,3,4,4,3,3,4,2,2,3,4,4,3,4,4,2,3,5,2,4,4,2,3,4,3,4,3,3,4,4,4,5,3,3,3,1,3,3,3,2,1,4,3,3,3,3,3,2,4,2,3,4,3,2,3,5,5,4,4,sometimes,sometimes,never,often,often,sometimes,often,sometimes,often,often,often,often,available,not_available,available,available,available,available,available,partial,available,partial,available,available,not_available,not_available,available,partial,available,available,partial,available,no,yes,no,yes,yes,dk,yes,yes,no,yes,yes,yes,no,dk,yes,3,3,3,2,3,5,3,3,5,3,1,3,4,4,4,Availability of IPC supplies and management support,"PPE, alcohol-based hand rub and isolation space",Maintain emergency PPE stocks and strengthen referral and notification procedures.,Regular monitoring and adequate supplies would improve compliance.
R0469,yes,35_44,female,chew,master,6_10,1_5,paediatric,secondary,urban,yes,7_12m,yes,true,false,false,false,true,true,true,false,true,true,true,true,dk,true,false,2,4,2,2,3,1,1,2,2,2,4,2,4,2,2,1,3,2,3,3,3,4,3,3,3,4,2,2,3,4,3,3,3,4,4,1,3,2,3,2,3,2,3,3,2,3,3,2,3,3,2,2,4,3,4,2,3,3,2,4,2,4,3,4,1,3,3,4,3,3,3,3,4,3,3,4,2,3,5,3,sometimes,sometimes,often,sometimes,never,sometimes,rarely,sometimes,never,rarely,often,sometimes,available,available,available,available,not_available,available,partial,not_available,partial,available,available,unknown,not_available,partial,unknown,available,available,available,partial,partial,yes,no,yes,yes,no,no,yes,dk,no,no,yes,yes,yes,no,no,1,3,3,3,2,3,2,3,3,2,2,1,1,3,2,Availability of IPC supplies and management support,"Water, soap and sharps containers","Provide a functional isolation area, clear SOPs and regular supervision.",The facility needs stronger supervision and refresher training.
R0470,yes,35_44,male,chew,hnd,lt1,1_5,community,primary,semiurban,no,unknown,yes,true,true,true,false,false,true,false,true,true,true,true,true,true,false,true,3,5,3,2,5,5,4,4,3,3,4,2,5,3,4,4,3,4,4,3,3,3,3,3,3,3,3,3,4,3,3,3,2,2,3,4,2,4,3,3,5,3,1,5,4,2,4,4,2,2,2,4,3,2,5,3,2,5,4,2,4,3,2,4,1,4,3,3,4,5,4,3,2,4,2,3,4,3,2,2,often,often,always,sometimes,often,often,sometimes,sometimes,rarely,always,often,always,available,available,available,available,available,available,available,available,partial,partial,available,available,not_available,available,available,not_available,available,partial,available,partial,dk,yes,dk,no,yes,yes,dk,yes,yes,yes,yes,yes,yes,no,no,2,2,2,3,2,3,1,2,2,2,2,2,1,4,4,Availability of IPC supplies and management support,"Gloves, masks, disinfectants and waste bins",Conduct routine IPC audits and communicate findings to staff.,More practical outbreak drills and feedback would be useful.
R0471,yes,18_24,male,lab,bachelor,11_15,lt1,community,primary,urban,yes,7_12m,yes,true,true,true,false,false,true,true,true,dk,true,true,true,true,false,true,2,3,3,4,4,3,3,2,4,4,3,3,4,4,2,4,3,3,3,4,2,3,2,3,3,2,1,2,3,1,2,4,2,1,2,3,3,2,4,1,2,4,3,2,4,3,3,4,4,4,3,4,5,3,2,1,1,3,3,3,4,4,3,3,3,5,2,3,4,4,4,4,4,3,2,2,4,3,4,4,rarely,sometimes,often,rarely,often,often,sometimes,often,sometimes,always,sometimes,often,available,available,not_available,available,available,not_available,available,partial,not_available,available,available,available,available,not_available,available,available,not_available,available,available,not_available,yes,yes,dk,no,yes,yes,dk,yes,no,yes,no,dk,no,no,dk,4,3,3,2,2,4,4,3,4,3,2,4,2,3,4,Availability of IPC supplies and management support,"Water, soap and sharps containers",Conduct regular IPC and Lassa fever refresher training and outbreak drills.,Staff understand IPC but workload can affect compliance.
R0472,yes,25_34,female,lab,bachelor,lt1,1_5,opd,primary,rural,yes,6m,no,true,true,true,false,false,true,true,true,true,false,true,true,true,false,true,4,4,5,4,5,5,4,5,4,5,4,4,5,5,5,4,5,3,5,5,2,2,1,2,3,4,3,3,3,2,1,1,4,3,4,3,4,2,3,3,1,3,3,3,4,3,5,2,2,1,2,3,3,5,2,3,2,3,3,4,2,4,5,2,4,2,3,1,2,4,4,4,3,5,3,4,4,3,3,1,rarely,sometimes,rarely,often,sometimes,often,sometimes,always,sometimes,rarely,sometimes,sometimes,not_available,not_available,available,available,not_available,available,partial,not_available,not_available,partial,available,available,available,available,available,not_available,partial,available,available,available,dk,yes,yes,no,yes,yes,no,no,no,no,yes,yes,yes,no,no,5,3,2,3,2,4,5,2,4,3,2,2,3,2,3,Availability of IPC supplies and management support,"PPE, alcohol-based hand rub and isolation space",Conduct routine IPC audits and communicate findings to staff.,Staff understand IPC but workload can affect compliance.
R0473,yes,25_34,female,nurse_midwife,bachelor,1_5,1_5,inpatient,primary,urban,yes,6m,yes,true,dk,true,true,true,true,false,false,dk,false,dk,true,dk,false,true,1,3,1,4,1,2,3,3,2,1,3,3,1,4,3,2,1,3,3,3,2,2,1,3,5,2,3,3,3,2,4,4,3,4,1,3,2,3,3,3,4,2,2,3,4,4,4,2,3,4,3,3,3,2,2,4,3,3,2,3,4,5,2,4,4,3,2,5,4,2,4,4,1,3,4,4,5,4,3,2,always,always,always,often,always,always,always,often,often,always,always,always,unknown,available,partial,available,not_available,available,available,available,available,available,available,partial,not_available,available,available,partial,available,not_available,available,not_available,yes,yes,yes,yes,yes,yes,yes,no,yes,yes,yes,yes,dk,dk,no,4,3,4,3,4,4,4,4,4,3,2,4,4,1,4,Limited isolation and waste-management infrastructure,"PPE, hand-hygiene supplies and running water",Conduct routine IPC audits and communicate findings to staff.,The facility needs stronger supervision and refresher training.
R0474,yes,35_44,male,cho,bachelor,lt1,6_10,inpatient,secondary,rural,yes,7_12m,no,false,true,true,false,false,false,true,false,dk,true,true,true,true,false,dk,4,2,2,4,1,2,2,3,4,1,2,4,3,3,3,2,2,2,2,3,2,3,3,3,3,2,1,2,2,3,4,2,2,1,3,3,1,4,3,4,2,3,2,2,2,2,4,1,1,2,3,3,2,5,4,4,5,5,2,4,2,2,3,3,5,2,2,3,2,2,2,5,3,4,3,3,3,2,2,2,sometimes,often,sometimes,sometimes,often,na,always,often,often,often,sometimes,always,available,partial,available,not_available,unknown,partial,available,not_available,available,available,available,not_available,available,available,available,partial,unknown,available,available,not_available,no,no,yes,yes,dk,no,yes,yes,yes,no,yes,yes,no,yes,dk,3,2,4,3,2,2,3,3,3,4,2,2,3,4,2,Limited water and hand-hygiene supplies,"Gloves, masks, disinfectants and waste bins",Conduct regular IPC and Lassa fever refresher training and outbreak drills.,The facility needs stronger supervision and refresher training.
R0475,yes,25_34,female,cho,bachelor,11_15,6_10,laboratory,primary,rural,yes,6m,no,dk,false,true,true,false,true,true,true,false,true,true,true,true,true,true,1,4,4,4,4,3,4,4,4,3,5,5,3,4,3,4,4,5,4,3,4,3,3,3,3,3,3,3,4,3,3,3,2,2,2,2,3,3,3,5,4,3,2,3,2,5,3,5,4,4,3,4,4,1,3,3,4,3,4,4,2,4,4,2,2,4,3,1,4,1,3,3,4,5,3,3,3,2,4,4,sometimes,sometimes,na,often,often,sometimes,sometimes,never,often,rarely,sometimes,rarely,available,not_available,partial,not_available,available,available,available,partial,available,available,partial,not_available,available,available,available,available,not_available,available,available,not_available,yes,yes,no,yes,yes,yes,no,no,yes,yes,dk,yes,yes,yes,yes,2,3,3,2,1,3,3,2,3,3,1,4,3,1,2,Limited isolation and waste-management infrastructure,"Training materials, PPE and cleaning supplies",Conduct routine IPC audits and communicate findings to staff.,More practical outbreak drills and feedback would be useful.
R0476,yes,25_34,female,environmental_health,bachelor,6_10,lt1,environmental,secondary,rural,yes,gt2y,yes,true,true,true,false,false,true,true,true,dk,true,true,true,true,false,dk,2,2,2,2,3,2,3,3,3,1,2,4,2,4,4,3,3,2,1,3,3,4,4,3,2,4,4,2,3,2,3,4,5,2,3,3,4,2,2,4,3,4,3,3,2,4,4,1,4,4,3,4,2,3,2,3,2,4,2,2,3,3,4,3,4,3,5,4,4,3,4,3,4,4,3,2,4,2,3,3,sometimes,often,sometimes,sometimes,often,sometimes,sometimes,sometimes,often,often,rarely,often,available,available,partial,not_available,not_available,available,available,not_available,available,not_available,not_available,partial,not_available,not_available,not_available,not_available,available,available,available,partial,no,yes,no,no,no,no,yes,dk,yes,yes,yes,yes,no,no,yes,2,4,5,4,2,3,3,2,3,2,4,2,3,2,2,Inconsistent PPE availability,"Water, soap and sharps containers","Improve water, sanitation, waste management and PPE availability.",More practical outbreak drills and feedback would be useful.
R0477,yes,18_24,female,lab,certificate,11_15,1_5,opd,secondary,semiurban,yes,7_12m,no,dk,true,true,false,false,true,true,true,true,true,true,true,true,true,true,4,5,5,4,5,3,3,3,4,4,3,3,5,3,3,3,5,3,3,5,2,1,3,3,3,2,2,2,2,4,3,3,3,3,3,2,2,2,3,4,3,4,2,3,2,2,2,2,3,1,2,3,3,2,3,4,4,3,2,4,4,3,2,3,4,2,3,2,3,4,2,3,2,2,3,4,3,5,3,3,always,always,sometimes,often,often,often,rarely,often,often,na,sometimes,sometimes,available,not_available,available,partial,partial,partial,available,not_available,available,available,available,available,available,available,not_available,not_available,available,available,available,unknown,no,no,yes,yes,yes,yes,yes,no,no,no,no,yes,yes,no,no,3,2,4,3,3,3,5,4,3,3,4,4,4,3,3,Availability of IPC supplies and management support,"PPE, hand-hygiene supplies and running water",Maintain emergency PPE stocks and strengthen referral and notification procedures.,More practical outbreak drills and feedback would be useful.
R0478,yes,45_54,female,nurse_midwife,hnd,1_5,1_5,emergency,primary,semiurban,yes,7_12m,no,true,true,true,false,false,true,true,true,true,false,true,true,true,false,true,3,3,3,3,5,4,5,5,4,4,1,3,4,3,4,4,3,3,4,5,4,4,5,4,4,4,3,4,5,2,4,4,1,4,2,2,3,2,2,4,2,2,2,3,5,4,3,3,3,4,2,2,3,2,3,4,3,1,3,3,2,3,4,2,3,4,3,2,4,3,2,4,3,4,3,4,4,3,2,4,often,often,often,sometimes,rarely,often,sometimes,often,sometimes,often,often,often,available,unknown,available,available,available,available,not_available,available,partial,available,available,available,partial,available,not_available,available,available,partial,partial,available,yes,yes,no,no,yes,yes,no,yes,no,yes,yes,dk,no,yes,yes,4,4,3,4,3,4,2,2,3,2,2,4,1,2,3,Limited isolation and waste-management infrastructure,"PPE, hand-hygiene supplies and running water","Improve water, sanitation, waste management and PPE availability.",Staff understand IPC but workload can affect compliance.
R0479,yes,35_44,female,nurse_midwife,hnd,6_10,6_10,maternity,primary,semiurban,yes,gt2y,no,dk,true,true,true,false,true,true,true,true,false,false,true,true,false,false,3,2,2,4,2,3,3,3,4,3,2,2,2,3,2,3,3,2,3,1,1,2,3,3,3,2,2,3,2,3,3,3,3,3,2,2,3,3,2,2,2,2,2,3,4,2,4,4,3,4,4,1,2,4,4,3,3,3,3,4,3,4,2,2,2,3,2,3,2,2,3,4,2,2,3,2,4,3,3,3,sometimes,rarely,sometimes,sometimes,sometimes,rarely,sometimes,sometimes,often,sometimes,sometimes,sometimes,partial,available,available,available,available,partial,available,partial,not_available,available,not_available,partial,available,not_available,partial,available,not_available,available,not_available,available,no,no,yes,yes,no,yes,yes,yes,yes,yes,dk,no,yes,yes,no,4,4,2,3,2,2,2,3,1,2,1,1,3,3,2,Limited water and hand-hygiene supplies,"Water, soap and sharps containers",Conduct regular IPC and Lassa fever refresher training and outbreak drills.,Regular monitoring and adequate supplies would improve compliance.
R0480,yes,25_34,female,cho,master,1_5,6_10,opd,primary,urban,no,unknown,no,true,true,true,false,false,true,true,true,true,true,false,true,true,false,true,5,4,4,3,4,3,4,3,3,4,3,5,4,2,4,4,4,3,3,4,3,2,4,3,3,2,2,4,2,5,2,4,4,4,5,3,4,3,4,4,3,4,3,3,2,2,4,2,3,4,4,3,4,1,4,1,1,1,5,4,4,4,3,3,3,4,1,4,4,3,2,4,5,5,3,4,2,3,4,3,always,rarely,rarely,often,rarely,sometimes,sometimes,often,sometimes,sometimes,often,sometimes,available,available,partial,available,available,partial,unknown,available,unknown,partial,partial,available,not_available,available,partial,partial,available,not_available,not_available,available,yes,yes,dk,no,yes,yes,yes,yes,dk,no,no,yes,dk,yes,yes,2,3,2,1,2,3,3,2,4,1,1,2,2,2,3,Limited water and hand-hygiene supplies,"Training materials, PPE and cleaning supplies",Conduct routine IPC audits and communicate findings to staff.,Regular monitoring and adequate supplies would improve compliance.
R0481,yes,25_34,male,lab,bachelor,1_5,6_10,opd,primary,semiurban,no,unknown,no,true,false,true,false,true,true,dk,true,true,false,true,true,true,true,true,2,4,3,4,3,2,4,3,3,3,3,3,3,2,2,3,4,3,5,3,4,3,3,3,4,5,4,4,3,4,5,5,4,4,3,4,3,4,3,2,3,5,3,2,4,4,5,4,4,5,5,4,4,2,2,2,2,4,4,5,2,2,1,2,4,2,1,3,2,2,3,3,2,2,1,2,2,2,2,2,sometimes,sometimes,sometimes,sometimes,sometimes,often,sometimes,always,sometimes,often,sometimes,often,partial,not_available,partial,available,available,not_available,not_available,not_available,partial,available,partial,available,available,available,available,partial,available,unknown,available,available,yes,yes,no,yes,yes,no,no,yes,dk,dk,yes,yes,dk,yes,no,3,4,2,4,2,4,4,4,2,3,3,3,3,3,4,Inconsistent PPE availability,"Gloves, masks, disinfectants and waste bins","Improve water, sanitation, waste management and PPE availability.",The facility needs stronger supervision and refresher training.
R0482,yes,35_44,male,nurse_midwife,bachelor,6_10,1_5,other,primary,urban,yes,1_2y,no,false,true,true,false,false,true,false,true,true,true,true,true,true,false,true,5,4,4,5,2,4,3,3,3,3,2,3,5,5,4,4,2,4,4,5,4,5,2,5,3,3,5,3,4,5,3,3,4,2,1,5,2,4,3,4,4,3,4,4,2,4,4,4,2,3,5,4,4,3,3,2,3,4,2,5,2,1,4,3,4,1,2,3,4,3,4,4,3,2,2,3,2,3,2,3,sometimes,rarely,rarely,sometimes,sometimes,sometimes,rarely,sometimes,rarely,rarely,sometimes,sometimes,not_available,available,available,partial,available,available,partial,available,available,available,partial,partial,available,not_available,partial,available,not_available,not_available,available,available,no,yes,yes,yes,yes,yes,no,no,yes,dk,yes,yes,no,no,yes,3,2,2,2,4,3,3,4,4,2,2,4,3,2,3,Limited water and hand-hygiene supplies,"Training materials, PPE and cleaning supplies","Provide a functional isolation area, clear SOPs and regular supervision.",More practical outbreak drills and feedback would be useful.
R0483,yes,35_44,male,nurse_midwife,hnd,1_5,1_5,opd,primary,semiurban,yes,gt2y,yes,true,true,dk,true,false,true,false,false,false,true,true,dk,true,true,false,5,4,4,5,4,3,5,4,4,4,4,3,4,4,3,3,5,5,4,3,5,4,3,4,3,4,4,3,3,5,3,2,4,3,4,4,4,5,5,3,5,3,3,5,4,3,4,5,4,3,4,4,4,2,2,2,2,2,4,5,3,4,3,5,3,2,3,3,4,4,5,3,4,4,2,4,3,2,4,4,always,often,sometimes,na,often,always,sometimes,often,always,often,always,always,available,available,available,available,available,available,partial,not_available,partial,available,available,unknown,partial,available,available,available,available,not_available,not_available,available,yes,yes,yes,yes,yes,yes,yes,no,no,yes,no,yes,dk,yes,yes,3,4,3,4,3,3,3,4,4,2,2,4,2,4,1,Limited isolation and waste-management infrastructure,"PPE, alcohol-based hand rub and isolation space",Conduct routine IPC audits and communicate findings to staff.,Staff understand IPC but workload can affect compliance.
R0484,yes,45_54,female,cho,master,1_5,1_5,inpatient,secondary,urban,yes,6m,yes,false,true,true,false,false,true,true,true,true,true,true,dk,false,false,true,5,3,2,5,5,5,4,3,5,3,4,3,4,5,4,5,4,4,5,5,4,2,3,4,4,2,4,3,3,4,2,4,4,3,4,5,4,2,3,4,2,4,3,3,4,4,4,5,3,4,5,5,3,2,2,3,2,1,4,5,3,3,3,3,4,3,3,2,3,2,3,2,2,2,5,4,2,2,3,3,sometimes,sometimes,sometimes,sometimes,sometimes,often,sometimes,always,sometimes,always,often,na,available,available,available,available,available,partial,not_available,available,available,available,not_available,available,not_available,available,available,available,available,available,unknown,not_available,no,yes,dk,dk,yes,dk,yes,yes,no,no,yes,yes,dk,yes,yes,5,3,3,1,3,4,3,3,4,5,3,2,2,5,4,Availability of IPC supplies and management support,"Training materials, PPE and cleaning supplies",Conduct routine IPC audits and communicate findings to staff.,More practical outbreak drills and feedback would be useful.
R0485,yes,18_24,female,nurse_midwife,certificate,11_15,1_5,inpatient,secondary,rural,yes,6m,no,true,true,true,false,false,true,true,true,true,true,dk,true,true,false,true,4,4,4,3,5,4,4,2,4,4,3,4,3,3,4,3,3,2,5,3,4,5,4,3,4,4,4,4,5,5,5,5,2,3,5,3,4,3,3,3,5,4,4,3,4,2,3,4,3,3,3,3,4,3,4,5,4,4,2,2,3,4,5,4,4,3,2,3,3,3,1,2,3,3,3,1,1,2,3,3,sometimes,sometimes,often,sometimes,sometimes,often,rarely,often,sometimes,often,sometimes,often,not_available,available,available,available,available,available,available,partial,not_available,available,available,partial,available,available,partial,available,available,not_available,available,available,yes,yes,yes,dk,yes,no,yes,yes,yes,no,yes,no,dk,yes,yes,4,2,2,3,3,3,2,3,3,2,3,3,3,5,3,Limited water and hand-hygiene supplies,"Gloves, masks, disinfectants and waste bins",Maintain emergency PPE stocks and strengthen referral and notification procedures.,Regular monitoring and adequate supplies would improve compliance.
R0486,yes,18_24,female,attendant,hnd,1_5,1_5,paediatric,primary,urban,yes,gt2y,yes,true,false,false,dk,true,false,true,true,dk,false,true,dk,false,dk,true,5,3,4,4,4,4,4,4,4,3,3,2,3,1,4,2,3,3,4,4,2,3,4,3,2,2,1,3,2,1,1,2,3,3,1,1,2,3,4,3,2,1,3,4,1,2,4,3,1,1,2,2,5,2,4,3,2,3,4,2,3,3,3,4,5,5,3,4,3,2,3,3,2,4,3,2,5,2,3,3,sometimes,sometimes,often,often,sometimes,often,often,often,sometimes,often,always,sometimes,available,available,available,not_available,partial,available,not_available,available,partial,available,not_available,unknown,not_available,partial,available,not_available,unknown,available,partial,partial,yes,yes,yes,dk,yes,yes,yes,dk,no,yes,no,no,dk,dk,no,2,4,4,1,1,4,5,3,2,1,3,3,2,3,2,Inconsistent PPE availability,"PPE, alcohol-based hand rub and isolation space","Improve water, sanitation, waste management and PPE availability.",Water supply and PPE availability should be maintained consistently.
R0487,yes,25_34,female,nurse_midwife,bachelor,11_15,6_10,inpatient,secondary,semiurban,yes,gt2y,yes,true,true,true,false,false,true,true,true,true,dk,true,false,false,false,true,4,4,3,4,3,4,3,4,3,3,2,3,4,2,4,3,2,4,3,5,5,4,5,3,5,4,4,5,3,4,3,5,3,5,5,3,5,3,5,4,4,3,4,5,3,3,3,4,5,3,3,3,3,2,3,2,2,3,3,1,3,3,3,4,4,5,3,5,3,3,5,2,4,3,5,3,4,5,5,5,sometimes,often,sometimes,always,always,often,sometimes,often,always,sometimes,often,always,available,available,available,not_available,available,available,available,not_available,not_available,available,available,available,available,partial,available,not_available,partial,available,available,not_available,no,no,yes,yes,yes,yes,yes,no,yes,yes,yes,yes,no,yes,no,3,3,4,3,2,2,4,3,2,3,2,3,1,3,2,Insufficient refresher training and supervision,"Water, soap and sharps containers",Conduct routine IPC audits and communicate findings to staff.,Regular monitoring and adequate supplies would improve compliance.
R0488,yes,25_34,female,jchew,bachelor,lt1,lt1,emergency,primary,urban,yes,6m,no,true,true,dk,false,true,true,dk,false,true,true,false,true,true,dk,true,5,5,4,5,2,3,5,3,4,3,3,3,4,4,4,3,5,2,3,4,4,4,5,3,5,3,5,4,4,4,5,5,4,4,4,4,4,5,5,4,3,5,4,5,5,5,3,4,4,3,4,3,3,4,2,3,4,4,4,2,4,3,3,5,4,3,5,4,3,2,3,4,4,4,5,2,4,2,3,3,sometimes,sometimes,always,often,sometimes,often,often,often,often,often,always,often,available,partial,not_available,available,unknown,available,not_available,available,available,available,available,available,available,not_available,partial,partial,available,available,available,partial,yes,yes,yes,yes,yes,no,yes,yes,no,yes,yes,yes,no,yes,yes,3,4,3,4,4,2,3,1,4,4,3,4,3,3,3,High workload and inadequate staffing,"PPE, alcohol-based hand rub and isolation space","Provide a functional isolation area, clear SOPs and regular supervision.",Water supply and PPE availability should be maintained consistently.
R0489,yes,25_34,female,jchew,certificate,1_5,6_10,pharmacy,secondary,rural,yes,unknown,yes,false,dk,false,false,false,false,true,true,dk,dk,true,true,true,false,true,3,4,4,4,2,3,4,3,2,3,4,3,3,3,5,3,4,2,2,3,4,2,4,1,5,4,4,2,2,3,2,3,2,2,4,4,4,4,5,4,2,3,3,3,2,3,3,5,4,4,4,4,5,2,2,1,1,2,4,5,2,3,3,3,4,3,3,4,2,5,1,3,4,3,4,3,5,4,3,2,sometimes,rarely,sometimes,often,sometimes,sometimes,rarely,sometimes,sometimes,often,na,never,available,not_available,available,available,available,available,partial,not_available,partial,available,available,partial,available,available,available,available,available,not_available,partial,available,dk,no,no,yes,no,yes,yes,no,yes,dk,dk,yes,dk,no,yes,5,2,4,3,3,4,3,3,3,3,5,2,4,3,4,Limited isolation and waste-management infrastructure,"Gloves, masks, disinfectants and waste bins",Maintain emergency PPE stocks and strengthen referral and notification procedures.,Water supply and PPE availability should be maintained consistently.
R0490,yes,35_44,female,chew,hnd,6_10,11_15,community,primary,rural,no,unknown,no,true,false,true,false,true,true,true,dk,false,false,true,true,dk,false,true,4,4,3,4,5,3,3,3,4,4,2,4,3,5,3,3,3,3,3,4,3,3,3,2,1,2,4,4,3,3,3,3,3,3,4,3,5,2,2,3,2,3,2,3,2,4,5,4,5,4,2,5,3,2,2,2,3,2,3,3,2,3,3,3,3,4,4,4,3,4,3,3,4,4,3,3,2,5,4,2,always,often,often,always,sometimes,sometimes,often,often,always,often,always,always,available,not_available,available,available,available,not_available,not_available,available,available,available,available,available,available,partial,not_available,partial,available,partial,partial,available,yes,no,yes,yes,yes,no,no,dk,yes,yes,yes,yes,no,yes,dk,4,4,3,4,4,3,3,3,4,2,4,4,5,5,3,Availability of IPC supplies and management support,"PPE, hand-hygiene supplies and running water","Provide a functional isolation area, clear SOPs and regular supervision.",Regular monitoring and adequate supplies would improve compliance.
R0491,yes,35_44,female,nurse_midwife,master,1_5,11_15,opd,primary,urban,yes,1_2y,no,true,true,true,true,false,false,true,false,true,true,true,false,true,false,false,4,2,3,3,2,3,2,4,1,3,2,1,2,1,4,2,2,2,2,1,2,4,3,2,3,3,3,3,4,2,3,3,3,1,4,3,2,4,3,1,3,3,2,2,3,3,3,3,4,4,4,4,2,4,2,2,3,3,2,3,3,3,2,4,2,1,2,2,1,4,1,2,2,3,2,3,2,3,3,1,sometimes,sometimes,rarely,rarely,rarely,rarely,sometimes,rarely,never,often,rarely,rarely,available,available,available,available,available,not_available,not_available,available,available,not_available,unknown,available,available,available,available,available,partial,available,not_available,not_available,yes,yes,yes,no,dk,no,no,dk,yes,yes,no,no,yes,yes,yes,2,2,2,2,2,1,2,2,1,3,2,2,3,3,2,Insufficient refresher training and supervision,"Training materials, PPE and cleaning supplies","Improve water, sanitation, waste management and PPE availability.",More practical outbreak drills and feedback would be useful.
R0492,yes,35_44,female,chew,diploma,6_10,1_5,paediatric,secondary,semiurban,yes,gt2y,yes,true,true,true,false,false,true,true,false,true,true,true,true,true,false,true,4,3,4,3,2,1,4,3,3,3,3,2,2,2,3,3,3,2,3,4,2,3,2,4,4,4,4,4,4,3,2,4,5,4,3,3,2,3,2,4,2,2,3,3,3,2,2,4,2,3,3,3,4,3,5,4,4,2,4,3,5,4,3,2,1,3,3,4,5,3,2,4,4,3,2,4,2,3,4,4,sometimes,often,sometimes,often,sometimes,rarely,sometimes,rarely,sometimes,sometimes,rarely,sometimes,available,not_available,partial,available,partial,available,available,available,available,available,available,available,not_available,available,available,partial,available,not_available,partial,available,yes,yes,yes,dk,yes,yes,yes,dk,yes,dk,yes,yes,yes,dk,yes,3,3,3,2,3,3,3,3,3,2,1,2,3,3,3,High workload and inadequate staffing,"Gloves, masks, disinfectants and waste bins",Conduct regular IPC and Lassa fever refresher training and outbreak drills.,Water supply and PPE availability should be maintained consistently.
R0493,yes,35_44,female,environmental_health,hnd,11_15,lt1,theatre,secondary,urban,yes,1_2y,yes,true,true,true,false,dk,true,true,false,false,false,false,true,true,false,true,4,3,4,2,3,3,3,4,4,3,3,4,4,5,3,3,2,5,3,3,4,3,4,2,4,4,3,4,3,4,3,3,2,4,4,2,3,2,2,5,2,4,3,5,3,3,4,3,4,3,2,3,4,3,3,3,4,3,3,4,3,4,4,3,3,4,3,3,3,3,2,4,3,5,4,1,2,2,2,5,often,rarely,often,often,often,always,often,always,rarely,sometimes,always,always,partial,not_available,partial,available,partial,available,available,available,partial,available,partial,partial,available,not_available,available,not_available,available,available,unknown,available,no,yes,no,yes,yes,yes,no,no,yes,dk,no,yes,no,yes,no,3,3,2,3,4,3,3,4,3,2,2,3,4,4,3,Insufficient refresher training and supervision,"Training materials, PPE and cleaning supplies","Provide a functional isolation area, clear SOPs and regular supervision.",The facility needs stronger supervision and refresher training.
R0494,yes,35_44,male,cho,certificate,6_10,6_10,laboratory,secondary,rural,yes,1_2y,no,true,true,true,false,false,false,dk,true,true,true,false,false,true,false,dk,4,4,4,4,5,3,3,3,2,3,3,2,2,3,4,4,4,2,4,4,2,4,2,2,3,2,5,2,3,2,2,3,3,3,1,1,3,4,3,3,2,2,2,3,4,3,5,4,3,3,5,5,3,3,2,1,3,3,5,3,2,4,3,2,3,2,3,3,3,2,4,3,5,4,1,5,2,3,3,4,often,sometimes,always,always,always,often,always,often,often,always,always,often,available,not_available,available,not_available,not_available,available,partial,not_available,available,available,available,available,available,partial,partial,available,available,available,not_available,partial,yes,no,no,no,no,yes,dk,no,dk,dk,no,yes,no,no,yes,2,3,2,2,4,2,3,3,2,3,4,2,4,4,3,Insufficient refresher training and supervision,"PPE, alcohol-based hand rub and isolation space",Conduct routine IPC audits and communicate findings to staff.,Water supply and PPE availability should be maintained consistently.
R0495,yes,25_34,male,cho,certificate,6_10,lt1,laboratory,secondary,semiurban,yes,1_2y,yes,true,true,true,true,false,dk,dk,false,dk,false,true,true,true,true,false,3,4,5,3,3,4,4,5,4,3,4,5,5,4,4,5,3,4,3,3,4,4,3,4,4,3,4,4,3,3,3,3,5,5,5,2,3,5,4,3,3,4,4,4,2,3,4,2,2,2,4,2,3,3,1,4,4,3,3,3,2,3,4,2,3,2,3,4,3,4,3,2,4,3,4,2,5,2,3,2,often,sometimes,sometimes,always,sometimes,often,rarely,often,often,sometimes,rarely,rarely,available,available,available,available,not_available,available,not_available,not_available,available,available,partial,partial,partial,partial,available,partial,available,available,available,partial,no,yes,yes,no,dk,no,dk,yes,dk,yes,no,yes,no,dk,yes,3,3,4,3,4,5,3,3,2,4,2,3,2,3,3,Limited isolation and waste-management infrastructure,"PPE, alcohol-based hand rub and isolation space",Conduct routine IPC audits and communicate findings to staff.,More practical outbreak drills and feedback would be useful.
R0496,yes,35_44,male,jchew,certificate,6_10,6_10,opd,primary,semiurban,no,unknown,yes,true,true,true,false,false,true,true,true,true,true,true,true,true,false,true,4,3,4,4,3,5,3,2,3,3,3,3,3,4,4,2,2,4,3,2,3,4,3,4,4,4,4,4,3,4,5,4,3,2,2,4,5,3,3,3,4,3,5,3,3,4,3,3,4,3,3,3,5,2,2,3,4,2,4,2,4,4,3,4,4,3,4,3,5,3,4,4,3,5,4,1,3,4,3,4,sometimes,often,rarely,rarely,rarely,rarely,rarely,always,sometimes,sometimes,sometimes,often,available,available,not_available,not_available,available,not_available,available,available,available,available,not_available,available,available,not_available,available,partial,partial,available,not_available,partial,no,dk,no,yes,no,yes,yes,no,yes,no,yes,dk,no,yes,yes,4,3,3,4,5,3,4,4,3,4,2,3,5,5,4,Inconsistent PPE availability,"PPE, alcohol-based hand rub and isolation space","Provide a functional isolation area, clear SOPs and regular supervision.",Staff understand IPC but workload can affect compliance.
R0497,yes,45_54,male,doctor,bachelor,lt1,6_10,opd,secondary,rural,no,unknown,no,true,true,false,true,false,true,false,true,true,true,true,true,false,true,dk,4,4,3,1,5,5,5,4,3,3,4,2,5,2,4,3,4,4,5,3,3,3,2,2,3,3,5,4,4,2,4,2,3,1,2,2,3,2,2,3,2,2,3,3,2,2,2,4,3,2,3,3,2,4,3,4,2,4,2,3,3,4,3,3,3,3,4,3,2,2,3,4,4,2,3,3,3,2,3,2,rarely,rarely,sometimes,rarely,sometimes,sometimes,rarely,never,rarely,rarely,sometimes,rarely,partial,available,available,available,partial,available,available,not_available,available,available,available,available,not_available,available,not_available,available,available,available,available,available,dk,no,yes,yes,no,yes,yes,yes,yes,dk,yes,yes,yes,yes,yes,2,1,1,1,2,1,3,2,1,2,2,3,2,2,2,High workload and inadequate staffing,"Training materials, PPE and cleaning supplies","Improve water, sanitation, waste management and PPE availability.",The facility needs stronger supervision and refresher training.
R0498,yes,55_plus,female,cho,master,1_5,1_5,environmental,primary,urban,yes,1_2y,no,true,true,false,false,false,true,true,false,true,true,true,true,true,false,false,4,2,2,3,2,2,2,2,1,3,4,3,2,3,2,3,5,3,3,1,4,3,4,3,2,3,2,3,3,4,3,1,2,2,2,3,4,2,3,2,2,5,2,3,1,5,3,4,5,4,4,3,4,4,3,4,2,2,4,2,1,3,2,3,2,3,3,4,3,4,3,3,4,2,1,3,3,2,4,3,often,often,often,rarely,often,sometimes,sometimes,sometimes,always,often,sometimes,rarely,available,partial,available,not_available,unknown,not_available,available,available,partial,available,partial,available,available,available,available,available,partial,not_available,available,not_available,no,no,no,yes,yes,dk,no,yes,no,dk,yes,dk,no,no,yes,1,3,2,1,1,2,2,3,2,1,1,1,2,3,1,Availability of IPC supplies and management support,"Gloves, masks, disinfectants and waste bins","Improve water, sanitation, waste management and PPE availability.",Water supply and PPE availability should be maintained consistently.
R0499,yes,25_34,female,chew,master,11_15,1_5,inpatient,secondary,rural,no,unknown,no,true,true,true,false,false,true,true,true,true,true,true,true,true,false,true,1,4,3,3,4,5,4,3,3,3,5,2,3,4,5,3,4,2,3,3,4,2,3,2,2,2,2,2,2,2,3,2,1,2,3,1,3,3,3,4,3,2,2,2,1,2,3,2,1,3,3,3,3,3,3,2,1,3,3,2,3,3,3,2,4,3,4,1,3,3,4,4,3,2,4,3,3,5,3,3,often,sometimes,often,sometimes,sometimes,often,always,sometimes,rarely,sometimes,sometimes,often,unknown,not_available,not_available,not_available,not_available,available,unknown,not_available,available,available,available,available,not_available,partial,partial,not_available,available,partial,not_available,available,yes,yes,yes,dk,no,yes,dk,yes,no,yes,dk,dk,no,yes,yes,3,4,3,4,3,2,2,3,3,3,3,2,3,3,4,Availability of IPC supplies and management support,"Water, soap and sharps containers","Improve water, sanitation, waste management and PPE availability.",The facility needs stronger supervision and refresher training.
R0500,yes,35_44,female,environmental_health,master,gt15,6_10,laboratory,primary,semiurban,no,unknown,yes,true,true,true,false,false,true,dk,true,true,true,true,true,true,false,true,3,3,2,3,2,4,3,4,4,4,4,3,1,2,3,3,3,2,3,2,2,2,2,4,3,4,4,2,4,2,4,4,4,5,2,3,4,2,4,2,3,4,3,2,4,2,2,2,3,3,2,1,2,4,3,5,2,4,1,1,4,2,2,2,1,2,1,1,1,2,2,2,1,3,1,5,1,4,3,3,sometimes,rarely,rarely,sometimes,rarely,never,sometimes,sometimes,rarely,sometimes,rarely,rarely,available,partial,available,available,partial,available,available,available,available,available,available,available,available,available,available,not_available,not_available,not_available,available,not_available,no,yes,yes,dk,dk,no,no,yes,yes,dk,yes,dk,no,yes,yes,2,2,4,4,4,3,3,4,4,3,2,4,3,3,1,Limited isolation and waste-management infrastructure,"Water, soap and sharps containers","Improve water, sanitation, waste management and PPE availability.",The facility needs stronger supervision and refresher training.
R0501,yes,35_44,male,nurse_midwife,bachelor,lt1,1_5,community,primary,rural,yes,1_2y,no,true,true,true,false,dk,true,true,false,true,true,true,false,true,dk,false,4,4,5,3,3,5,5,4,2,4,4,5,5,5,4,4,5,4,5,4,2,3,3,2,3,5,5,4,5,3,3,4,4,2,3,3,4,2,4,4,4,3,2,3,4,4,4,5,4,3,3,2,3,4,3,2,2,1,3,2,3,4,5,3,5,3,4,2,4,3,4,4,3,3,3,3,4,5,4,3,rarely,rarely,never,rarely,rarely,sometimes,rarely,sometimes,sometimes,rarely,sometimes,sometimes,partial,available,available,unknown,unknown,available,available,not_available,not_available,available,not_available,available,available,available,available,available,available,available,partial,available,no,dk,dk,yes,yes,yes,yes,yes,yes,dk,no,yes,dk,yes,yes,4,2,2,2,3,3,2,4,3,3,4,4,5,3,3,Limited isolation and waste-management infrastructure,"PPE, hand-hygiene supplies and running water","Improve water, sanitation, waste management and PPE availability.",Staff understand IPC but workload can affect compliance.
R0502,yes,45_54,male,nurse_midwife,master,gt15,6_10,environmental,primary,rural,yes,gt2y,yes,true,false,true,false,false,true,true,true,false,true,true,true,true,false,false,5,4,3,3,3,4,3,3,4,4,2,4,3,2,3,3,3,4,1,2,4,5,3,5,4,5,4,4,5,4,4,2,2,3,5,3,5,3,4,3,3,3,4,4,4,1,1,3,3,1,4,2,3,3,5,4,2,2,3,3,2,5,4,3,5,4,5,4,5,4,5,5,3,5,4,4,4,5,5,2,rarely,never,sometimes,rarely,rarely,sometimes,always,rarely,never,rarely,sometimes,sometimes,available,available,available,partial,available,available,available,partial,partial,not_available,available,available,not_available,partial,not_available,not_available,available,partial,available,available,dk,yes,yes,yes,no,yes,no,no,no,yes,yes,yes,yes,yes,no,4,3,3,4,4,4,3,5,3,4,3,3,5,3,4,Insufficient refresher training and supervision,"Water, soap and sharps containers",Conduct regular IPC and Lassa fever refresher training and outbreak drills.,Regular monitoring and adequate supplies would improve compliance.
R0503,yes,35_44,female,doctor,hnd,6_10,lt1,inpatient,secondary,semiurban,yes,7_12m,no,true,true,true,true,false,false,true,dk,dk,false,true,false,false,false,true,2,3,2,3,4,3,2,3,3,3,3,1,2,4,3,1,3,3,3,1,3,2,2,3,1,1,1,2,3,3,1,3,3,2,3,2,2,3,3,4,1,3,2,2,3,4,3,3,4,3,4,4,3,3,2,3,2,3,3,3,1,3,2,3,3,1,4,3,2,2,2,2,2,2,1,3,3,1,1,3,sometimes,sometimes,rarely,always,sometimes,often,always,often,often,sometimes,rarely,sometimes,available,partial,partial,available,available,available,not_available,partial,available,available,not_available,not_available,available,unknown,available,available,available,available,available,available,yes,no,yes,no,yes,yes,yes,yes,no,dk,yes,yes,yes,yes,yes,1,5,2,2,3,3,4,2,2,1,2,4,3,4,3,Inconsistent PPE availability,"PPE, alcohol-based hand rub and isolation space",Maintain emergency PPE stocks and strengthen referral and notification procedures.,Regular monitoring and adequate supplies would improve compliance.
R0504,yes,35_44,female,nurse_midwife,diploma,lt1,1_5,maternity,primary,semiurban,no,unknown,no,true,dk,true,false,false,true,true,true,true,dk,true,true,true,dk,true,3,2,4,1,2,2,4,3,3,3,2,4,2,4,2,3,4,2,1,3,3,2,2,3,1,4,2,4,2,2,3,3,4,2,1,4,4,2,2,3,4,4,3,1,3,2,2,4,1,1,3,3,3,4,3,3,2,4,3,1,3,2,3,3,3,1,3,4,3,3,3,2,3,2,4,4,4,3,3,3,sometimes,always,often,rarely,always,rarely,often,often,rarely,often,sometimes,sometimes,partial,available,available,not_available,available,available,available,available,available,partial,partial,available,available,not_available,available,available,partial,available,partial,available,yes,yes,yes,yes,yes,no,yes,yes,yes,yes,yes,yes,yes,yes,no,4,2,2,3,2,4,3,3,3,2,3,3,2,4,2,Limited isolation and waste-management infrastructure,"PPE, alcohol-based hand rub and isolation space",Conduct regular IPC and Lassa fever refresher training and outbreak drills.,Regular monitoring and adequate supplies would improve compliance.
R0505,yes,25_34,male,environmental_health,master,6_10,1_5,inpatient,primary,rural,no,unknown,yes,true,true,true,false,false,true,true,true,true,true,true,true,true,false,true,4,5,4,5,3,4,4,3,4,4,4,5,3,4,3,3,3,4,4,5,2,4,2,2,4,1,3,3,2,3,3,2,4,3,2,2,3,2,4,2,2,2,3,3,2,4,3,4,4,5,3,2,3,2,2,2,2,2,5,4,5,3,3,4,3,4,2,2,3,2,4,3,3,4,2,3,3,5,3,2,sometimes,sometimes,rarely,sometimes,sometimes,always,often,always,often,always,sometimes,often,partial,available,available,available,available,not_available,available,available,available,available,available,unknown,available,not_available,partial,partial,available,not_available,not_available,available,yes,no,yes,yes,no,no,no,no,yes,no,dk,yes,yes,no,no,2,3,4,4,3,4,3,2,4,3,3,3,3,4,3,High workload and inadequate staffing,"PPE, alcohol-based hand rub and isolation space",Conduct regular IPC and Lassa fever refresher training and outbreak drills.,Regular monitoring and adequate supplies would improve compliance.
R0506,yes,45_54,male,pharmacy,hnd,11_15,lt1,emergency,secondary,rural,yes,1_2y,no,true,dk,true,true,false,true,true,true,false,false,false,false,false,true,true,3,2,4,3,1,2,5,3,4,5,5,4,3,4,2,4,3,4,4,3,3,4,3,4,3,4,2,2,1,4,3,1,4,3,1,2,4,4,5,3,3,4,2,5,3,4,4,5,4,3,3,3,4,2,3,3,2,3,5,3,4,4,3,4,4,2,2,5,3,2,4,4,4,3,4,3,3,3,3,3,never,sometimes,rarely,na,never,rarely,sometimes,rarely,often,rarely,sometimes,rarely,available,available,available,partial,available,partial,available,partial,unknown,not_available,partial,available,available,available,partial,available,available,available,available,partial,no,no,yes,no,yes,no,dk,yes,dk,yes,yes,dk,dk,yes,yes,4,4,5,5,3,4,3,4,5,5,5,4,4,5,3,Limited isolation and waste-management infrastructure,"PPE, hand-hygiene supplies and running water","Provide a functional isolation area, clear SOPs and regular supervision.",Regular monitoring and adequate supplies would improve compliance.
R0507,yes,25_34,male,cho,bachelor,11_15,lt1,opd,primary,urban,yes,6m,no,true,dk,dk,true,false,true,true,true,dk,true,true,true,true,false,false,3,2,2,3,2,3,2,3,1,3,1,2,3,5,3,2,3,3,3,2,2,1,4,1,3,2,4,3,4,4,5,3,3,4,3,2,2,3,2,3,3,3,4,1,3,3,2,4,4,3,3,3,3,3,4,2,3,4,3,3,2,4,3,3,4,5,3,3,2,4,2,4,3,3,4,3,2,3,3,3,sometimes,often,often,sometimes,rarely,rarely,never,often,often,sometimes,often,rarely,partial,available,not_available,available,partial,available,available,available,partial,available,unknown,available,partial,not_available,not_available,available,available,available,available,not_available,yes,yes,yes,yes,no,dk,yes,dk,dk,dk,dk,yes,dk,yes,yes,3,2,2,3,3,2,2,2,3,2,3,3,2,2,2,Inconsistent PPE availability,"PPE, alcohol-based hand rub and isolation space",Maintain emergency PPE stocks and strengthen referral and notification procedures.,The facility needs stronger supervision and refresher training.
R0508,yes,55_plus,female,nurse_midwife,certificate,11_15,1_5,opd,secondary,rural,no,unknown,no,false,true,true,false,false,true,true,true,true,true,true,true,dk,true,true,3,2,4,5,3,3,2,4,4,3,3,5,3,3,4,4,4,4,2,4,3,4,2,2,3,3,5,4,2,2,3,3,2,5,3,4,3,4,3,4,3,3,4,3,2,3,4,2,2,1,2,3,3,2,3,4,4,5,3,3,4,3,3,2,4,4,2,1,3,2,4,4,4,1,5,3,3,3,4,2,always,rarely,often,often,often,sometimes,often,rarely,sometimes,sometimes,often,sometimes,available,available,partial,available,available,partial,available,available,available,available,not_available,partial,available,not_available,available,available,not_available,available,not_available,available,no,no,no,yes,yes,no,dk,dk,yes,yes,no,yes,dk,yes,yes,3,5,5,4,3,3,3,3,3,3,2,4,4,3,3,Limited water and hand-hygiene supplies,"Training materials, PPE and cleaning supplies","Provide a functional isolation area, clear SOPs and regular supervision.",The facility needs stronger supervision and refresher training.
R0509,yes,25_34,male,chew,hnd,1_5,6_10,inpatient,secondary,rural,no,unknown,no,true,true,true,false,true,dk,false,false,dk,true,false,dk,true,true,true,4,3,4,2,4,4,3,3,3,1,2,4,2,3,4,2,2,4,4,3,2,4,5,4,3,4,3,3,3,5,4,3,4,3,2,3,4,5,4,3,3,5,4,3,4,4,5,4,3,5,5,4,3,2,2,2,1,2,3,3,3,4,3,3,2,1,2,3,4,4,4,3,2,1,3,3,3,3,2,3,often,often,always,sometimes,often,sometimes,often,sometimes,sometimes,often,sometimes,often,available,available,available,partial,available,partial,available,available,available,available,not_available,available,available,available,not_available,not_available,available,available,not_available,available,no,yes,no,yes,yes,no,yes,yes,dk,yes,no,yes,yes,yes,yes,3,2,3,5,3,4,4,2,3,3,3,2,2,2,3,High workload and inadequate staffing,"Training materials, PPE and cleaning supplies","Provide a functional isolation area, clear SOPs and regular supervision.",The facility needs stronger supervision and refresher training.
R0510,yes,45_54,female,nurse_midwife,bachelor,6_10,lt1,opd,secondary,semiurban,yes,6m,no,true,false,true,dk,false,false,true,true,true,dk,dk,true,false,false,dk,3,4,4,3,4,4,2,3,2,5,3,3,1,4,3,2,4,3,4,3,4,3,3,5,3,4,2,3,3,3,3,4,4,3,4,1,4,2,4,4,4,5,3,3,4,4,4,4,2,3,4,4,2,3,1,3,2,3,4,3,3,3,3,3,5,2,2,3,2,4,3,2,4,5,4,3,4,3,4,2,always,sometimes,always,often,always,often,sometimes,sometimes,na,often,often,always,available,available,available,not_available,available,available,not_available,partial,available,available,available,partial,available,partial,not_available,available,available,available,available,available,yes,yes,yes,yes,yes,yes,no,no,yes,dk,no,yes,no,yes,no,3,4,3,3,4,3,2,5,4,3,4,3,2,5,4,Inconsistent PPE availability,"Gloves, masks, disinfectants and waste bins",Conduct regular IPC and Lassa fever refresher training and outbreak drills.,Staff understand IPC but workload can affect compliance.
R0511,yes,45_54,male,jchew,bachelor,lt1,1_5,opd,secondary,rural,yes,gt2y,yes,true,true,dk,false,true,dk,dk,false,false,false,dk,dk,dk,false,dk,4,4,2,4,4,3,2,5,2,3,3,5,5,5,4,4,3,3,4,4,2,4,4,3,4,4,3,3,5,4,3,4,4,3,3,2,3,5,3,2,4,4,3,4,4,5,4,2,3,5,4,2,3,3,2,4,4,5,4,4,3,4,2,2,4,1,3,2,3,3,3,2,3,3,3,3,3,4,4,3,sometimes,sometimes,often,often,rarely,often,often,often,often,often,sometimes,sometimes,partial,not_available,available,partial,available,available,not_available,available,unknown,available,partial,available,available,available,partial,available,not_available,partial,not_available,not_available,yes,yes,no,dk,dk,dk,no,yes,yes,dk,yes,yes,dk,yes,yes,3,3,4,2,3,3,4,2,3,4,3,2,4,2,2,High workload and inadequate staffing,"Gloves, masks, disinfectants and waste bins",Maintain emergency PPE stocks and strengthen referral and notification procedures.,The facility needs stronger supervision and refresher training.
R0512,yes,35_44,female,nurse_midwife,bachelor,1_5,1_5,maternity,primary,urban,no,unknown,no,true,true,true,false,false,true,true,true,false,true,true,true,true,dk,true,2,5,4,4,3,2,5,2,3,2,3,5,2,4,4,4,3,4,5,2,4,2,3,4,4,4,4,2,4,3,4,4,3,4,3,3,4,4,4,5,3,3,5,4,2,3,2,4,3,4,5,5,3,1,3,3,2,4,5,2,1,1,5,3,3,3,3,3,2,3,4,2,3,3,3,2,2,3,3,3,often,often,sometimes,sometimes,often,sometimes,often,often,rarely,rarely,sometimes,often,partial,available,available,partial,available,available,partial,partial,available,available,available,available,available,available,not_available,available,available,not_available,available,not_available,yes,no,no,no,yes,dk,yes,yes,dk,no,yes,dk,yes,no,no,2,4,4,3,4,3,2,4,3,2,2,4,4,3,4,Insufficient refresher training and supervision,"Gloves, masks, disinfectants and waste bins","Provide a functional isolation area, clear SOPs and regular supervision.",Water supply and PPE availability should be maintained consistently.
R0513,yes,55_plus,male,doctor,hnd,11_15,lt1,opd,primary,semiurban,yes,7_12m,yes,false,false,true,dk,true,true,dk,false,true,false,false,false,false,false,false,5,5,3,4,4,5,5,5,4,5,4,5,4,5,5,4,5,1,4,3,3,3,3,3,3,2,4,4,3,1,3,2,3,1,3,4,1,3,4,4,2,1,3,4,3,2,2,2,3,2,4,3,4,4,3,3,4,3,2,4,4,4,5,4,5,4,4,4,5,1,4,3,4,2,3,2,2,3,3,4,often,sometimes,often,sometimes,often,often,always,sometimes,often,often,na,na,unknown,available,available,available,available,available,partial,available,available,available,available,available,not_available,available,partial,partial,available,available,not_available,partial,yes,yes,yes,no,no,yes,yes,yes,yes,yes,yes,no,dk,no,no,4,2,1,3,2,1,2,1,4,4,3,4,3,3,3,Availability of IPC supplies and management support,"PPE, hand-hygiene supplies and running water",Maintain emergency PPE stocks and strengthen referral and notification procedures.,Water supply and PPE availability should be maintained consistently.
R0514,yes,25_34,female,chew,master,gt15,6_10,community,primary,rural,no,unknown,yes,true,true,true,false,dk,dk,true,true,true,false,true,dk,false,false,true,3,2,3,3,4,3,2,2,3,3,3,4,4,3,3,2,4,3,3,3,4,2,4,3,4,1,4,4,3,3,4,3,3,5,4,4,3,3,4,4,3,3,1,5,3,3,3,2,3,4,3,2,2,5,4,4,2,3,5,4,3,2,3,3,1,4,3,3,2,3,3,1,4,2,2,3,3,2,2,3,sometimes,sometimes,never,sometimes,often,sometimes,always,rarely,sometimes,sometimes,often,often,partial,available,partial,available,available,available,available,not_available,available,available,available,available,available,not_available,available,partial,not_available,available,not_available,not_available,yes,yes,yes,no,yes,yes,yes,dk,yes,dk,no,dk,no,yes,dk,3,2,1,3,3,1,3,2,2,3,2,3,2,2,1,Availability of IPC supplies and management support,"Water, soap and sharps containers","Improve water, sanitation, waste management and PPE availability.",Regular monitoring and adequate supplies would improve compliance.
R0515,yes,45_54,female,environmental_health,diploma,lt1,1_5,inpatient,primary,semiurban,no,unknown,no,false,dk,true,false,false,true,true,false,true,true,false,true,true,true,true,3,2,3,2,3,4,3,3,4,1,3,1,3,4,3,3,3,4,3,3,3,1,3,5,3,4,4,4,3,5,2,5,5,3,4,4,3,2,3,3,3,5,5,4,3,2,5,2,3,2,3,3,2,3,3,4,3,3,3,2,4,3,2,3,1,2,2,1,1,2,2,2,1,3,3,2,1,2,3,2,often,often,often,always,sometimes,often,often,sometimes,often,rarely,sometimes,sometimes,available,available,available,available,partial,available,available,available,available,partial,available,not_available,available,not_available,available,not_available,available,partial,available,available,dk,yes,dk,no,no,yes,yes,yes,no,yes,yes,dk,yes,no,yes,3,4,1,2,3,2,3,3,2,4,3,3,2,3,3,Insufficient refresher training and supervision,"PPE, hand-hygiene supplies and running water",Maintain emergency PPE stocks and strengthen referral and notification procedures.,Water supply and PPE availability should be maintained consistently.
R0516,yes,45_54,female,nurse_midwife,bachelor,1_5,lt1,emergency,primary,urban,yes,1_2y,no,true,true,false,false,false,true,true,true,true,false,false,true,true,false,true,3,5,5,4,5,4,4,5,4,4,5,4,3,4,4,4,5,5,5,5,5,5,4,3,5,4,4,2,5,4,5,4,4,3,2,2,3,4,3,4,4,4,3,3,4,3,3,1,3,2,3,2,5,1,4,4,2,3,4,3,3,5,3,2,3,3,2,2,3,2,2,3,2,2,2,2,4,3,1,3,often,sometimes,often,often,always,always,often,always,sometimes,sometimes,sometimes,often,not_available,partial,partial,not_available,available,available,available,available,available,unknown,partial,not_available,partial,available,available,available,available,available,available,available,yes,no,no,no,no,no,yes,yes,yes,yes,no,yes,yes,yes,yes,1,3,3,2,2,2,4,3,2,2,3,4,3,3,4,Limited isolation and waste-management infrastructure,"PPE, alcohol-based hand rub and isolation space",Conduct routine IPC audits and communicate findings to staff.,Regular monitoring and adequate supplies would improve compliance.
R0517,yes,45_54,female,nurse_midwife,bachelor,6_10,11_15,paediatric,secondary,urban,yes,7_12m,no,true,true,true,false,false,true,true,true,true,true,true,true,true,false,false,3,4,3,2,3,2,3,5,4,4,5,4,3,2,3,2,3,2,4,2,4,3,3,4,5,4,4,3,2,3,4,2,4,4,5,4,4,5,4,4,2,2,2,4,4,4,3,4,3,4,1,5,3,3,3,3,1,1,3,4,5,2,2,3,4,3,3,2,4,4,3,4,2,3,5,4,5,3,3,4,rarely,rarely,never,often,rarely,sometimes,rarely,sometimes,rarely,often,rarely,sometimes,partial,available,available,available,available,available,available,available,available,available,not_available,not_available,available,not_available,available,partial,available,partial,available,available,dk,no,yes,no,yes,no,yes,dk,yes,no,no,yes,dk,no,dk,2,1,4,3,2,2,3,4,3,2,4,3,3,2,2,Availability of IPC supplies and management support,"Gloves, masks, disinfectants and waste bins",Conduct regular IPC and Lassa fever refresher training and outbreak drills.,Regular monitoring and adequate supplies would improve compliance.
R0518,yes,25_34,male,lab,diploma,11_15,6_10,emergency,primary,rural,yes,1_2y,yes,true,false,true,false,false,dk,true,true,false,true,true,dk,true,false,true,3,3,4,3,4,5,5,5,4,2,2,3,4,2,3,4,4,3,3,2,4,5,3,5,5,4,3,4,5,3,4,4,3,5,5,4,4,4,4,4,5,4,4,5,3,2,3,3,4,4,3,3,4,3,3,3,2,5,2,5,4,4,4,3,2,3,3,4,3,5,4,5,3,3,4,2,5,4,4,5,sometimes,often,sometimes,always,rarely,often,often,always,often,rarely,always,sometimes,not_available,available,available,partial,available,partial,available,not_available,available,available,available,available,not_available,available,not_available,available,available,available,not_available,partial,yes,no,no,yes,dk,no,dk,no,yes,yes,yes,yes,dk,no,no,3,2,2,4,3,4,3,3,5,4,3,1,3,3,4,Availability of IPC supplies and management support,"PPE, alcohol-based hand rub and isolation space",Conduct routine IPC audits and communicate findings to staff.,More practical outbreak drills and feedback would be useful.
R0519,yes,45_54,female,attendant,bachelor,6_10,6_10,opd,primary,urban,no,unknown,no,true,true,true,false,true,false,true,true,true,true,true,true,false,false,true,3,3,2,4,4,4,3,4,4,3,3,4,4,5,3,4,5,4,3,4,5,4,5,5,3,2,4,3,3,4,5,3,4,3,5,3,3,5,3,3,5,4,5,5,4,1,1,2,2,2,3,2,4,4,5,5,3,4,3,2,3,3,2,2,3,3,2,3,4,4,3,3,4,4,2,4,2,3,3,3,rarely,sometimes,rarely,sometimes,sometimes,sometimes,sometimes,sometimes,sometimes,rarely,often,sometimes,not_available,available,available,not_available,partial,partial,partial,available,partial,not_available,not_available,partial,available,not_available,not_available,available,available,available,not_available,available,no,yes,no,yes,yes,dk,no,yes,no,yes,no,no,dk,no,yes,3,1,1,3,3,2,2,2,4,3,3,5,1,2,2,High workload and inadequate staffing,"Training materials, PPE and cleaning supplies","Provide a functional isolation area, clear SOPs and regular supervision.",Staff understand IPC but workload can affect compliance.
R0520,yes,25_34,male,cho,bachelor,lt1,11_15,inpatient,primary,urban,yes,6m,no,true,true,true,false,false,true,true,true,true,true,true,true,true,false,true,4,5,5,4,3,5,4,5,2,4,5,5,3,4,3,5,4,5,4,5,4,3,3,5,4,4,5,4,4,5,5,3,3,3,4,4,4,2,5,4,4,5,3,4,3,3,5,3,4,5,5,3,4,1,1,3,2,2,1,5,5,5,4,5,5,4,5,4,5,5,5,5,2,4,5,4,5,5,5,5,often,always,often,often,always,often,sometimes,often,sometimes,always,sometimes,always,available,available,available,available,available,available,available,available,not_available,available,available,available,available,partial,available,available,partial,not_available,partial,available,yes,yes,yes,yes,yes,no,yes,no,yes,yes,yes,yes,dk,yes,yes,4,5,2,4,4,3,3,4,3,3,2,1,2,3,3,High workload and inadequate staffing,"Training materials, PPE and cleaning supplies",Maintain emergency PPE stocks and strengthen referral and notification procedures.,Staff understand IPC but workload can affect compliance.
R0521,yes,25_34,male,chew,bachelor,6_10,1_5,environmental,primary,rural,yes,6m,yes,true,true,true,false,false,true,true,true,true,true,true,true,true,false,true,3,4,5,4,3,5,3,4,3,2,3,4,4,4,2,3,5,5,2,2,4,1,2,4,3,3,5,2,2,3,3,4,4,2,4,3,3,3,4,2,2,1,4,4,3,4,4,4,2,3,4,3,4,2,3,2,2,3,3,3,3,5,4,1,2,3,4,3,2,4,2,4,3,2,2,3,5,4,4,1,often,sometimes,often,sometimes,rarely,sometimes,rarely,rarely,rarely,often,sometimes,often,partial,available,available,not_available,available,available,partial,available,available,not_available,available,partial,available,available,available,available,available,partial,available,not_available,no,no,yes,yes,dk,dk,no,dk,dk,yes,yes,yes,no,no,yes,2,2,1,3,2,2,3,1,1,1,2,2,2,2,2,Availability of IPC supplies and management support,"Gloves, masks, disinfectants and waste bins",Maintain emergency PPE stocks and strengthen referral and notification procedures.,Water supply and PPE availability should be maintained consistently.
R0522,yes,25_34,male,cho,master,6_10,1_5,laboratory,primary,rural,yes,unknown,yes,false,true,true,true,true,dk,true,true,true,true,true,true,false,dk,false,3,5,5,4,5,4,4,4,4,4,3,4,3,5,3,5,4,4,5,3,4,3,4,4,4,2,3,5,3,2,4,3,1,1,4,2,3,4,3,3,2,3,3,5,2,3,4,4,5,4,4,3,4,2,3,3,3,1,3,5,5,4,2,4,4,4,4,4,4,4,1,1,4,2,4,2,5,2,4,3,often,often,rarely,often,rarely,sometimes,always,sometimes,sometimes,sometimes,na,sometimes,partial,available,available,available,available,available,partial,partial,available,available,not_available,available,not_available,unknown,available,available,available,partial,partial,partial,yes,dk,no,dk,yes,no,no,yes,no,dk,yes,no,dk,yes,yes,3,2,3,3,3,4,3,1,2,1,3,4,2,1,3,Limited water and hand-hygiene supplies,"PPE, hand-hygiene supplies and running water",Conduct routine IPC audits and communicate findings to staff.,More practical outbreak drills and feedback would be useful.
R0523,yes,25_34,female,environmental_health,master,1_5,1_5,inpatient,secondary,urban,yes,gt2y,no,false,true,true,false,false,true,true,true,true,false,true,false,true,false,true,4,3,2,3,4,3,4,4,3,2,1,4,3,3,5,3,4,4,3,4,4,4,5,5,4,4,4,3,5,3,3,3,2,1,3,4,4,5,4,5,4,5,5,3,5,2,4,3,2,2,3,3,5,2,3,3,2,3,3,2,2,2,4,2,3,3,3,4,2,3,2,3,3,4,2,2,1,3,1,3,sometimes,sometimes,often,always,rarely,often,rarely,always,often,sometimes,sometimes,often,partial,available,available,unknown,available,available,not_available,not_available,available,available,available,available,not_available,not_available,available,not_available,available,available,partial,available,no,dk,no,yes,yes,yes,yes,yes,no,dk,yes,yes,no,no,no,2,4,4,4,3,2,3,2,2,3,3,5,2,1,4,High workload and inadequate staffing,"Training materials, PPE and cleaning supplies",Conduct routine IPC audits and communicate findings to staff.,Regular monitoring and adequate supplies would improve compliance.
R0524,yes,45_54,female,chew,diploma,6_10,1_5,opd,secondary,rural,no,unknown,yes,true,false,true,false,false,true,true,true,false,true,true,true,true,false,true,4,5,4,5,4,4,3,3,4,1,4,3,2,5,4,4,3,3,4,4,3,2,2,4,2,3,3,1,3,4,2,2,2,1,3,3,1,2,2,3,2,2,3,3,2,1,3,4,1,2,2,2,1,3,4,5,2,3,2,2,3,2,3,3,3,3,2,2,1,4,4,3,2,5,3,3,3,2,4,2,often,sometimes,often,sometimes,sometimes,sometimes,rarely,always,never,often,sometimes,often,unknown,not_available,available,available,available,available,unknown,available,available,not_available,available,available,available,not_available,available,available,available,available,unknown,available,dk,no,no,yes,dk,yes,yes,yes,no,yes,yes,no,dk,yes,yes,4,3,4,3,3,5,3,2,4,4,3,4,2,5,4,Inconsistent PPE availability,"Training materials, PPE and cleaning supplies",Conduct regular IPC and Lassa fever refresher training and outbreak drills.,Water supply and PPE availability should be maintained consistently.
R0525,yes,25_34,male,doctor,diploma,6_10,1_5,pharmacy,primary,semiurban,yes,1_2y,no,false,false,false,true,false,false,true,dk,true,dk,false,true,false,true,true,2,3,3,5,3,3,3,3,4,3,2,2,2,3,5,3,4,5,3,4,5,1,2,3,2,5,4,4,3,5,4,4,3,2,4,4,3,3,4,3,3,3,1,4,5,3,2,5,3,3,3,4,3,1,2,1,2,2,3,3,5,3,2,2,3,3,2,5,2,1,4,3,3,3,4,3,5,4,1,1,rarely,always,rarely,sometimes,often,often,often,always,sometimes,na,often,rarely,partial,available,available,available,available,partial,available,not_available,available,available,available,available,available,available,available,not_available,available,not_available,not_available,not_available,no,no,dk,no,no,yes,no,no,yes,dk,yes,no,dk,yes,yes,3,4,3,2,4,4,3,4,5,3,4,4,5,4,5,Availability of IPC supplies and management support,"Training materials, PPE and cleaning supplies",Conduct routine IPC audits and communicate findings to staff.,The facility needs stronger supervision and refresher training.
R0526,yes,35_44,male,nurse_midwife,diploma,1_5,1_5,inpatient,secondary,urban,yes,7_12m,yes,dk,true,dk,true,false,true,false,true,dk,true,true,true,true,true,true,5,2,2,5,2,4,5,3,4,4,4,4,3,4,2,4,4,4,3,3,4,2,2,3,2,3,3,3,3,3,3,3,3,3,3,3,3,2,2,3,4,3,4,1,4,2,3,5,2,4,2,4,3,3,2,3,3,2,3,4,4,2,1,1,1,3,3,2,2,1,3,3,2,2,3,1,4,3,2,1,rarely,sometimes,sometimes,sometimes,never,sometimes,rarely,sometimes,rarely,never,rarely,na,available,available,not_available,not_available,available,available,unknown,available,available,available,available,not_available,partial,available,available,partial,not_available,available,available,available,yes,no,yes,dk,no,no,yes,yes,yes,dk,dk,yes,dk,no,no,3,3,4,4,4,3,4,2,2,4,4,3,5,4,4,Availability of IPC supplies and management support,"Gloves, masks, disinfectants and waste bins","Improve water, sanitation, waste management and PPE availability.",The facility needs stronger supervision and refresher training.
R0527,yes,55_plus,male,nurse_midwife,master,6_10,lt1,opd,primary,urban,yes,7_12m,yes,false,dk,true,false,false,false,false,true,true,false,dk,dk,dk,true,false,5,4,4,3,5,4,4,3,3,5,4,4,3,5,4,4,3,5,5,5,4,4,3,4,3,5,5,4,5,1,5,3,4,3,2,3,4,3,3,3,4,4,4,5,4,5,4,4,3,3,5,4,3,2,4,1,2,2,4,5,3,2,4,4,5,4,4,3,3,4,5,3,4,3,3,3,3,3,4,4,often,always,often,often,always,often,always,often,often,sometimes,often,often,available,available,available,not_available,partial,not_available,available,available,partial,available,partial,available,available,available,not_available,available,available,available,available,available,no,yes,no,dk,yes,yes,dk,no,yes,yes,no,yes,yes,no,no,3,5,5,4,4,4,5,4,5,5,5,5,5,5,4,Limited isolation and waste-management infrastructure,"Water, soap and sharps containers","Provide a functional isolation area, clear SOPs and regular supervision.",More practical outbreak drills and feedback would be useful.
R0528,yes,25_34,male,cho,diploma,11_15,lt1,maternity,primary,rural,yes,1_2y,no,true,false,dk,dk,true,false,dk,true,true,false,dk,false,true,false,dk,3,3,5,5,2,4,4,4,4,2,3,4,4,4,3,4,4,4,4,5,3,4,4,2,4,4,3,3,3,3,4,3,3,2,5,2,2,5,3,3,2,3,3,3,3,5,4,3,3,3,5,5,1,3,2,2,2,1,4,3,2,3,2,4,3,2,2,3,3,2,4,3,5,4,3,3,4,2,3,2,sometimes,sometimes,rarely,often,rarely,rarely,sometimes,sometimes,often,rarely,sometimes,rarely,available,available,available,available,available,partial,unknown,not_available,not_available,available,available,partial,available,partial,available,partial,partial,available,available,partial,yes,yes,yes,yes,no,yes,yes,yes,yes,yes,yes,yes,yes,yes,yes,2,5,4,3,4,2,4,2,5,3,5,5,5,4,5,Availability of IPC supplies and management support,"Gloves, masks, disinfectants and waste bins",Maintain emergency PPE stocks and strengthen referral and notification procedures.,More practical outbreak drills and feedback would be useful.
R0529,yes,35_44,male,lab,hnd,6_10,11_15,pharmacy,primary,semiurban,yes,1_2y,no,true,false,true,false,false,false,true,true,true,true,true,true,dk,false,true,4,3,2,3,3,5,4,3,4,4,3,4,3,4,4,4,3,3,4,4,5,3,4,5,4,3,5,2,5,5,3,4,5,4,3,4,2,2,4,5,4,4,4,5,5,3,4,4,4,5,3,3,4,1,3,2,2,3,3,3,4,4,2,3,4,3,4,4,2,4,4,4,3,2,4,3,4,4,4,3,sometimes,rarely,always,often,na,sometimes,rarely,sometimes,often,often,often,rarely,available,available,partial,partial,available,not_available,available,not_available,available,not_available,available,available,available,partial,partial,available,available,available,not_available,not_available,yes,yes,no,no,yes,dk,yes,dk,yes,yes,no,yes,dk,yes,dk,3,2,3,2,3,3,3,4,4,2,3,4,2,3,2,Availability of IPC supplies and management support,"Gloves, masks, disinfectants and waste bins",Conduct routine IPC audits and communicate findings to staff.,Water supply and PPE availability should be maintained consistently.
R0530,yes,25_34,male,chew,diploma,1_5,1_5,opd,primary,rural,yes,gt2y,yes,true,true,dk,dk,true,false,dk,dk,dk,false,false,true,false,true,false,4,3,1,4,4,3,4,3,3,4,4,4,5,4,2,3,3,3,3,2,3,2,3,4,3,3,3,3,2,1,3,2,3,3,3,2,3,1,2,3,2,2,2,3,3,4,5,5,4,3,4,5,3,4,3,2,3,1,4,5,3,3,3,3,4,2,3,4,1,4,3,4,4,4,3,4,3,2,3,3,often,sometimes,sometimes,sometimes,often,rarely,often,sometimes,often,often,often,sometimes,partial,available,not_available,not_available,available,available,available,available,not_available,partial,available,partial,available,partial,available,available,unknown,available,partial,not_available,yes,no,yes,dk,yes,dk,no,yes,dk,dk,dk,yes,yes,yes,no,5,2,5,3,4,4,3,4,4,4,5,5,5,4,4,Inconsistent PPE availability,"Water, soap and sharps containers",Conduct regular IPC and Lassa fever refresher training and outbreak drills.,Water supply and PPE availability should be maintained consistently.
R0531,yes,35_44,male,chew,bachelor,gt15,6_10,laboratory,primary,semiurban,yes,6m,yes,dk,dk,false,false,false,dk,false,true,dk,false,false,true,true,false,false,5,4,4,5,5,4,2,3,4,3,3,4,5,5,5,5,4,3,4,5,5,3,2,4,3,4,2,4,3,3,4,2,2,3,4,4,4,4,4,3,4,4,3,3,3,3,4,2,2,1,4,3,4,2,3,2,3,2,3,3,1,3,1,2,2,3,3,3,3,1,2,3,2,1,1,2,3,1,3,3,sometimes,always,often,often,always,often,always,often,always,always,always,often,available,not_available,available,available,partial,partial,not_available,not_available,available,available,available,available,partial,available,available,not_available,available,not_available,available,not_available,no,yes,yes,yes,yes,yes,no,no,no,yes,yes,yes,yes,no,no,3,4,2,2,3,4,4,5,3,4,5,3,5,2,2,Availability of IPC supplies and management support,"PPE, alcohol-based hand rub and isolation space",Conduct routine IPC audits and communicate findings to staff.,The facility needs stronger supervision and refresher training.
R0532,yes,25_34,female,lab,master,1_5,1_5,paediatric,primary,urban,yes,7_12m,yes,false,true,dk,true,dk,dk,false,dk,false,false,true,true,false,false,true,2,4,4,3,4,4,4,3,4,3,5,1,2,4,3,3,4,3,3,4,3,3,2,4,5,3,3,3,3,5,1,2,4,3,5,3,2,3,4,4,4,3,2,4,4,3,3,3,3,4,4,3,3,1,3,4,2,2,3,1,3,3,4,4,4,3,2,2,3,2,4,5,5,3,3,2,2,2,3,3,always,sometimes,often,always,always,sometimes,always,always,always,always,always,always,not_available,partial,partial,available,available,available,available,not_available,available,partial,available,partial,available,available,available,partial,not_available,partial,available,available,yes,yes,yes,dk,dk,dk,yes,no,yes,yes,yes,yes,yes,yes,yes,4,4,3,3,4,4,2,2,3,4,4,2,3,3,2,Inconsistent PPE availability,"Training materials, PPE and cleaning supplies",Conduct regular IPC and Lassa fever refresher training and outbreak drills.,Staff understand IPC but workload can affect compliance.
R0533,yes,25_34,male,cho,diploma,6_10,1_5,community,primary,urban,yes,7_12m,yes,true,false,true,false,true,true,false,true,false,false,true,true,true,false,false,4,3,2,5,5,5,3,3,4,3,2,4,3,3,5,4,5,2,4,4,4,4,4,3,2,4,2,4,5,2,4,2,2,5,4,2,2,1,3,2,4,4,4,4,3,4,5,4,5,4,4,5,5,3,1,2,1,3,3,4,4,4,4,1,5,3,4,3,3,3,3,3,4,2,3,3,3,4,2,3,sometimes,rarely,rarely,rarely,sometimes,sometimes,sometimes,sometimes,rarely,sometimes,rarely,rarely,available,available,unknown,available,partial,partial,available,not_available,available,partial,available,partial,available,not_available,not_available,available,available,available,available,partial,yes,no,yes,no,yes,yes,yes,no,yes,no,no,yes,dk,dk,yes,2,5,2,2,3,2,4,3,1,3,3,2,4,1,4,High workload and inadequate staffing,"Water, soap and sharps containers","Improve water, sanitation, waste management and PPE availability.",Regular monitoring and adequate supplies would improve compliance.
R0534,yes,55_plus,female,cho,bachelor,11_15,1_5,opd,secondary,semiurban,no,unknown,yes,dk,true,true,false,false,true,dk,true,true,true,false,false,true,false,false,4,4,4,4,5,3,2,3,4,3,3,3,4,3,3,3,3,3,3,2,5,5,3,5,3,4,3,4,4,5,4,4,4,5,4,3,4,3,3,3,2,3,4,4,3,4,2,2,4,4,3,3,3,2,3,4,3,4,3,3,3,3,3,5,2,4,1,3,4,4,3,3,3,3,3,4,4,3,3,2,often,always,always,always,often,always,always,often,always,often,often,always,unknown,partial,available,available,partial,available,available,partial,available,available,available,available,available,available,partial,available,available,not_available,available,available,no,yes,yes,no,yes,no,dk,yes,yes,dk,yes,yes,no,yes,yes,4,2,3,1,1,3,3,2,3,3,3,4,3,1,2,Limited water and hand-hygiene supplies,"Gloves, masks, disinfectants and waste bins",Conduct regular IPC and Lassa fever refresher training and outbreak drills.,Regular monitoring and adequate supplies would improve compliance.
R0535,yes,45_54,female,cho,master,1_5,6_10,opd,primary,rural,yes,unknown,no,true,false,true,false,false,true,true,true,true,true,true,true,false,true,true,4,2,2,2,3,4,2,2,4,3,4,3,5,5,4,3,3,2,4,3,2,2,2,3,4,3,4,3,3,2,3,4,3,3,4,2,3,4,3,2,3,4,4,1,2,3,4,4,4,4,3,2,4,2,3,1,4,2,3,4,4,3,2,1,3,4,3,3,3,2,5,1,2,2,2,2,3,3,4,2,often,sometimes,often,sometimes,sometimes,often,sometimes,sometimes,sometimes,sometimes,sometimes,never,available,available,available,available,partial,partial,partial,available,not_available,available,available,not_available,not_available,not_available,not_available,available,available,available,not_available,partial,yes,yes,dk,yes,no,dk,no,yes,yes,no,dk,no,yes,yes,dk,4,2,5,5,3,4,4,3,4,3,5,3,3,3,4,High workload and inadequate staffing,"Training materials, PPE and cleaning supplies",Maintain emergency PPE stocks and strengthen referral and notification procedures.,More practical outbreak drills and feedback would be useful.
R0536,yes,25_34,female,nurse_midwife,master,6_10,lt1,community,secondary,urban,yes,7_12m,yes,true,true,true,false,false,true,false,true,true,true,true,false,true,false,false,3,3,4,5,4,4,3,5,4,4,2,3,3,3,5,4,3,3,5,4,3,3,4,2,4,2,5,2,5,2,5,4,4,4,3,3,5,3,3,4,4,3,3,4,4,5,3,3,3,3,2,3,4,3,3,3,1,2,5,5,4,3,3,3,3,4,4,5,3,3,2,2,4,4,3,3,5,4,4,3,often,sometimes,always,na,sometimes,often,sometimes,often,always,na,sometimes,sometimes,available,available,available,available,available,available,available,available,available,available,available,available,not_available,available,available,partial,available,available,not_available,partial,yes,yes,no,no,no,no,yes,yes,yes,yes,no,yes,no,yes,yes,4,2,1,5,3,3,3,4,2,5,3,4,2,4,4,Insufficient refresher training and supervision,"Water, soap and sharps containers",Maintain emergency PPE stocks and strengthen referral and notification procedures.,More practical outbreak drills and feedback would be useful.
R0537,yes,45_54,male,cho,hnd,1_5,1_5,opd,primary,rural,yes,6m,yes,true,true,true,false,false,true,true,true,false,true,dk,false,true,false,false,4,3,3,2,4,3,4,4,3,4,3,3,4,3,2,2,4,3,5,3,3,2,3,4,2,3,3,3,4,3,3,2,3,2,3,3,2,1,2,2,4,4,4,3,3,3,2,3,3,3,2,4,3,2,1,1,2,3,4,2,4,4,5,3,4,4,5,3,3,5,3,3,3,4,3,5,3,4,4,3,often,sometimes,often,often,often,rarely,always,sometimes,often,often,always,sometimes,partial,available,available,not_available,available,available,partial,available,available,partial,available,available,available,partial,not_available,available,available,available,not_available,available,no,yes,yes,dk,yes,yes,yes,yes,dk,no,dk,yes,yes,dk,no,5,2,1,4,1,2,1,4,3,3,3,3,1,3,3,Availability of IPC supplies and management support,"Training materials, PPE and cleaning supplies","Provide a functional isolation area, clear SOPs and regular supervision.",Regular monitoring and adequate supplies would improve compliance.
R0538,yes,35_44,female,jchew,hnd,11_15,1_5,opd,primary,urban,yes,6m,yes,false,false,false,true,dk,false,true,dk,true,true,true,true,dk,false,true,5,4,4,3,3,4,4,4,3,3,5,4,3,4,4,2,1,4,4,4,4,5,4,5,2,4,4,3,5,4,3,4,3,2,3,4,4,3,4,2,3,5,4,3,5,5,2,3,4,2,4,3,2,3,4,3,4,4,4,2,1,3,1,4,2,4,3,2,4,3,1,3,4,4,3,4,3,3,4,2,na,sometimes,rarely,sometimes,rarely,sometimes,always,sometimes,always,rarely,often,often,available,not_available,available,available,partial,available,partial,not_available,available,available,partial,available,available,available,not_available,available,available,available,not_available,available,yes,yes,yes,yes,yes,yes,yes,no,no,yes,yes,dk,yes,yes,yes,4,5,5,4,4,3,5,3,3,4,5,3,3,4,4,Insufficient refresher training and supervision,"Gloves, masks, disinfectants and waste bins",Conduct regular IPC and Lassa fever refresher training and outbreak drills.,Staff understand IPC but workload can affect compliance.
R0539,yes,35_44,female,nurse_midwife,hnd,1_5,1_5,maternity,primary,semiurban,no,unknown,yes,true,true,true,false,false,true,true,true,true,true,dk,true,true,false,true,5,1,3,3,3,3,3,3,3,3,1,3,2,3,3,3,3,3,1,3,3,3,3,3,5,3,5,4,3,4,5,3,4,3,4,2,3,3,2,3,3,2,3,3,4,4,3,4,3,4,4,2,5,2,4,1,3,2,4,5,2,2,2,3,2,1,1,2,2,3,3,4,3,3,3,2,2,3,2,3,sometimes,never,often,rarely,sometimes,never,sometimes,sometimes,sometimes,sometimes,never,rarely,not_available,available,partial,available,available,available,not_available,partial,available,available,available,available,unknown,not_available,available,available,available,available,partial,available,yes,yes,no,yes,yes,no,dk,yes,dk,no,yes,yes,dk,yes,yes,3,2,2,5,4,4,4,4,3,4,4,4,3,3,3,Insufficient refresher training and supervision,"Water, soap and sharps containers",Conduct routine IPC audits and communicate findings to staff.,Regular monitoring and adequate supplies would improve compliance.
R0540,yes,25_34,male,cho,bachelor,6_10,11_15,maternity,secondary,urban,yes,6m,no,true,false,false,false,false,true,false,false,true,true,true,true,true,false,true,4,5,3,4,4,4,4,5,3,4,4,3,5,3,4,5,4,5,3,3,3,3,4,3,3,4,4,4,4,3,5,4,4,4,4,3,2,2,2,4,4,5,3,3,5,5,3,3,4,4,4,4,3,1,3,3,1,2,4,5,4,3,3,3,4,3,3,3,4,3,4,3,4,3,2,4,3,4,4,2,sometimes,always,often,always,always,always,always,always,always,often,often,often,available,available,available,available,available,partial,partial,available,available,partial,partial,not_available,available,available,available,available,available,not_available,not_available,partial,yes,no,dk,yes,no,dk,yes,no,no,dk,yes,yes,dk,yes,yes,3,3,3,4,5,3,3,3,5,3,3,3,4,3,2,Inconsistent PPE availability,"PPE, alcohol-based hand rub and isolation space",Maintain emergency PPE stocks and strengthen referral and notification procedures.,Water supply and PPE availability should be maintained consistently.
R0541,yes,35_44,male,nurse_midwife,diploma,gt15,lt1,opd,primary,semiurban,yes,7_12m,no,true,true,true,false,false,true,true,true,false,true,true,true,true,false,true,3,3,4,4,4,5,4,4,4,4,4,3,3,4,3,4,5,5,3,4,4,5,5,3,3,5,4,3,3,5,5,5,4,2,4,2,4,4,4,4,4,4,4,4,3,5,5,3,5,3,3,4,2,2,3,2,2,4,3,3,4,4,3,4,4,4,5,5,4,4,4,4,3,3,5,4,4,4,4,2,never,often,rarely,never,never,sometimes,rarely,sometimes,rarely,rarely,never,often,available,available,available,available,available,not_available,available,available,partial,available,partial,available,not_available,available,available,not_available,available,available,available,available,yes,no,yes,yes,yes,no,no,yes,yes,no,dk,no,no,no,dk,3,3,4,3,2,5,3,3,4,3,5,4,4,4,5,Insufficient refresher training and supervision,"Water, soap and sharps containers","Improve water, sanitation, waste management and PPE availability.",The facility needs stronger supervision and refresher training.
R0542,yes,35_44,male,cho,doctorate,11_15,1_5,community,secondary,urban,yes,6m,yes,true,true,true,false,true,true,true,false,true,true,true,true,true,false,true,2,2,3,2,3,4,3,3,4,4,2,2,2,4,4,4,3,1,1,1,4,3,3,3,4,2,3,4,4,4,3,5,4,4,3,3,5,4,3,3,4,4,3,3,4,2,2,4,3,4,3,5,3,1,2,2,4,3,5,3,2,4,2,2,4,3,4,3,2,2,1,3,4,3,3,2,2,4,3,2,sometimes,rarely,often,always,sometimes,sometimes,rarely,sometimes,sometimes,sometimes,sometimes,sometimes,not_available,available,available,not_available,available,available,available,not_available,unknown,not_available,partial,available,partial,partial,not_available,available,available,partial,partial,available,yes,dk,dk,yes,yes,no,yes,yes,no,no,yes,no,dk,yes,yes,2,4,3,4,3,1,3,1,1,3,3,4,2,4,3,Limited isolation and waste-management infrastructure,"PPE, hand-hygiene supplies and running water",Conduct routine IPC audits and communicate findings to staff.,Regular monitoring and adequate supplies would improve compliance.
R0543,yes,35_44,female,chew,hnd,1_5,1_5,paediatric,secondary,urban,yes,6m,no,true,true,false,false,false,true,true,true,true,false,true,true,true,false,true,3,5,4,5,3,4,3,4,2,5,5,5,3,4,5,4,3,4,4,4,4,4,4,4,4,4,4,2,3,3,4,2,5,4,4,3,3,3,4,1,4,4,5,3,3,5,5,4,4,3,4,4,2,2,3,4,2,4,3,4,3,3,4,4,4,3,3,3,3,2,4,2,4,2,3,3,3,2,3,4,often,often,often,often,na,sometimes,rarely,sometimes,sometimes,sometimes,always,often,available,available,available,available,available,available,available,unknown,not_available,available,not_available,available,not_available,not_available,not_available,partial,partial,partial,available,not_available,no,no,yes,yes,yes,yes,yes,yes,no,yes,yes,yes,yes,no,yes,3,3,5,5,5,5,2,5,3,3,4,3,5,5,5,Limited water and hand-hygiene supplies,"PPE, hand-hygiene supplies and running water","Provide a functional isolation area, clear SOPs and regular supervision.",Water supply and PPE availability should be maintained consistently.
R0544,yes,55_plus,male,lab,bachelor,1_5,1_5,pharmacy,secondary,rural,yes,gt2y,no,true,true,true,false,false,true,true,true,true,true,true,true,true,false,true,4,5,3,5,4,2,4,3,4,4,2,4,3,3,4,3,3,2,3,3,3,4,2,2,2,2,4,4,3,3,3,3,3,4,4,2,2,2,2,3,5,3,3,1,4,4,3,3,3,3,4,4,4,2,3,2,2,1,2,4,3,3,3,3,3,3,4,4,5,4,4,4,2,4,4,3,2,3,4,4,often,often,often,always,often,always,always,often,often,always,always,often,not_available,available,available,available,available,available,available,available,available,available,available,available,available,not_available,not_available,available,available,available,available,available,yes,no,no,no,yes,yes,no,yes,yes,no,yes,yes,dk,no,yes,5,4,2,4,3,2,4,5,5,4,2,4,4,4,4,Limited water and hand-hygiene supplies,"PPE, hand-hygiene supplies and running water",Conduct routine IPC audits and communicate findings to staff.,Water supply and PPE availability should be maintained consistently.
R0545,yes,25_34,female,nurse_midwife,bachelor,11_15,11_15,opd,secondary,semiurban,no,unknown,yes,dk,dk,dk,false,false,dk,true,true,true,true,false,false,true,false,true,3,4,3,4,3,5,5,4,2,2,3,5,4,3,2,4,4,4,5,4,4,3,5,4,4,2,3,5,4,4,4,4,5,3,3,5,3,3,3,4,4,4,2,4,5,3,3,4,3,1,3,3,3,4,3,3,5,2,3,5,3,4,3,5,3,4,2,3,3,5,5,4,4,4,3,4,4,2,4,4,often,often,always,often,always,often,often,always,often,often,always,sometimes,available,not_available,available,available,available,not_available,unknown,available,available,available,available,available,available,not_available,available,available,available,partial,available,partial,yes,yes,yes,yes,yes,yes,no,yes,yes,yes,no,no,no,dk,no,2,3,4,1,2,3,5,2,4,3,4,2,3,4,2,High workload and inadequate staffing,"Water, soap and sharps containers",Conduct routine IPC audits and communicate findings to staff.,Water supply and PPE availability should be maintained consistently.
R0546,yes,35_44,male,chew,diploma,1_5,6_10,pharmacy,primary,urban,yes,6m,no,true,true,true,false,false,dk,true,true,true,true,true,dk,true,false,true,3,3,3,2,3,3,3,3,3,3,4,3,3,2,3,2,3,3,4,3,3,4,2,2,4,2,5,3,1,4,3,1,2,2,1,3,3,3,3,3,3,2,4,3,3,2,3,1,1,1,3,1,1,3,4,5,3,4,1,3,3,1,2,1,1,3,3,2,1,2,3,3,2,2,1,2,1,2,3,2,sometimes,rarely,sometimes,sometimes,never,sometimes,rarely,often,never,rarely,never,sometimes,available,partial,available,partial,available,available,partial,not_available,not_available,available,not_available,not_available,not_available,not_available,not_available,not_available,available,available,partial,available,yes,yes,no,yes,no,yes,no,yes,yes,no,yes,yes,dk,dk,yes,3,2,4,3,3,3,4,3,2,3,4,2,4,3,2,High workload and inadequate staffing,"Water, soap and sharps containers","Improve water, sanitation, waste management and PPE availability.",Regular monitoring and adequate supplies would improve compliance.
R0547,yes,25_34,female,nurse_midwife,master,1_5,6_10,paediatric,primary,rural,yes,7_12m,no,true,true,true,false,dk,false,true,true,dk,true,true,true,true,false,true,1,3,3,4,4,5,4,3,3,2,4,1,4,2,1,2,2,2,1,2,2,1,2,3,2,1,2,4,3,3,4,2,4,2,4,3,2,4,4,3,3,2,4,4,4,4,4,4,3,4,3,4,3,1,3,4,3,3,4,4,1,1,1,3,1,2,2,3,2,2,3,1,3,3,3,1,2,3,2,2,rarely,rarely,sometimes,sometimes,sometimes,sometimes,rarely,na,sometimes,rarely,often,sometimes,available,partial,available,available,available,unknown,available,available,available,available,available,available,partial,available,available,available,available,not_available,not_available,available,dk,no,yes,yes,yes,no,yes,yes,yes,no,no,yes,dk,no,yes,5,3,4,3,3,2,4,3,3,4,3,4,3,3,2,High workload and inadequate staffing,"PPE, alcohol-based hand rub and isolation space",Conduct regular IPC and Lassa fever refresher training and outbreak drills.,Regular monitoring and adequate supplies would improve compliance.
R0548,yes,45_54,female,lab,bachelor,11_15,6_10,emergency,secondary,semiurban,no,unknown,no,true,true,true,false,true,true,true,true,dk,true,true,false,true,false,true,4,3,3,5,2,3,3,4,3,3,5,4,3,4,3,5,4,5,3,3,3,3,2,4,3,2,3,4,2,3,4,3,3,2,3,2,2,2,4,3,2,3,4,4,4,2,1,3,2,2,2,3,2,4,5,4,4,4,3,2,2,4,3,3,3,4,3,3,3,2,3,3,3,3,5,2,4,2,3,4,often,often,sometimes,often,often,often,often,sometimes,always,often,often,always,available,available,available,available,available,available,available,available,available,unknown,available,available,not_available,available,available,available,available,available,partial,not_available,yes,yes,yes,yes,dk,yes,dk,yes,yes,dk,no,no,yes,yes,yes,2,3,2,2,3,1,3,2,4,2,2,4,3,3,1,Inconsistent PPE availability,"PPE, hand-hygiene supplies and running water","Provide a functional isolation area, clear SOPs and regular supervision.",Regular monitoring and adequate supplies would improve compliance.
R0549,yes,35_44,male,nurse_midwife,bachelor,1_5,1_5,inpatient,primary,rural,yes,1_2y,no,false,true,true,false,false,false,false,true,true,true,true,true,true,false,false,2,4,3,4,5,4,3,2,4,5,4,4,4,3,3,4,2,4,4,4,2,3,3,3,2,2,2,3,3,3,2,4,4,4,3,3,3,1,3,4,3,3,2,2,2,4,5,3,5,3,3,4,4,3,4,2,3,3,4,4,1,4,5,3,5,2,2,4,3,3,3,2,3,3,5,3,4,4,4,3,sometimes,often,often,often,often,sometimes,rarely,often,sometimes,sometimes,always,sometimes,not_available,available,available,available,available,partial,not_available,unknown,available,available,not_available,available,not_available,available,available,partial,not_available,not_available,partial,available,dk,no,yes,yes,yes,yes,yes,no,no,yes,dk,yes,yes,yes,yes,3,2,3,4,4,3,3,3,5,1,3,3,1,4,3,Inconsistent PPE availability,"Gloves, masks, disinfectants and waste bins",Conduct regular IPC and Lassa fever refresher training and outbreak drills.,Water supply and PPE availability should be maintained consistently.
R0550,yes,25_34,male,lab,hnd,gt15,1_5,paediatric,primary,rural,no,unknown,no,true,true,dk,false,false,false,false,true,true,true,true,true,true,false,true,3,4,3,5,3,3,3,3,3,3,3,3,4,3,2,3,5,3,4,3,4,3,4,3,5,4,3,5,3,4,4,4,2,4,4,4,3,4,3,4,2,3,3,4,2,5,5,3,3,4,4,4,5,3,2,3,1,3,2,2,5,3,4,2,2,1,2,2,3,2,2,1,3,4,3,3,2,3,3,1,always,sometimes,often,sometimes,often,sometimes,often,always,always,always,always,always,available,available,partial,partial,available,partial,available,not_available,available,available,partial,available,partial,not_available,not_available,available,available,available,available,not_available,yes,yes,yes,yes,no,yes,no,dk,no,yes,yes,yes,dk,yes,no,2,2,3,3,2,4,2,4,2,4,2,2,2,2,3,Inconsistent PPE availability,"PPE, alcohol-based hand rub and isolation space","Improve water, sanitation, waste management and PPE availability.",Regular monitoring and adequate supplies would improve compliance.
R0551,yes,35_44,male,cho,bachelor,6_10,6_10,inpatient,primary,urban,no,unknown,yes,false,true,false,false,true,true,true,dk,true,dk,false,true,true,false,false,4,4,3,3,4,3,4,5,3,4,4,3,2,5,3,3,2,5,3,4,2,2,2,2,3,3,4,2,2,3,2,2,3,2,4,2,2,2,3,2,2,3,3,3,4,2,1,3,1,2,2,4,1,3,5,4,4,5,2,1,4,4,2,5,2,3,3,3,2,2,5,5,4,2,5,4,4,3,4,4,sometimes,often,sometimes,often,sometimes,often,often,sometimes,sometimes,sometimes,rarely,sometimes,available,available,not_available,available,partial,unknown,available,available,available,available,available,available,available,not_available,available,available,available,available,not_available,not_available,yes,yes,yes,yes,yes,yes,yes,no,yes,yes,yes,yes,yes,dk,dk,2,4,3,2,2,1,3,2,3,2,3,2,3,2,3,Availability of IPC supplies and management support,"PPE, hand-hygiene supplies and running water",Conduct routine IPC audits and communicate findings to staff.,The facility needs stronger supervision and refresher training.
R0552,yes,45_54,female,nurse_midwife,master,6_10,11_15,community,primary,urban,no,unknown,yes,dk,true,true,false,false,false,false,true,true,dk,true,true,false,false,true,4,2,5,3,4,4,3,5,3,2,4,4,4,2,4,5,3,3,5,2,4,4,2,3,3,2,2,4,3,3,2,3,5,3,4,3,3,4,5,1,3,3,5,2,3,3,3,5,4,2,3,3,4,3,2,3,2,2,3,3,3,3,4,2,2,3,3,2,2,2,2,3,3,3,3,1,2,2,3,2,sometimes,often,often,sometimes,never,sometimes,sometimes,sometimes,often,sometimes,sometimes,na,partial,not_available,available,available,available,available,unknown,available,not_available,partial,available,available,available,partial,available,available,partial,available,available,not_available,yes,yes,no,yes,no,dk,yes,yes,no,dk,dk,no,dk,yes,yes,2,3,3,3,3,1,4,2,3,2,3,2,4,1,1,Insufficient refresher training and supervision,"Training materials, PPE and cleaning supplies",Conduct routine IPC audits and communicate findings to staff.,Water supply and PPE availability should be maintained consistently.
R0553,yes,25_34,male,doctor,hnd,1_5,6_10,community,primary,semiurban,yes,gt2y,yes,true,true,false,false,false,true,dk,true,true,true,false,true,true,true,true,1,4,5,3,3,3,4,4,2,3,5,3,3,4,2,4,3,3,3,3,4,3,3,5,3,4,4,3,5,3,3,5,3,2,4,4,3,4,2,3,5,4,4,2,3,4,2,3,3,3,3,2,2,2,4,3,3,3,2,3,2,4,4,3,4,4,3,4,4,4,4,4,5,5,5,2,3,4,5,4,rarely,often,sometimes,sometimes,always,often,rarely,sometimes,sometimes,often,rarely,often,partial,available,partial,available,not_available,available,not_available,partial,available,available,available,available,not_available,partial,not_available,available,available,available,partial,partial,yes,dk,no,yes,yes,yes,dk,yes,dk,yes,yes,yes,dk,no,yes,2,2,4,2,2,2,2,3,1,2,3,5,2,4,3,Availability of IPC supplies and management support,"PPE, hand-hygiene supplies and running water","Provide a functional isolation area, clear SOPs and regular supervision.",More practical outbreak drills and feedback would be useful.
R0554,yes,35_44,male,attendant,hnd,11_15,11_15,opd,primary,rural,yes,6m,no,true,true,dk,false,false,false,false,true,true,true,true,true,false,true,true,4,4,4,4,2,2,3,2,3,4,3,4,4,4,4,2,3,4,4,4,2,2,4,2,4,3,2,3,2,4,3,3,1,3,2,3,3,4,2,4,3,3,4,3,2,3,3,3,4,4,5,5,3,2,2,1,2,3,3,5,2,2,3,3,4,2,3,4,2,3,1,2,2,1,5,3,2,2,2,3,rarely,rarely,sometimes,sometimes,never,often,rarely,rarely,rarely,always,often,rarely,available,available,available,not_available,available,available,not_available,not_available,available,available,partial,partial,not_available,partial,partial,not_available,available,available,not_available,available,no,no,no,yes,no,yes,yes,yes,dk,dk,no,yes,yes,yes,dk,3,2,2,3,5,3,2,3,5,3,3,2,1,2,3,Limited water and hand-hygiene supplies,"PPE, hand-hygiene supplies and running water","Provide a functional isolation area, clear SOPs and regular supervision.",More practical outbreak drills and feedback would be useful.
R0555,yes,25_34,female,cho,bachelor,1_5,6_10,community,primary,semiurban,yes,6m,yes,true,false,dk,dk,true,false,true,dk,true,true,true,false,dk,false,false,4,5,4,3,4,5,4,4,3,4,3,3,5,4,3,4,5,4,5,4,3,3,5,4,3,3,3,5,4,4,3,4,4,4,3,3,2,3,3,3,3,3,3,2,3,5,3,4,5,3,3,4,4,2,2,1,1,1,5,4,4,3,5,4,5,3,4,4,4,3,5,3,3,2,3,3,3,3,2,3,always,often,always,always,often,often,often,always,always,always,often,always,available,available,available,available,available,available,available,available,available,available,partial,available,available,available,not_available,available,available,not_available,available,available,yes,dk,yes,yes,no,yes,yes,no,no,dk,no,yes,no,yes,yes,2,3,3,4,3,5,3,4,4,4,3,4,3,4,3,Insufficient refresher training and supervision,"Gloves, masks, disinfectants and waste bins",Conduct routine IPC audits and communicate findings to staff.,Water supply and PPE availability should be maintained consistently.
R0556,yes,55_plus,female,cho,bachelor,1_5,6_10,opd,secondary,urban,yes,6m,yes,dk,true,true,false,false,true,false,false,dk,true,true,true,true,false,true,3,4,4,4,5,5,4,3,4,4,3,5,3,3,3,4,3,4,3,5,3,3,4,2,3,3,2,3,4,3,4,2,3,3,3,3,4,2,3,1,4,4,1,2,3,4,2,3,2,3,3,4,2,3,3,4,3,3,3,4,3,4,2,3,2,3,3,5,3,2,3,2,2,1,3,2,3,2,2,2,always,sometimes,often,sometimes,sometimes,sometimes,sometimes,often,often,rarely,rarely,always,available,available,partial,partial,available,available,not_available,partial,available,not_available,available,available,not_available,available,unknown,available,available,partial,partial,partial,yes,no,yes,yes,yes,no,yes,no,yes,dk,no,yes,dk,yes,no,4,4,3,1,2,3,3,5,3,2,2,3,5,3,2,Inconsistent PPE availability,"Water, soap and sharps containers",Maintain emergency PPE stocks and strengthen referral and notification procedures.,Water supply and PPE availability should be maintained consistently.
R0557,yes,25_34,female,lab,bachelor,lt1,1_5,inpatient,secondary,semiurban,yes,7_12m,yes,dk,true,true,false,false,true,true,true,true,dk,true,true,true,false,true,4,4,3,5,4,3,5,3,3,3,3,3,4,4,3,4,5,4,4,3,3,2,2,2,3,3,2,1,2,3,3,3,3,4,4,3,2,3,2,2,1,3,2,3,2,4,5,4,5,4,5,5,4,3,3,1,2,3,4,4,3,5,4,2,3,5,4,2,2,4,3,4,3,3,4,3,2,3,3,3,always,always,sometimes,sometimes,often,always,always,often,often,always,often,always,available,available,available,not_available,available,available,partial,available,partial,available,not_available,available,available,available,available,partial,available,available,available,not_available,no,no,dk,no,no,yes,yes,yes,yes,yes,yes,yes,yes,no,yes,2,2,2,2,3,3,3,2,4,2,2,5,3,4,4,Limited water and hand-hygiene supplies,"Water, soap and sharps containers",Conduct routine IPC audits and communicate findings to staff.,Water supply and PPE availability should be maintained consistently.
R0558,yes,55_plus,male,nurse_midwife,hnd,6_10,gt15,emergency,primary,semiurban,no,unknown,no,true,false,true,true,false,true,true,true,true,true,false,true,true,false,true,5,4,2,4,4,3,4,4,2,3,4,3,4,3,2,5,3,5,5,4,4,5,5,3,4,3,2,5,4,3,4,5,3,5,3,4,4,2,3,3,5,5,4,4,4,2,4,2,2,4,3,3,3,4,3,2,4,2,4,3,3,3,4,2,3,3,3,4,3,2,4,4,1,1,3,2,3,3,3,3,sometimes,sometimes,sometimes,often,sometimes,often,rarely,often,sometimes,sometimes,sometimes,sometimes,not_available,available,partial,not_available,available,available,not_available,not_available,available,available,partial,available,available,not_available,available,available,available,not_available,available,not_available,dk,no,dk,no,no,yes,yes,yes,no,no,yes,dk,no,yes,yes,4,1,2,3,5,2,2,3,4,3,2,4,4,2,4,High workload and inadequate staffing,"PPE, hand-hygiene supplies and running water","Provide a functional isolation area, clear SOPs and regular supervision.",The facility needs stronger supervision and refresher training.
R0559,yes,55_plus,female,doctor,hnd,gt15,6_10,community,primary,semiurban,yes,unknown,yes,true,false,true,dk,false,true,true,false,true,true,true,true,true,dk,true,4,3,2,3,3,3,5,4,3,2,2,4,4,3,4,3,3,3,3,4,3,3,1,5,2,5,2,3,4,3,2,3,3,3,3,3,5,3,1,4,2,2,3,3,3,2,1,3,1,1,2,3,3,5,4,4,4,4,4,2,3,3,3,2,4,3,3,5,4,3,3,3,2,4,3,2,3,5,3,4,rarely,sometimes,sometimes,sometimes,sometimes,rarely,sometimes,rarely,rarely,always,rarely,never,partial,available,available,not_available,not_available,available,available,not_available,available,available,available,available,not_available,not_available,not_available,partial,available,available,not_available,available,yes,yes,no,yes,yes,yes,yes,no,dk,dk,no,yes,dk,no,yes,2,3,1,3,2,3,2,3,1,4,4,3,3,2,3,High workload and inadequate staffing,"PPE, hand-hygiene supplies and running water",Maintain emergency PPE stocks and strengthen referral and notification procedures.,More practical outbreak drills and feedback would be useful.
R0560,yes,25_34,female,doctor,bachelor,11_15,1_5,inpatient,primary,urban,yes,unknown,yes,true,true,true,false,true,true,true,true,true,true,true,true,false,true,false,2,5,4,4,3,4,4,3,5,4,1,4,3,4,2,2,4,5,4,3,3,3,3,2,4,3,4,4,3,3,2,3,4,2,3,3,2,3,1,1,3,4,3,4,3,3,4,4,3,3,4,4,5,2,2,1,1,1,3,5,5,3,4,3,4,4,4,3,3,4,4,4,4,2,4,5,4,3,5,3,sometimes,always,always,often,rarely,often,always,sometimes,sometimes,never,sometimes,always,available,not_available,not_available,available,available,available,available,not_available,not_available,available,partial,available,available,available,not_available,partial,not_available,partial,available,not_available,yes,yes,dk,yes,yes,yes,dk,yes,yes,yes,dk,no,no,no,no,3,2,3,3,3,3,3,3,2,2,2,1,3,3,3,Inconsistent PPE availability,"Training materials, PPE and cleaning supplies","Improve water, sanitation, waste management and PPE availability.",Regular monitoring and adequate supplies would improve compliance.
R0561,yes,35_44,female,jchew,bachelor,1_5,6_10,paediatric,secondary,rural,yes,6m,yes,true,true,dk,false,false,true,true,true,dk,true,true,true,true,false,true,4,5,4,4,3,3,4,5,3,4,3,3,3,3,2,5,4,4,1,2,3,4,3,2,3,4,5,2,1,4,5,4,3,2,3,5,3,2,4,3,4,3,5,3,3,4,5,4,4,3,3,3,4,3,3,3,2,2,4,2,1,2,2,2,4,3,1,1,1,3,2,2,2,2,2,3,3,3,2,4,often,sometimes,often,sometimes,always,sometimes,often,sometimes,often,often,sometimes,often,available,available,available,available,available,available,available,available,available,not_available,available,not_available,available,available,available,available,not_available,not_available,available,not_available,yes,yes,no,dk,yes,dk,yes,yes,yes,yes,yes,yes,no,yes,yes,4,3,3,5,3,3,2,5,4,3,3,3,3,3,4,Limited water and hand-hygiene supplies,"Training materials, PPE and cleaning supplies","Improve water, sanitation, waste management and PPE availability.",More practical outbreak drills and feedback would be useful.
R0562,yes,35_44,male,other,hnd,6_10,lt1,emergency,secondary,semiurban,no,unknown,no,true,dk,true,false,false,true,true,true,dk,false,false,dk,true,false,true,3,3,3,3,3,3,2,2,4,2,3,2,2,3,3,4,3,3,2,3,2,3,2,2,2,3,3,2,1,1,1,2,1,4,2,1,2,4,2,3,3,3,2,2,2,4,4,4,4,5,5,4,2,3,2,3,4,2,3,2,2,1,3,3,2,3,5,2,2,3,2,2,3,4,3,4,2,3,1,3,always,always,rarely,always,always,often,often,often,sometimes,often,often,always,not_available,available,available,not_available,available,available,available,available,available,available,available,available,unknown,available,not_available,partial,available,partial,available,not_available,yes,no,yes,yes,no,no,yes,dk,yes,no,dk,yes,no,no,no,4,1,2,3,2,1,2,3,1,3,1,2,2,2,2,Limited isolation and waste-management infrastructure,"PPE, hand-hygiene supplies and running water",Conduct regular IPC and Lassa fever refresher training and outbreak drills.,More practical outbreak drills and feedback would be useful.
R0563,yes,25_34,female,nurse_midwife,master,1_5,11_15,maternity,primary,rural,yes,6m,no,true,true,true,false,false,true,true,dk,true,true,false,true,false,true,dk,2,3,2,4,5,3,4,4,3,3,2,5,5,4,5,4,3,2,2,2,1,5,4,5,4,3,4,5,3,5,4,4,4,4,3,4,3,3,3,4,3,4,3,3,4,3,3,2,2,2,2,3,2,3,5,2,3,3,5,2,2,2,2,4,4,2,4,3,3,4,3,2,3,3,4,1,2,2,2,4,often,often,always,always,often,often,always,often,often,always,sometimes,always,available,partial,available,available,available,partial,available,available,available,available,available,available,available,available,available,available,partial,available,available,available,yes,yes,yes,yes,yes,dk,yes,yes,yes,dk,yes,yes,dk,yes,yes,2,3,3,4,3,4,2,2,3,2,2,2,1,2,3,Availability of IPC supplies and management support,"Training materials, PPE and cleaning supplies",Maintain emergency PPE stocks and strengthen referral and notification procedures.,The facility needs stronger supervision and refresher training.
R0564,yes,45_54,female,pharmacy,diploma,11_15,gt15,opd,secondary,urban,yes,7_12m,yes,true,true,true,true,true,dk,true,true,false,true,true,true,true,true,true,3,3,4,5,4,4,3,4,3,3,5,4,4,3,4,4,3,4,4,3,3,3,3,4,5,4,4,5,3,3,3,3,2,4,4,3,5,3,4,4,4,4,3,3,4,5,4,3,2,5,3,4,3,2,3,3,4,2,4,2,3,2,3,2,4,3,3,5,2,1,4,3,2,5,3,2,3,5,3,3,never,always,rarely,na,often,sometimes,sometimes,sometimes,rarely,sometimes,rarely,sometimes,partial,available,available,not_available,available,available,not_available,available,available,available,available,available,available,available,not_available,available,unknown,partial,available,available,yes,no,dk,yes,no,dk,yes,yes,dk,no,no,yes,dk,yes,yes,4,3,3,3,4,4,4,4,4,3,4,3,3,3,2,High workload and inadequate staffing,"Training materials, PPE and cleaning supplies",Maintain emergency PPE stocks and strengthen referral and notification procedures.,Regular monitoring and adequate supplies would improve compliance.
R0565,yes,45_54,female,cho,bachelor,6_10,1_5,inpatient,primary,semiurban,yes,unknown,yes,true,true,false,false,false,dk,true,true,true,true,true,false,dk,false,true,2,4,4,2,2,4,2,3,3,4,4,3,3,2,2,3,3,3,4,5,2,2,3,2,3,4,3,4,2,3,3,3,3,4,3,2,3,3,2,3,2,3,3,3,2,2,1,2,4,1,3,2,2,4,5,2,3,3,3,1,3,2,2,3,4,3,3,4,2,3,2,5,3,1,2,3,5,4,2,3,sometimes,sometimes,rarely,rarely,na,never,sometimes,rarely,sometimes,sometimes,sometimes,rarely,available,available,available,not_available,available,available,not_available,available,partial,partial,not_available,available,available,available,partial,available,available,partial,available,available,no,dk,yes,yes,dk,no,no,no,yes,yes,dk,no,no,yes,no,2,3,2,2,2,3,3,1,3,2,2,4,2,1,3,Inconsistent PPE availability,"Training materials, PPE and cleaning supplies","Provide a functional isolation area, clear SOPs and regular supervision.",Staff understand IPC but workload can affect compliance.
R0566,yes,18_24,female,nurse_midwife,diploma,6_10,6_10,opd,secondary,rural,yes,6m,no,true,true,true,false,false,true,false,true,true,true,false,true,false,true,dk,2,2,3,1,2,3,3,3,2,2,3,5,2,4,3,3,2,3,3,3,4,5,2,4,3,2,2,4,4,5,4,4,2,4,2,3,3,3,3,3,4,4,3,2,4,3,4,4,4,3,3,2,4,3,3,3,3,3,3,3,3,3,5,3,3,2,3,4,2,2,3,3,3,3,3,3,2,3,2,2,often,sometimes,sometimes,sometimes,sometimes,rarely,often,sometimes,often,sometimes,often,often,available,available,partial,available,available,available,partial,available,available,available,available,available,not_available,available,not_available,partial,unknown,not_available,not_available,available,yes,yes,no,yes,no,yes,no,yes,no,no,yes,yes,no,yes,yes,3,3,3,4,3,4,4,4,3,3,1,3,3,3,1,Inconsistent PPE availability,"PPE, alcohol-based hand rub and isolation space",Conduct regular IPC and Lassa fever refresher training and outbreak drills.,Regular monitoring and adequate supplies would improve compliance.
R0567,yes,55_plus,female,attendant,hnd,1_5,1_5,environmental,primary,semiurban,yes,1_2y,no,true,dk,true,true,false,false,true,false,false,dk,true,true,true,false,false,3,2,4,3,4,3,3,3,2,3,2,2,4,3,4,2,1,3,2,3,3,4,3,4,2,4,3,3,4,2,4,2,4,4,4,3,2,2,2,2,2,4,4,4,3,2,4,1,2,2,4,2,3,3,3,4,2,5,3,4,4,4,3,4,4,2,4,3,4,3,4,4,4,3,2,4,4,3,3,4,rarely,rarely,rarely,rarely,rarely,sometimes,rarely,sometimes,rarely,never,sometimes,rarely,available,partial,available,available,available,available,not_available,available,available,available,partial,partial,available,not_available,available,available,available,available,available,not_available,yes,yes,yes,yes,yes,yes,dk,yes,yes,dk,dk,yes,yes,yes,yes,4,3,3,2,3,4,2,2,4,2,1,1,3,3,2,Limited water and hand-hygiene supplies,"PPE, alcohol-based hand rub and isolation space",Conduct regular IPC and Lassa fever refresher training and outbreak drills.,Staff understand IPC but workload can affect compliance.
R0568,yes,45_54,female,cho,diploma,1_5,1_5,opd,secondary,urban,yes,6m,yes,true,true,true,false,false,true,true,true,true,true,true,dk,true,false,true,3,3,3,2,3,2,2,2,4,2,4,3,1,3,2,2,3,2,3,2,5,3,4,3,4,3,4,3,3,4,3,2,2,3,4,3,2,3,2,2,3,2,4,4,5,3,3,3,3,4,4,3,3,3,3,3,2,1,5,3,2,2,3,4,2,2,2,2,2,3,5,4,4,4,3,4,3,4,3,2,rarely,sometimes,rarely,often,rarely,always,often,often,always,always,always,often,available,available,partial,not_available,partial,available,available,available,available,available,available,available,available,not_available,available,not_available,available,available,not_available,not_available,yes,no,yes,no,dk,yes,no,yes,no,yes,no,no,no,yes,yes,4,3,5,4,3,4,2,2,3,4,4,2,3,4,5,Insufficient refresher training and supervision,"Training materials, PPE and cleaning supplies",Conduct routine IPC audits and communicate findings to staff.,Staff understand IPC but workload can affect compliance.
R0569,yes,18_24,female,doctor,hnd,lt1,1_5,inpatient,primary,rural,yes,gt2y,no,true,true,true,false,false,true,false,true,true,dk,true,true,true,false,true,3,3,4,2,4,2,3,4,4,3,5,3,2,4,2,3,3,3,3,3,2,3,3,3,3,4,1,1,2,1,3,2,3,1,3,2,2,3,3,3,3,2,3,4,3,1,1,1,2,3,3,3,4,3,4,4,3,4,2,3,3,3,3,5,3,5,3,4,3,2,3,3,3,3,2,2,3,2,3,4,rarely,never,rarely,never,never,sometimes,never,never,sometimes,rarely,rarely,rarely,partial,available,available,available,available,available,available,available,available,available,available,available,partial,available,partial,available,partial,partial,available,partial,dk,yes,yes,no,no,yes,yes,yes,yes,yes,yes,yes,dk,yes,yes,2,3,1,2,3,2,4,4,3,3,1,2,3,1,2,Limited isolation and waste-management infrastructure,"PPE, alcohol-based hand rub and isolation space",Maintain emergency PPE stocks and strengthen referral and notification procedures.,Water supply and PPE availability should be maintained consistently.
R0570,yes,35_44,male,nurse_midwife,bachelor,11_15,6_10,paediatric,secondary,urban,yes,gt2y,no,false,dk,dk,false,dk,dk,true,false,true,true,dk,false,false,dk,dk,4,3,3,4,5,3,3,3,5,5,4,5,3,2,4,4,3,4,5,4,3,4,3,4,4,3,4,4,4,4,4,4,3,3,4,4,3,3,3,2,3,3,4,2,3,4,2,3,3,4,2,4,5,3,2,2,2,2,4,4,3,3,3,3,3,3,4,3,2,3,2,3,4,3,5,2,3,4,4,4,sometimes,sometimes,often,rarely,sometimes,often,sometimes,often,always,sometimes,sometimes,sometimes,available,available,available,available,available,available,partial,available,available,partial,available,available,partial,available,not_available,available,available,partial,available,available,no,no,yes,yes,yes,no,no,no,yes,dk,dk,no,dk,yes,yes,4,2,2,4,3,3,2,2,3,2,4,2,3,2,2,Limited water and hand-hygiene supplies,"PPE, hand-hygiene supplies and running water","Provide a functional isolation area, clear SOPs and regular supervision.",Water supply and PPE availability should be maintained consistently.
R0571,yes,45_54,female,chew,diploma,1_5,6_10,inpatient,primary,urban,no,unknown,yes,true,false,true,false,false,true,true,true,dk,false,true,true,true,false,true,5,3,4,5,5,3,4,3,5,5,4,2,3,4,4,2,3,5,4,5,3,2,2,3,3,4,3,3,2,4,3,2,3,3,2,4,3,1,4,4,3,2,3,2,2,4,4,3,3,2,1,4,3,2,2,3,2,3,2,3,1,4,4,2,2,1,3,2,2,3,3,3,2,3,1,4,2,1,2,2,always,always,often,sometimes,often,often,sometimes,sometimes,often,rarely,always,often,available,available,available,available,partial,available,not_available,available,not_available,available,available,available,not_available,not_available,partial,available,available,available,not_available,available,yes,yes,yes,yes,yes,yes,yes,dk,no,yes,no,yes,dk,yes,no,5,3,4,2,3,4,4,4,4,3,5,4,3,4,3,Inconsistent PPE availability,"Gloves, masks, disinfectants and waste bins","Provide a functional isolation area, clear SOPs and regular supervision.",The facility needs stronger supervision and refresher training.
R0572,yes,25_34,female,lab,bachelor,11_15,1_5,laboratory,primary,semiurban,no,unknown,yes,false,dk,true,dk,true,true,dk,true,dk,true,true,true,true,true,false,4,3,2,3,3,3,4,4,3,3,3,3,3,3,3,4,4,3,5,4,4,3,3,3,4,4,5,5,5,3,3,3,3,3,5,3,4,4,4,4,2,4,4,3,3,2,2,3,2,2,3,3,3,4,3,5,3,4,4,4,3,3,3,4,1,3,2,3,4,3,1,3,3,1,3,4,2,3,4,2,often,often,sometimes,sometimes,often,always,sometimes,often,sometimes,rarely,often,often,available,available,available,available,available,available,available,available,partial,available,available,not_available,available,unknown,available,available,available,available,available,not_available,yes,no,yes,yes,no,no,no,yes,yes,yes,yes,yes,dk,no,dk,3,2,4,2,3,4,4,4,4,4,4,4,3,4,4,Limited water and hand-hygiene supplies,"Gloves, masks, disinfectants and waste bins",Conduct regular IPC and Lassa fever refresher training and outbreak drills.,Regular monitoring and adequate supplies would improve compliance.
R0573,yes,25_34,female,lab,certificate,6_10,1_5,maternity,primary,rural,yes,6m,no,true,true,false,false,false,true,true,true,true,true,false,true,true,false,true,2,3,2,3,4,4,3,3,4,2,3,3,3,3,3,1,2,2,3,3,4,3,4,4,2,4,3,4,2,3,3,3,3,4,2,3,3,2,3,2,2,3,1,5,2,3,1,4,2,3,2,3,3,2,3,3,2,5,2,3,3,2,2,2,4,3,2,3,3,2,4,3,5,2,2,3,4,1,3,2,na,always,na,always,often,often,often,often,sometimes,sometimes,always,always,available,available,available,not_available,available,available,not_available,partial,available,available,unknown,available,not_available,partial,available,available,available,available,not_available,not_available,no,no,dk,dk,yes,dk,yes,no,yes,dk,yes,dk,no,dk,no,4,4,2,2,3,4,4,3,4,2,4,4,3,2,2,Limited water and hand-hygiene supplies,"Gloves, masks, disinfectants and waste bins",Conduct routine IPC audits and communicate findings to staff.,Regular monitoring and adequate supplies would improve compliance.
R0574,yes,35_44,male,cho,diploma,gt15,1_5,environmental,secondary,rural,yes,1_2y,yes,true,dk,true,false,false,true,true,true,true,true,true,true,true,false,true,3,2,3,1,3,2,3,3,1,3,1,3,5,4,3,3,3,3,2,4,2,3,2,3,2,3,3,2,2,2,2,1,2,1,2,2,2,4,3,2,2,4,4,3,3,5,4,2,3,2,2,3,1,4,3,3,3,4,2,2,3,4,3,3,4,4,4,3,3,4,4,5,5,5,4,3,3,4,3,3,rarely,sometimes,often,sometimes,often,sometimes,rarely,rarely,rarely,sometimes,rarely,never,partial,not_available,available,not_available,partial,available,partial,available,available,available,available,available,partial,not_available,not_available,partial,available,available,available,partial,yes,no,yes,yes,yes,yes,yes,yes,no,yes,no,yes,yes,yes,no,3,1,3,4,4,4,3,3,1,3,3,2,2,2,3,Limited water and hand-hygiene supplies,"PPE, hand-hygiene supplies and running water",Conduct regular IPC and Lassa fever refresher training and outbreak drills.,Water supply and PPE availability should be maintained consistently.
R0575,yes,55_plus,female,chew,bachelor,6_10,lt1,theatre,primary,rural,yes,1_2y,yes,true,true,true,false,false,true,true,true,dk,true,true,true,true,false,true,4,3,2,5,3,3,2,2,4,4,4,4,3,3,2,4,2,3,4,3,2,4,4,2,4,5,3,5,3,4,3,5,2,3,4,3,3,5,3,3,3,2,3,4,4,3,2,2,2,4,1,3,2,3,3,3,3,4,2,2,2,3,2,4,3,5,2,3,5,3,2,3,2,3,2,3,5,3,2,4,often,sometimes,often,often,never,sometimes,sometimes,often,sometimes,often,sometimes,often,available,available,not_available,available,available,available,partial,available,available,available,unknown,available,partial,available,unknown,not_available,available,partial,available,not_available,yes,yes,no,no,yes,no,yes,yes,no,dk,no,dk,no,no,yes,3,3,2,3,3,2,2,2,5,3,4,2,2,2,3,Limited water and hand-hygiene supplies,"Gloves, masks, disinfectants and waste bins",Conduct routine IPC audits and communicate findings to staff.,Regular monitoring and adequate supplies would improve compliance.
R0576,yes,35_44,female,attendant,hnd,gt15,1_5,inpatient,primary,rural,no,unknown,no,false,true,true,false,false,dk,false,false,true,true,false,false,dk,false,true,4,3,2,4,3,2,4,2,3,3,3,2,2,1,3,2,3,2,2,1,2,3,5,4,3,3,3,1,1,5,2,3,3,3,3,2,4,3,2,1,3,3,2,3,4,1,3,3,1,4,2,4,3,3,4,3,3,2,4,3,3,3,3,2,1,3,1,2,3,2,3,2,2,2,3,2,3,1,1,3,sometimes,often,often,always,often,rarely,always,always,sometimes,often,often,sometimes,available,partial,partial,available,partial,available,not_available,available,available,not_available,partial,partial,not_available,available,partial,partial,partial,not_available,available,available,yes,yes,dk,yes,dk,yes,yes,yes,no,dk,yes,no,yes,yes,yes,3,3,3,3,2,4,3,3,5,5,3,4,3,3,4,Availability of IPC supplies and management support,"PPE, alcohol-based hand rub and isolation space",Maintain emergency PPE stocks and strengthen referral and notification procedures.,More practical outbreak drills and feedback would be useful.
R0577,yes,55_plus,male,nurse_midwife,bachelor,6_10,11_15,laboratory,secondary,urban,no,unknown,no,true,true,false,false,false,true,dk,true,false,true,true,true,false,dk,true,3,4,4,5,5,4,3,3,4,4,3,3,4,4,3,5,4,4,2,5,4,4,3,4,3,1,4,3,3,4,5,2,2,3,3,4,2,3,3,3,4,4,3,4,4,4,3,4,3,4,4,3,4,1,1,2,3,1,3,5,5,4,3,5,4,5,4,3,2,4,4,4,4,5,5,5,5,5,4,5,always,sometimes,sometimes,sometimes,rarely,often,rarely,often,rarely,sometimes,sometimes,often,not_available,partial,available,available,available,partial,available,available,partial,available,available,available,partial,not_available,available,partial,partial,not_available,available,available,no,no,yes,no,no,yes,dk,yes,yes,dk,yes,no,yes,yes,yes,3,2,4,1,4,2,2,2,2,4,2,4,2,2,3,Inconsistent PPE availability,"Training materials, PPE and cleaning supplies","Provide a functional isolation area, clear SOPs and regular supervision.",Water supply and PPE availability should be maintained consistently.
R0578,yes,35_44,female,attendant,hnd,6_10,1_5,community,primary,urban,yes,1_2y,yes,true,true,true,false,true,true,true,true,true,false,true,true,true,false,true,3,2,3,4,3,2,3,3,2,4,3,3,2,4,3,2,2,5,4,3,2,5,1,2,3,4,2,5,4,3,4,5,3,2,3,4,3,1,2,4,4,2,5,4,4,4,4,2,3,3,2,4,1,4,4,3,2,3,3,3,2,2,3,4,2,2,2,2,2,4,1,2,2,3,2,3,2,2,2,2,rarely,rarely,rarely,sometimes,often,rarely,rarely,often,rarely,sometimes,sometimes,rarely,available,available,available,not_available,partial,available,not_available,available,not_available,available,available,partial,available,available,available,available,available,available,not_available,available,yes,no,no,yes,dk,dk,dk,yes,yes,yes,no,no,no,no,dk,2,3,2,3,4,3,3,2,3,4,3,4,4,2,4,High workload and inadequate staffing,"PPE, alcohol-based hand rub and isolation space","Provide a functional isolation area, clear SOPs and regular supervision.",More practical outbreak drills and feedback would be useful.
R0579,yes,35_44,female,jchew,diploma,1_5,1_5,opd,primary,semiurban,yes,6m,no,true,dk,false,false,true,false,false,dk,true,true,true,true,false,false,true,2,4,3,2,5,3,4,2,3,1,3,4,2,4,2,2,3,2,2,3,3,2,1,2,1,1,2,3,2,3,3,2,3,2,2,2,2,2,1,3,1,2,2,2,3,3,3,3,4,3,3,2,3,2,4,1,2,4,2,3,2,1,3,3,4,3,3,4,2,3,4,4,5,3,3,3,4,4,2,1,often,often,always,na,sometimes,often,often,sometimes,sometimes,often,often,sometimes,available,available,partial,available,available,available,not_available,available,available,available,available,partial,available,partial,partial,partial,available,available,not_available,available,yes,yes,yes,yes,yes,no,yes,yes,yes,no,no,yes,yes,dk,dk,3,3,3,3,3,3,2,3,3,3,2,3,4,4,3,Limited water and hand-hygiene supplies,"PPE, hand-hygiene supplies and running water","Provide a functional isolation area, clear SOPs and regular supervision.",Water supply and PPE availability should be maintained consistently.
R0580,yes,35_44,male,cho,bachelor,1_5,lt1,inpatient,secondary,rural,yes,gt2y,no,true,true,true,false,false,true,false,true,dk,true,true,true,true,false,false,2,4,3,1,3,4,3,3,2,3,3,2,1,3,2,2,2,3,3,3,3,2,3,4,2,3,2,2,4,4,2,3,1,3,1,4,5,2,2,3,1,3,3,1,2,2,2,2,4,2,3,3,3,3,1,3,3,5,3,3,2,2,1,5,2,3,3,3,2,2,1,4,1,4,3,3,1,3,2,3,sometimes,sometimes,often,sometimes,often,sometimes,sometimes,never,sometimes,sometimes,sometimes,sometimes,available,available,available,available,available,available,available,partial,available,available,not_available,available,partial,not_available,partial,available,available,not_available,available,available,yes,dk,no,yes,yes,no,no,no,yes,yes,no,dk,no,yes,yes,2,2,3,2,2,5,2,2,2,2,3,3,1,3,3,High workload and inadequate staffing,"Gloves, masks, disinfectants and waste bins",Maintain emergency PPE stocks and strengthen referral and notification procedures.,More practical outbreak drills and feedback would be useful.
R0581,yes,45_54,female,chew,diploma,lt1,1_5,environmental,secondary,urban,yes,gt2y,yes,false,false,true,false,true,false,false,false,dk,false,dk,true,true,true,false,3,2,2,2,4,4,2,3,3,2,4,3,4,4,3,4,3,3,2,3,1,2,2,2,2,2,2,3,5,3,2,5,2,4,3,2,4,1,4,2,4,2,2,4,2,3,3,3,1,3,2,4,3,4,2,3,3,3,4,3,4,4,5,3,3,4,2,4,2,3,4,3,3,4,3,3,4,3,2,4,always,sometimes,often,often,rarely,often,sometimes,rarely,sometimes,rarely,often,sometimes,partial,available,partial,not_available,available,available,available,available,unknown,available,available,available,available,partial,not_available,available,available,available,available,partial,yes,yes,dk,yes,yes,yes,dk,no,yes,dk,yes,no,no,yes,yes,2,2,5,3,1,3,4,4,3,4,2,3,4,3,3,High workload and inadequate staffing,"PPE, alcohol-based hand rub and isolation space",Conduct regular IPC and Lassa fever refresher training and outbreak drills.,The facility needs stronger supervision and refresher training.
R0582,yes,35_44,female,pharmacy,bachelor,lt1,lt1,laboratory,primary,urban,yes,gt2y,yes,true,true,false,false,false,true,true,true,true,true,true,true,true,false,true,2,2,2,2,3,2,2,3,2,3,2,4,5,3,2,3,2,3,3,3,2,2,2,2,2,1,2,1,4,2,3,2,3,2,2,2,3,4,3,4,4,3,1,3,3,2,4,2,3,3,3,2,3,3,2,5,4,2,2,5,2,1,3,1,1,2,4,3,3,2,1,2,3,3,3,1,2,1,2,3,rarely,rarely,rarely,sometimes,always,na,often,rarely,often,sometimes,sometimes,rarely,available,available,available,not_available,available,partial,available,available,partial,available,available,available,available,available,not_available,not_available,available,partial,not_available,not_available,yes,yes,yes,yes,yes,yes,yes,dk,dk,yes,no,yes,no,no,yes,2,1,2,1,1,2,1,2,3,2,1,2,2,3,1,High workload and inadequate staffing,"PPE, hand-hygiene supplies and running water","Improve water, sanitation, waste management and PPE availability.",Water supply and PPE availability should be maintained consistently.
R0583,yes,45_54,female,chew,master,lt1,1_5,opd,primary,rural,no,unknown,yes,true,true,true,false,true,true,true,true,true,true,true,true,true,false,true,3,4,5,3,3,3,3,4,5,4,5,5,5,5,3,4,4,3,5,4,3,1,3,4,3,4,3,3,2,4,3,3,2,3,3,3,3,4,2,3,3,2,2,4,2,4,2,3,4,2,3,4,4,1,3,1,4,2,3,3,2,1,4,4,3,2,3,2,2,4,4,5,4,3,3,4,3,4,4,3,often,sometimes,sometimes,often,often,sometimes,often,sometimes,sometimes,always,often,sometimes,available,available,available,available,available,not_available,available,available,available,available,available,available,available,partial,partial,partial,available,partial,partial,partial,no,no,dk,yes,yes,yes,yes,yes,yes,dk,yes,no,dk,yes,yes,4,4,5,2,4,4,4,3,3,4,2,4,3,2,2,Insufficient refresher training and supervision,"PPE, alcohol-based hand rub and isolation space","Improve water, sanitation, waste management and PPE availability.",The facility needs stronger supervision and refresher training.
R0584,yes,35_44,male,nurse_midwife,diploma,6_10,1_5,other,primary,urban,yes,6m,no,true,true,false,false,true,true,true,true,true,true,true,true,true,false,true,3,4,3,3,3,3,4,2,4,4,3,3,4,4,4,2,3,4,3,4,1,1,2,2,3,2,3,2,3,2,2,4,1,3,3,2,3,2,2,3,1,2,3,2,3,3,5,3,3,4,3,3,4,2,4,3,3,3,4,5,3,2,3,5,4,4,5,2,3,3,4,3,4,1,4,4,3,3,2,3,sometimes,never,rarely,na,never,often,rarely,rarely,sometimes,often,always,sometimes,not_available,available,partial,available,available,available,available,not_available,not_available,partial,available,unknown,available,not_available,available,available,available,partial,not_available,partial,no,no,dk,yes,yes,yes,no,dk,no,dk,yes,no,yes,no,yes,4,3,3,5,4,5,2,2,2,3,5,4,2,2,3,Availability of IPC supplies and management support,"PPE, alcohol-based hand rub and isolation space","Improve water, sanitation, waste management and PPE availability.",Staff understand IPC but workload can affect compliance.
R0585,yes,25_34,female,cho,certificate,gt15,lt1,community,primary,rural,no,unknown,yes,true,true,true,false,false,true,true,true,true,true,true,true,true,true,dk,4,4,3,3,3,4,2,3,5,3,4,4,4,1,4,3,3,2,4,3,4,2,3,4,3,4,3,5,2,3,3,5,3,4,2,2,3,3,3,2,4,3,2,4,3,5,3,3,4,2,3,4,5,2,2,3,2,4,4,5,2,2,4,2,2,4,2,3,4,2,1,3,3,2,3,4,2,5,3,3,always,always,always,often,often,often,often,often,often,often,often,often,not_available,available,partial,available,not_available,available,not_available,available,available,partial,partial,available,available,available,available,available,available,available,partial,partial,no,no,yes,no,no,no,no,yes,yes,no,yes,yes,dk,no,no,2,2,3,3,3,3,3,1,4,3,3,2,3,3,1,Limited isolation and waste-management infrastructure,"PPE, hand-hygiene supplies and running water",Conduct regular IPC and Lassa fever refresher training and outbreak drills.,Staff understand IPC but workload can affect compliance.
R0586,yes,25_34,male,nurse_midwife,bachelor,1_5,1_5,opd,secondary,semiurban,no,unknown,no,false,true,true,false,false,false,true,false,dk,false,true,true,true,false,true,3,2,3,3,3,2,2,4,1,1,3,2,2,3,1,3,3,2,5,5,2,4,2,3,2,4,3,3,4,2,3,5,3,2,2,2,2,3,3,3,3,3,3,3,3,3,4,3,3,3,2,3,2,3,2,4,4,2,4,4,1,3,2,2,3,5,2,3,4,3,2,2,2,4,2,4,3,3,2,4,often,sometimes,always,often,often,sometimes,often,always,often,rarely,often,often,unknown,available,available,partial,available,available,available,available,partial,available,available,available,not_available,available,available,available,not_available,partial,not_available,not_available,yes,yes,no,yes,yes,yes,yes,no,no,no,no,no,yes,yes,yes,3,1,5,2,3,3,4,3,2,5,4,3,3,2,2,Limited water and hand-hygiene supplies,"Gloves, masks, disinfectants and waste bins",Conduct routine IPC audits and communicate findings to staff.,Regular monitoring and adequate supplies would improve compliance.
R0587,yes,25_34,female,other,diploma,gt15,1_5,emergency,secondary,urban,no,unknown,no,true,true,true,false,false,true,dk,true,dk,true,true,true,true,false,false,1,2,4,3,2,4,1,2,3,4,3,3,2,1,3,2,1,3,2,4,4,2,4,4,3,5,3,4,3,2,5,4,5,5,3,2,3,5,3,4,3,4,4,3,4,3,5,3,4,2,1,4,2,4,1,1,3,2,3,3,2,3,3,4,4,2,2,4,3,5,3,3,5,3,4,5,4,1,4,5,always,sometimes,sometimes,often,often,sometimes,sometimes,rarely,sometimes,often,sometimes,always,partial,available,available,available,partial,partial,available,not_available,partial,partial,available,available,not_available,available,available,not_available,unknown,partial,available,available,no,yes,dk,dk,no,no,yes,yes,no,dk,yes,no,no,dk,yes,2,3,2,1,4,3,4,2,3,3,4,4,2,4,3,Inconsistent PPE availability,"Training materials, PPE and cleaning supplies",Conduct regular IPC and Lassa fever refresher training and outbreak drills.,Staff understand IPC but workload can affect compliance.
R0588,yes,55_plus,male,chew,bachelor,1_5,lt1,theatre,primary,urban,no,unknown,yes,dk,true,true,false,false,dk,true,true,false,true,false,true,true,true,true,3,5,3,3,4,3,5,2,2,4,1,1,3,4,4,4,3,5,5,3,3,5,5,3,3,4,4,4,4,5,4,3,3,3,5,3,5,5,3,4,3,3,3,3,4,3,4,3,3,2,4,4,5,2,2,3,1,4,3,4,2,3,3,3,4,4,4,4,3,2,4,2,3,3,4,4,3,4,3,4,often,often,often,often,rarely,often,sometimes,sometimes,often,often,always,sometimes,available,available,not_available,partial,not_available,partial,not_available,available,partial,available,partial,available,not_available,available,not_available,partial,unknown,available,available,not_available,dk,no,yes,dk,yes,yes,yes,no,dk,yes,yes,yes,dk,yes,yes,4,3,2,4,4,3,1,3,3,3,3,5,2,4,1,Insufficient refresher training and supervision,"Training materials, PPE and cleaning supplies","Improve water, sanitation, waste management and PPE availability.",Water supply and PPE availability should be maintained consistently.
R0589,yes,35_44,female,cho,bachelor,gt15,lt1,maternity,secondary,rural,yes,7_12m,no,true,true,true,false,true,true,true,true,true,true,true,true,true,false,true,4,4,4,4,4,5,2,4,4,4,3,4,3,4,5,2,4,3,3,4,3,4,3,2,2,4,3,5,3,3,2,2,2,2,3,2,4,3,4,2,4,3,3,1,3,1,4,2,3,3,2,3,4,3,3,4,4,4,2,3,2,4,2,3,2,3,3,4,3,2,4,3,4,3,3,3,5,4,2,3,sometimes,often,sometimes,always,often,always,often,often,often,sometimes,often,sometimes,available,available,available,partial,available,not_available,available,available,available,available,available,partial,available,available,partial,available,available,available,available,unknown,yes,yes,yes,no,yes,no,no,no,yes,no,yes,yes,yes,yes,dk,4,3,2,2,3,4,3,2,3,2,4,4,5,3,3,Limited isolation and waste-management infrastructure,"Water, soap and sharps containers","Provide a functional isolation area, clear SOPs and regular supervision.",The facility needs stronger supervision and refresher training.
R0590,yes,55_plus,male,attendant,hnd,1_5,6_10,community,primary,semiurban,yes,unknown,yes,true,true,true,false,false,true,true,true,true,true,true,true,true,false,true,5,5,4,5,4,4,4,5,3,5,5,5,4,3,4,5,5,5,5,4,2,3,4,2,2,1,1,2,2,2,2,3,3,1,3,3,3,4,2,3,1,3,2,4,2,4,5,3,2,3,3,4,4,1,1,3,3,2,5,4,3,4,4,5,3,4,2,2,5,4,3,4,4,4,3,3,3,4,4,4,sometimes,na,na,often,often,often,often,sometimes,always,sometimes,often,often,available,available,available,partial,available,available,available,partial,available,available,not_available,available,partial,not_available,available,available,available,not_available,available,available,yes,yes,yes,no,yes,no,yes,yes,no,dk,no,no,dk,no,no,1,2,4,1,3,3,3,3,2,4,2,5,3,3,2,Limited isolation and waste-management infrastructure,"PPE, alcohol-based hand rub and isolation space",Maintain emergency PPE stocks and strengthen referral and notification procedures.,The facility needs stronger supervision and refresher training.
R0591,yes,25_34,female,nurse_midwife,master,6_10,11_15,inpatient,primary,semiurban,yes,6m,yes,true,true,true,false,false,true,true,dk,true,true,true,true,true,false,true,3,4,2,2,3,3,3,3,3,3,5,2,4,4,4,2,2,2,3,4,3,3,3,2,3,3,2,2,2,2,2,3,2,2,2,3,3,3,2,4,3,3,3,3,3,3,3,2,3,1,2,2,2,3,3,4,2,2,2,2,3,4,1,3,5,4,5,4,4,2,3,3,3,4,3,4,2,5,4,2,sometimes,rarely,sometimes,often,rarely,rarely,sometimes,rarely,sometimes,often,sometimes,rarely,available,available,available,not_available,available,available,partial,not_available,not_available,partial,available,available,available,available,not_available,available,available,partial,available,available,no,yes,yes,yes,yes,no,yes,yes,no,yes,no,no,no,yes,yes,3,2,2,3,3,4,4,2,3,2,3,3,5,3,1,Availability of IPC supplies and management support,"PPE, hand-hygiene supplies and running water",Conduct routine IPC audits and communicate findings to staff.,Regular monitoring and adequate supplies would improve compliance.
R0592,yes,25_34,female,cho,hnd,6_10,1_5,other,secondary,semiurban,yes,6m,no,true,false,true,false,false,true,true,true,false,true,true,true,true,false,true,4,2,3,3,4,4,3,3,2,3,2,5,4,2,2,3,4,3,4,3,1,3,3,1,1,2,3,2,2,3,1,1,3,1,2,3,1,2,3,3,1,2,3,3,2,4,3,3,4,5,3,3,3,2,3,4,4,4,3,3,1,3,2,3,3,3,2,1,2,1,3,3,3,1,3,1,2,2,2,1,sometimes,sometimes,sometimes,always,rarely,sometimes,sometimes,sometimes,often,rarely,rarely,sometimes,available,available,partial,available,available,available,available,not_available,available,available,partial,available,available,available,not_available,available,partial,available,available,available,yes,yes,yes,yes,yes,yes,yes,no,yes,yes,yes,yes,yes,yes,yes,3,2,3,2,3,2,2,3,4,3,1,3,3,1,3,Limited isolation and waste-management infrastructure,"Gloves, masks, disinfectants and waste bins","Improve water, sanitation, waste management and PPE availability.",The facility needs stronger supervision and refresher training.
R0593,yes,25_34,female,chew,bachelor,1_5,1_5,laboratory,primary,urban,no,unknown,no,dk,dk,false,false,false,true,true,true,true,false,false,true,dk,false,dk,3,3,4,4,2,3,3,4,3,3,4,3,4,4,3,3,4,4,3,5,3,5,5,5,3,4,4,5,3,4,4,3,4,4,4,3,4,4,3,5,4,3,5,4,3,4,2,4,3,4,5,3,3,2,1,2,4,3,2,5,3,2,5,3,3,1,2,4,1,2,3,3,2,3,4,3,3,1,2,1,rarely,always,sometimes,sometimes,often,often,often,sometimes,sometimes,often,sometimes,sometimes,available,not_available,partial,partial,available,available,available,partial,available,partial,partial,available,available,not_available,partial,not_available,partial,not_available,available,partial,yes,yes,yes,no,no,yes,yes,yes,yes,dk,dk,yes,no,yes,yes,4,2,3,3,2,2,4,4,3,3,4,2,2,2,2,Availability of IPC supplies and management support,"PPE, alcohol-based hand rub and isolation space",Maintain emergency PPE stocks and strengthen referral and notification procedures.,The facility needs stronger supervision and refresher training.
R0594,yes,45_54,female,lab,bachelor,6_10,1_5,environmental,primary,rural,no,unknown,yes,true,true,true,false,false,true,true,true,true,true,true,true,true,false,true,5,2,1,4,3,3,4,4,4,4,4,3,3,2,5,4,4,5,4,3,2,4,5,2,3,3,3,3,3,3,4,2,2,5,4,3,2,1,3,3,3,3,4,3,3,3,2,4,2,5,3,2,1,5,4,5,3,3,2,3,3,3,3,4,3,4,2,2,2,2,1,2,2,3,2,1,3,2,2,3,often,sometimes,rarely,often,always,sometimes,often,sometimes,rarely,often,rarely,always,partial,available,available,available,partial,available,partial,partial,not_available,available,partial,partial,not_available,available,available,available,available,available,available,available,no,no,yes,yes,yes,yes,yes,yes,yes,dk,yes,yes,dk,dk,dk,2,1,2,2,2,1,2,2,3,2,1,2,3,2,2,High workload and inadequate staffing,"PPE, hand-hygiene supplies and running water","Provide a functional isolation area, clear SOPs and regular supervision.",The facility needs stronger supervision and refresher training.
R0595,yes,35_44,male,chew,bachelor,1_5,1_5,opd,secondary,semiurban,no,unknown,yes,true,true,dk,true,false,true,true,true,false,false,true,false,true,dk,false,2,3,3,5,4,5,2,5,4,3,3,4,3,5,4,4,4,5,5,5,4,3,2,5,3,3,4,4,3,3,3,3,3,5,4,3,2,4,5,5,3,3,3,3,5,5,4,3,4,5,4,3,3,2,3,2,2,2,4,3,3,3,3,5,4,2,2,3,5,4,3,3,3,2,2,4,3,3,4,4,always,sometimes,sometimes,often,often,always,sometimes,rarely,always,often,often,always,available,available,available,not_available,available,available,available,available,available,available,available,available,not_available,not_available,available,available,available,not_available,available,available,no,no,yes,yes,yes,yes,no,yes,yes,dk,yes,no,no,yes,yes,4,4,3,4,3,1,3,3,3,2,5,2,3,4,3,Limited water and hand-hygiene supplies,"PPE, hand-hygiene supplies and running water","Improve water, sanitation, waste management and PPE availability.",Water supply and PPE availability should be maintained consistently.
R0596,yes,35_44,male,nurse_midwife,diploma,1_5,1_5,opd,secondary,rural,no,unknown,yes,true,dk,true,false,false,dk,false,false,dk,true,true,true,true,false,true,2,3,2,2,3,3,4,5,3,1,3,3,3,3,3,4,4,3,3,4,4,3,3,2,4,3,2,4,4,3,3,5,3,4,5,4,3,3,4,3,1,3,4,3,3,2,4,4,4,4,4,4,3,3,3,2,5,1,2,3,2,4,3,2,4,3,2,2,4,2,2,3,3,3,1,3,4,2,2,2,sometimes,often,sometimes,often,sometimes,rarely,sometimes,sometimes,often,often,often,sometimes,available,available,available,available,available,available,available,not_available,not_available,available,available,available,available,not_available,partial,available,available,not_available,available,available,yes,yes,no,yes,no,yes,yes,dk,yes,yes,no,no,yes,yes,no,2,2,4,2,3,4,4,2,3,2,4,3,3,2,5,Availability of IPC supplies and management support,"Water, soap and sharps containers","Improve water, sanitation, waste management and PPE availability.",Regular monitoring and adequate supplies would improve compliance.
R0597,yes,35_44,female,nurse_midwife,hnd,11_15,gt15,opd,primary,rural,yes,6m,no,true,dk,true,false,false,dk,true,dk,true,true,true,true,dk,false,true,3,2,5,4,3,3,3,2,3,2,2,2,2,5,2,3,2,3,2,2,4,3,3,3,3,3,4,3,2,3,3,3,3,5,3,2,4,2,2,2,2,3,4,5,4,4,3,3,3,3,4,4,2,2,2,4,2,3,2,5,2,2,2,2,2,3,3,3,2,3,3,1,3,3,3,3,4,2,1,5,often,sometimes,sometimes,sometimes,sometimes,often,sometimes,sometimes,sometimes,sometimes,always,often,available,available,partial,unknown,available,partial,available,available,available,available,partial,partial,available,not_available,not_available,partial,not_available,not_available,available,not_available,yes,yes,yes,yes,no,dk,no,yes,yes,no,dk,yes,yes,yes,yes,3,3,2,3,3,5,2,2,4,2,3,4,4,3,4,High workload and inadequate staffing,"PPE, alcohol-based hand rub and isolation space","Provide a functional isolation area, clear SOPs and regular supervision.",Regular monitoring and adequate supplies would improve compliance.
R0598,yes,25_34,female,chew,diploma,1_5,lt1,opd,primary,semiurban,yes,6m,no,false,false,dk,true,true,false,true,false,false,true,true,false,false,false,true,3,4,3,5,3,4,3,3,5,3,3,2,4,3,3,3,4,4,3,3,3,3,3,2,3,3,1,4,1,2,1,3,4,3,3,2,4,1,1,2,2,3,3,3,3,2,2,4,2,3,2,2,3,3,3,4,5,3,3,3,3,3,2,3,3,3,2,4,3,4,3,4,4,4,3,3,5,2,3,4,always,sometimes,sometimes,often,always,often,sometimes,often,sometimes,often,sometimes,sometimes,available,not_available,partial,available,available,available,available,not_available,partial,available,available,available,available,available,available,partial,available,available,available,available,no,yes,yes,yes,no,no,yes,yes,dk,no,yes,no,yes,no,yes,2,1,3,2,2,1,1,1,2,3,2,1,2,3,4,High workload and inadequate staffing,"Training materials, PPE and cleaning supplies",Conduct routine IPC audits and communicate findings to staff.,Regular monitoring and adequate supplies would improve compliance.
R0599,yes,35_44,male,nurse_midwife,diploma,6_10,1_5,emergency,secondary,urban,yes,1_2y,yes,false,dk,false,dk,dk,dk,false,false,false,false,false,false,false,false,false,3,5,3,4,2,5,2,5,4,5,3,2,3,3,4,5,5,5,3,2,5,3,4,3,4,3,2,3,4,4,4,4,4,3,2,4,2,3,1,4,4,1,3,3,2,3,4,2,3,4,3,3,3,3,1,2,3,4,2,3,4,4,4,1,2,3,4,4,3,5,2,3,3,1,4,2,5,3,2,2,often,rarely,often,often,sometimes,na,often,often,never,sometimes,rarely,often,available,partial,available,available,partial,available,available,available,available,available,available,available,available,available,available,available,available,available,available,available,yes,dk,yes,yes,yes,yes,no,no,no,dk,no,yes,no,yes,no,3,2,1,3,2,2,1,1,3,3,2,2,2,4,3,Insufficient refresher training and supervision,"Gloves, masks, disinfectants and waste bins","Provide a functional isolation area, clear SOPs and regular supervision.",Water supply and PPE availability should be maintained consistently.
R0600,yes,25_34,female,chew,master,11_15,1_5,opd,primary,urban,yes,6m,no,dk,true,true,false,dk,true,true,true,true,true,true,true,false,false,false,2,3,2,4,2,4,4,4,4,3,3,4,2,3,4,3,4,3,5,4,3,3,3,5,4,5,2,3,3,1,3,3,4,3,2,2,3,4,3,1,3,3,2,5,3,3,2,4,4,2,2,3,4,3,4,2,2,3,3,3,2,4,3,3,3,3,3,3,2,5,3,4,2,2,3,3,5,4,4,2,rarely,rarely,rarely,often,rarely,often,often,sometimes,rarely,always,sometimes,often,partial,available,available,partial,available,available,available,available,not_available,available,partial,available,partial,partial,not_available,not_available,available,available,available,available,yes,no,no,yes,yes,yes,yes,yes,no,yes,yes,yes,no,dk,dk,3,2,4,3,3,3,2,2,3,2,3,3,4,3,4,High workload and inadequate staffing,"Gloves, masks, disinfectants and waste bins",Maintain emergency PPE stocks and strengthen referral and notification procedures.,The facility needs stronger supervision and refresher training.
R0601,yes,45_54,female,attendant,certificate,gt15,lt1,emergency,primary,urban,yes,6m,yes,false,true,true,false,false,false,true,dk,true,true,true,true,true,false,true,2,3,4,5,4,3,4,3,4,2,3,2,3,4,2,2,3,4,3,5,4,2,4,4,2,2,4,4,3,3,2,2,3,2,3,2,3,4,3,1,3,4,4,3,4,1,2,2,3,1,4,2,1,4,4,2,4,3,2,2,3,4,3,3,3,3,4,3,4,5,3,4,3,2,3,2,3,1,4,3,sometimes,always,often,always,often,often,often,always,often,sometimes,always,often,not_available,available,available,not_available,not_available,available,partial,available,partial,available,available,not_available,not_available,available,available,not_available,unknown,unknown,not_available,available,no,yes,no,yes,yes,no,dk,no,no,dk,yes,yes,dk,yes,yes,3,1,4,3,2,4,3,3,3,2,3,2,4,3,3,Availability of IPC supplies and management support,"Training materials, PPE and cleaning supplies",Conduct routine IPC audits and communicate findings to staff.,Regular monitoring and adequate supplies would improve compliance.
R0602,yes,35_44,female,lab,bachelor,1_5,6_10,opd,primary,urban,yes,6m,yes,true,true,true,true,false,true,true,true,true,true,true,true,true,false,true,5,4,4,4,3,4,5,3,4,2,3,4,4,4,3,2,4,4,4,2,2,3,2,4,2,3,4,3,1,4,5,4,4,2,3,2,4,1,2,3,2,3,2,2,3,3,1,2,2,4,2,2,1,4,4,3,3,5,3,2,3,1,2,3,5,4,4,3,3,3,3,3,3,4,2,3,4,3,3,2,often,often,always,sometimes,always,always,sometimes,always,often,always,often,always,partial,available,available,available,available,available,available,not_available,not_available,available,available,available,partial,partial,available,available,not_available,partial,available,not_available,yes,yes,yes,yes,yes,yes,dk,yes,yes,yes,yes,no,dk,yes,dk,4,5,4,5,3,4,3,3,4,2,4,4,3,4,2,Inconsistent PPE availability,"Gloves, masks, disinfectants and waste bins","Provide a functional isolation area, clear SOPs and regular supervision.",Regular monitoring and adequate supplies would improve compliance.
R0603,yes,45_54,male,cho,master,gt15,1_5,environmental,primary,rural,no,unknown,yes,true,true,true,false,false,true,true,true,false,true,true,true,true,false,true,5,4,4,5,3,5,4,4,4,3,4,4,4,5,5,4,4,5,4,5,2,2,2,2,3,4,3,4,2,1,4,3,4,4,2,3,4,2,1,4,3,2,1,3,2,4,2,4,4,2,2,4,5,4,2,3,2,1,3,4,1,3,4,3,2,2,2,3,4,4,4,4,5,4,2,5,4,2,1,4,often,sometimes,rarely,rarely,often,often,sometimes,rarely,often,sometimes,rarely,sometimes,available,available,available,partial,partial,available,partial,available,available,available,partial,not_available,available,available,not_available,available,available,available,available,partial,no,dk,yes,yes,yes,yes,yes,yes,yes,dk,no,yes,dk,no,no,4,5,5,3,3,2,3,4,4,2,3,3,5,4,4,Insufficient refresher training and supervision,"PPE, alcohol-based hand rub and isolation space",Maintain emergency PPE stocks and strengthen referral and notification procedures.,More practical outbreak drills and feedback would be useful.
R0604,yes,25_34,female,nurse_midwife,doctorate,6_10,lt1,maternity,primary,urban,yes,1_2y,yes,true,true,true,dk,false,false,true,true,dk,true,false,true,true,false,true,4,5,5,5,4,2,4,4,4,4,5,4,4,5,2,2,5,4,3,4,2,4,3,4,3,2,3,2,2,3,1,3,5,3,2,4,3,3,2,4,3,1,3,3,2,4,5,5,4,5,3,4,4,4,3,2,3,3,4,3,3,3,3,3,5,3,3,5,2,4,2,4,4,2,3,3,4,2,2,3,often,sometimes,often,sometimes,often,often,sometimes,often,often,na,sometimes,sometimes,partial,partial,available,partial,available,partial,available,partial,available,not_available,partial,available,available,available,not_available,not_available,available,available,available,available,yes,dk,yes,yes,yes,yes,yes,yes,yes,yes,no,yes,no,dk,dk,5,3,2,2,4,3,3,4,5,4,4,2,4,3,4,Insufficient refresher training and supervision,"Gloves, masks, disinfectants and waste bins",Conduct regular IPC and Lassa fever refresher training and outbreak drills.,The facility needs stronger supervision and refresher training.
R0605,yes,25_34,male,jchew,master,1_5,lt1,laboratory,primary,urban,no,unknown,no,true,false,true,false,false,true,true,dk,false,true,true,false,true,false,true,2,2,1,4,3,3,2,3,2,4,5,2,3,3,3,4,2,2,2,3,3,3,3,3,3,4,3,1,2,3,3,4,2,2,3,3,3,4,3,3,3,4,3,2,2,3,3,3,3,4,1,4,3,2,4,4,2,3,3,4,2,3,1,4,2,1,2,2,2,2,2,2,2,3,3,2,1,2,3,3,often,often,often,rarely,always,sometimes,sometimes,often,sometimes,often,often,na,available,available,partial,available,available,unknown,available,not_available,not_available,available,available,available,available,available,not_available,not_available,partial,partial,not_available,not_available,yes,yes,yes,no,yes,yes,no,yes,no,dk,yes,no,no,yes,yes,4,3,3,3,2,5,5,3,3,2,4,3,4,3,1,Limited water and hand-hygiene supplies,"PPE, alcohol-based hand rub and isolation space",Conduct regular IPC and Lassa fever refresher training and outbreak drills.,More practical outbreak drills and feedback would be useful.
R0606,yes,35_44,female,nurse_midwife,certificate,gt15,6_10,other,primary,rural,yes,7_12m,no,true,true,true,true,false,true,true,true,false,true,true,true,true,false,true,4,3,5,3,4,5,4,4,3,5,3,2,4,3,5,4,3,4,5,5,3,5,3,4,3,5,4,3,2,4,3,3,5,3,4,5,3,5,5,4,3,5,5,4,3,2,4,5,4,3,2,5,2,2,2,2,3,1,3,5,2,3,4,2,5,3,4,3,4,3,2,3,3,2,4,4,4,1,4,4,sometimes,sometimes,sometimes,often,often,often,often,often,sometimes,always,sometimes,sometimes,available,available,partial,partial,available,available,partial,partial,partial,partial,not_available,available,not_available,available,available,not_available,available,not_available,available,available,yes,yes,no,no,yes,no,yes,yes,yes,no,no,no,yes,yes,yes,4,3,4,4,3,3,4,3,3,3,4,2,4,3,2,Limited water and hand-hygiene supplies,"Water, soap and sharps containers",Conduct regular IPC and Lassa fever refresher training and outbreak drills.,More practical outbreak drills and feedback would be useful.
R0607,yes,45_54,male,nurse_midwife,bachelor,11_15,6_10,community,primary,urban,yes,7_12m,no,true,true,true,dk,false,true,true,true,true,true,true,true,true,false,true,4,3,2,3,4,2,4,4,4,4,5,4,3,3,5,3,3,3,2,5,4,2,2,3,3,3,4,5,2,3,4,4,3,3,4,2,3,5,3,2,3,2,3,3,3,1,4,4,5,3,5,4,3,1,4,2,4,2,3,1,3,5,2,3,2,4,3,4,3,4,5,3,3,4,2,3,3,2,3,3,sometimes,sometimes,often,often,often,sometimes,often,often,sometimes,sometimes,often,sometimes,available,available,available,available,available,unknown,available,available,available,available,not_available,partial,partial,available,not_available,available,partial,available,available,not_available,no,yes,yes,yes,dk,no,yes,dk,yes,no,yes,yes,yes,yes,yes,3,2,2,2,3,4,3,3,3,3,3,3,3,3,3,Availability of IPC supplies and management support,"Water, soap and sharps containers",Conduct regular IPC and Lassa fever refresher training and outbreak drills.,Staff understand IPC but workload can affect compliance.
R0608,yes,25_34,female,jchew,diploma,1_5,6_10,maternity,primary,urban,yes,6m,no,dk,false,false,false,false,true,true,true,dk,true,true,false,false,dk,true,3,3,3,4,3,3,3,2,5,3,1,1,3,3,2,3,2,3,3,2,3,1,4,2,4,3,3,4,3,3,3,3,3,2,1,3,3,3,3,3,4,3,4,4,4,3,5,3,2,3,3,5,4,1,2,2,2,1,3,4,2,2,4,3,3,2,3,3,2,3,2,3,1,3,2,3,2,2,4,3,rarely,sometimes,often,often,always,often,often,often,sometimes,always,always,sometimes,available,available,not_available,not_available,available,available,available,partial,available,unknown,available,not_available,partial,partial,available,not_available,available,available,not_available,not_available,no,dk,yes,yes,dk,no,no,yes,yes,dk,yes,no,dk,no,yes,2,1,3,2,1,2,1,4,2,3,3,2,3,2,3,Inconsistent PPE availability,"Water, soap and sharps containers","Provide a functional isolation area, clear SOPs and regular supervision.",Water supply and PPE availability should be maintained consistently.
R0609,yes,55_plus,female,nurse_midwife,master,6_10,1_5,opd,secondary,semiurban,yes,6m,yes,true,false,true,false,false,true,true,false,true,false,dk,true,dk,false,false,5,3,2,2,3,4,5,3,3,3,5,2,3,3,5,5,4,4,3,3,5,3,3,4,2,4,4,4,2,3,4,3,4,4,3,5,5,5,5,2,2,4,3,3,3,3,4,5,4,4,5,4,2,2,3,3,1,2,4,5,4,4,3,2,3,3,2,3,2,3,1,3,4,5,4,3,3,2,4,4,rarely,sometimes,rarely,sometimes,sometimes,often,often,rarely,rarely,sometimes,sometimes,sometimes,available,partial,unknown,available,not_available,available,not_available,available,available,available,available,partial,not_available,available,not_available,partial,available,available,not_available,available,yes,no,yes,dk,no,yes,no,no,yes,dk,yes,yes,dk,dk,no,3,2,2,3,4,3,3,2,3,3,4,1,3,3,3,Inconsistent PPE availability,"Water, soap and sharps containers",Conduct regular IPC and Lassa fever refresher training and outbreak drills.,More practical outbreak drills and feedback would be useful.
R0610,yes,35_44,female,cho,diploma,1_5,1_5,opd,primary,semiurban,yes,gt2y,yes,true,true,true,false,false,true,true,true,false,true,true,true,true,false,true,1,2,1,3,1,3,4,1,4,2,3,3,2,2,2,4,4,3,3,2,4,4,4,5,5,3,5,5,3,3,4,4,4,2,5,3,4,5,3,3,3,2,4,3,5,5,2,2,3,2,3,4,3,3,3,3,2,5,4,2,4,3,3,4,3,3,3,2,3,2,4,1,2,2,1,4,2,2,3,3,always,often,always,sometimes,sometimes,always,often,often,sometimes,often,always,often,partial,available,available,not_available,partial,partial,partial,not_available,available,partial,not_available,not_available,available,available,not_available,available,available,not_available,unknown,not_available,dk,yes,dk,yes,no,no,yes,yes,no,no,yes,yes,yes,dk,yes,2,1,3,2,2,3,2,2,4,5,4,3,1,3,1,Availability of IPC supplies and management support,"PPE, hand-hygiene supplies and running water","Improve water, sanitation, waste management and PPE availability.",Staff understand IPC but workload can affect compliance.
R0611,yes,35_44,female,nurse_midwife,diploma,gt15,1_5,opd,primary,semiurban,no,unknown,no,true,true,true,false,false,true,true,true,true,true,true,true,true,false,true,3,4,3,5,3,5,3,3,4,5,3,3,3,2,2,1,3,4,4,4,3,3,1,2,1,4,3,4,3,1,3,3,3,3,3,2,1,3,2,3,3,3,4,1,3,4,2,2,2,2,3,3,3,4,2,3,4,2,3,2,2,2,3,2,2,1,3,2,4,2,3,1,2,2,1,2,3,2,2,3,rarely,sometimes,often,rarely,never,sometimes,sometimes,sometimes,sometimes,rarely,rarely,sometimes,not_available,partial,available,not_available,partial,available,partial,available,available,available,available,partial,not_available,not_available,available,available,available,available,available,available,no,yes,no,yes,yes,no,no,no,yes,no,yes,yes,yes,no,yes,1,4,2,1,4,3,2,2,3,2,2,1,1,2,3,High workload and inadequate staffing,"PPE, alcohol-based hand rub and isolation space",Maintain emergency PPE stocks and strengthen referral and notification procedures.,More practical outbreak drills and feedback would be useful.
R0612,yes,25_34,male,chew,hnd,6_10,1_5,inpatient,primary,rural,yes,1_2y,no,true,true,true,false,false,true,true,true,dk,true,true,true,true,false,true,4,4,5,3,3,4,3,4,1,4,3,3,4,3,3,5,4,5,4,5,2,5,3,5,3,5,4,3,5,3,4,5,4,5,4,4,3,4,4,4,3,4,4,4,5,4,4,3,2,3,3,3,3,3,5,3,2,4,3,3,3,3,4,4,2,3,3,2,2,2,3,2,3,3,3,3,3,4,3,4,often,often,always,often,often,often,often,always,rarely,always,often,often,partial,available,available,available,available,available,available,not_available,available,not_available,available,not_available,available,available,available,available,available,available,available,not_available,yes,dk,yes,yes,yes,yes,yes,yes,yes,yes,dk,yes,dk,yes,no,4,4,3,3,4,3,4,3,4,4,3,4,4,4,3,Limited isolation and waste-management infrastructure,"PPE, hand-hygiene supplies and running water","Improve water, sanitation, waste management and PPE availability.",Water supply and PPE availability should be maintained consistently.
R0613,yes,35_44,female,nurse_midwife,master,1_5,6_10,community,primary,rural,yes,gt2y,no,false,true,true,false,true,true,true,true,true,true,true,true,true,false,true,3,3,2,3,3,3,3,3,1,4,2,3,4,2,2,3,4,3,2,3,2,3,2,3,4,4,2,1,2,4,3,4,1,2,3,2,3,3,2,4,2,3,1,3,1,2,4,2,3,3,4,4,2,3,3,3,4,4,2,4,4,3,3,3,3,1,1,4,3,3,3,4,2,3,3,4,2,2,3,3,sometimes,rarely,sometimes,sometimes,sometimes,rarely,rarely,sometimes,sometimes,often,sometimes,rarely,available,available,partial,partial,available,not_available,not_available,available,partial,not_available,not_available,partial,not_available,partial,partial,available,partial,partial,not_available,not_available,yes,yes,yes,no,yes,yes,dk,yes,yes,dk,yes,yes,no,yes,no,2,3,3,4,3,3,4,2,3,3,3,4,2,3,3,Limited isolation and waste-management infrastructure,"Water, soap and sharps containers",Conduct routine IPC audits and communicate findings to staff.,The facility needs stronger supervision and refresher training.
R0614,yes,35_44,female,attendant,certificate,1_5,1_5,opd,primary,urban,yes,1_2y,no,true,true,true,false,false,true,true,true,true,true,true,false,true,false,true,2,2,3,5,2,1,3,3,3,2,2,3,2,3,2,2,1,2,3,3,3,2,2,5,3,3,3,4,4,3,3,3,2,3,2,3,5,4,2,4,3,4,3,2,4,2,2,3,4,1,4,2,3,3,3,3,4,4,4,1,4,5,4,4,3,3,3,3,4,3,4,4,5,4,4,4,2,5,4,4,often,often,often,often,often,sometimes,sometimes,sometimes,sometimes,rarely,often,rarely,available,available,partial,available,available,available,partial,unknown,available,partial,available,available,not_available,not_available,not_available,unknown,available,not_available,partial,not_available,no,no,no,yes,yes,yes,no,yes,yes,yes,dk,no,no,yes,no,4,3,3,3,3,4,2,4,2,4,3,2,3,2,3,Insufficient refresher training and supervision,"Water, soap and sharps containers","Provide a functional isolation area, clear SOPs and regular supervision.",Regular monitoring and adequate supplies would improve compliance.
R0615,yes,35_44,female,lab,bachelor,6_10,1_5,opd,primary,semiurban,yes,6m,no,dk,false,true,false,false,true,true,true,true,false,true,true,false,false,true,2,3,2,3,3,1,3,4,1,3,3,3,3,1,3,3,3,2,3,2,1,2,3,2,2,3,2,4,2,1,3,1,3,3,3,2,3,1,2,1,2,3,3,4,2,1,3,1,4,2,3,2,3,3,4,3,4,4,3,2,3,4,1,4,4,3,2,2,2,3,4,2,4,3,3,3,3,4,4,5,often,often,often,sometimes,sometimes,often,often,often,sometimes,rarely,often,rarely,available,available,partial,not_available,not_available,available,available,partial,not_available,partial,available,available,not_available,not_available,available,available,available,not_available,available,partial,no,yes,yes,yes,yes,no,yes,yes,yes,yes,yes,dk,dk,yes,no,4,3,2,3,3,2,2,3,3,2,4,1,2,2,3,Availability of IPC supplies and management support,"Gloves, masks, disinfectants and waste bins","Improve water, sanitation, waste management and PPE availability.",Water supply and PPE availability should be maintained consistently.
R0616,yes,45_54,female,nurse_midwife,certificate,1_5,11_15,theatre,primary,urban,yes,6m,yes,true,true,false,false,false,true,true,dk,true,true,true,true,true,false,true,2,2,3,5,3,3,4,4,4,2,4,2,4,3,4,3,4,3,3,3,3,2,3,3,3,4,2,3,4,4,2,4,3,4,3,4,3,3,3,3,3,4,4,2,2,3,4,5,3,4,5,4,5,1,3,2,3,2,5,5,3,1,4,2,3,3,4,4,3,2,2,4,4,3,2,2,2,2,3,3,often,often,sometimes,sometimes,often,sometimes,often,always,often,often,often,often,available,available,partial,partial,not_available,available,available,partial,available,available,partial,not_available,partial,available,partial,available,not_available,available,partial,available,yes,yes,dk,no,yes,no,yes,yes,dk,yes,no,no,yes,yes,yes,4,3,2,1,3,2,4,4,5,3,2,4,3,4,3,High workload and inadequate staffing,"Gloves, masks, disinfectants and waste bins",Maintain emergency PPE stocks and strengthen referral and notification procedures.,Regular monitoring and adequate supplies would improve compliance.
R0617,yes,45_54,female,nurse_midwife,diploma,6_10,1_5,environmental,primary,rural,yes,7_12m,no,false,true,false,true,false,dk,false,true,false,dk,dk,false,true,true,true,3,5,3,4,4,4,4,3,4,2,4,3,4,5,5,4,3,2,2,2,3,3,3,4,3,2,3,2,4,3,1,4,3,2,1,2,2,2,2,4,3,2,4,4,3,3,3,1,5,3,4,3,4,3,2,4,3,4,3,4,2,4,1,2,2,4,3,4,2,3,3,2,4,3,3,2,3,5,3,5,rarely,sometimes,sometimes,sometimes,never,sometimes,sometimes,rarely,never,rarely,rarely,rarely,unknown,available,not_available,available,available,available,partial,available,partial,available,available,available,not_available,not_available,available,partial,available,not_available,partial,available,dk,yes,no,yes,yes,yes,yes,yes,dk,no,yes,no,yes,yes,dk,2,4,4,4,2,3,4,3,3,3,3,3,5,3,1,Inconsistent PPE availability,"Water, soap and sharps containers",Maintain emergency PPE stocks and strengthen referral and notification procedures.,The facility needs stronger supervision and refresher training.
R0618,yes,35_44,male,nurse_midwife,hnd,gt15,gt15,inpatient,secondary,urban,yes,7_12m,yes,true,true,dk,false,false,dk,false,false,true,true,false,false,false,false,false,4,4,5,3,2,3,4,4,4,4,4,4,4,3,3,4,2,5,5,3,2,3,1,4,2,3,1,3,3,2,1,2,3,3,2,3,4,2,3,2,3,2,2,2,3,3,4,4,3,3,3,2,3,2,3,4,2,2,4,1,4,3,3,2,3,2,3,3,2,3,3,4,5,3,3,4,3,4,3,4,sometimes,often,never,rarely,sometimes,sometimes,often,sometimes,rarely,sometimes,often,sometimes,not_available,available,unknown,available,unknown,available,available,partial,available,partial,available,partial,not_available,available,available,not_available,not_available,available,not_available,partial,no,yes,no,yes,yes,yes,no,yes,yes,dk,no,no,yes,yes,no,4,1,3,3,2,3,3,1,4,2,1,1,1,3,3,Availability of IPC supplies and management support,"Water, soap and sharps containers","Provide a functional isolation area, clear SOPs and regular supervision.",The facility needs stronger supervision and refresher training.
R0619,yes,25_34,male,chew,bachelor,1_5,gt15,opd,primary,semiurban,yes,gt2y,yes,true,true,true,false,false,true,true,true,true,true,true,true,false,false,true,3,4,4,4,3,3,3,2,5,4,3,4,2,3,4,3,2,4,3,3,5,3,3,3,4,4,3,3,3,5,3,2,4,5,3,4,1,4,3,1,3,4,1,3,2,1,4,5,4,4,4,3,4,4,3,4,3,1,3,2,3,3,4,5,4,4,4,3,4,2,4,3,4,2,4,5,3,3,4,4,always,often,always,often,often,often,often,rarely,sometimes,sometimes,sometimes,often,available,available,available,not_available,available,available,not_available,available,available,not_available,partial,available,available,not_available,available,not_available,available,available,available,available,dk,dk,yes,yes,no,dk,dk,yes,dk,no,no,no,dk,dk,no,1,3,3,3,4,4,2,4,3,4,3,4,3,2,3,Limited isolation and waste-management infrastructure,"Gloves, masks, disinfectants and waste bins","Improve water, sanitation, waste management and PPE availability.",Regular monitoring and adequate supplies would improve compliance.
R0620,yes,35_44,male,chew,hnd,1_5,11_15,opd,primary,urban,yes,7_12m,no,true,true,true,false,false,false,true,true,true,true,true,true,true,false,true,3,3,4,4,3,3,3,3,3,3,3,4,4,4,3,4,3,4,2,4,4,3,2,3,4,4,3,4,3,2,2,3,4,4,2,3,2,2,3,3,3,3,4,2,4,3,3,4,3,3,2,3,2,3,2,1,3,2,3,3,1,1,1,2,1,2,2,1,3,3,1,1,1,2,2,1,1,3,3,1,often,often,often,often,rarely,often,often,sometimes,often,sometimes,sometimes,always,available,available,available,unknown,available,available,available,available,partial,available,available,partial,available,not_available,available,available,available,available,available,available,yes,yes,dk,no,dk,yes,yes,no,yes,dk,no,yes,yes,yes,no,1,3,2,1,2,3,3,4,2,2,1,3,1,2,2,Insufficient refresher training and supervision,"PPE, alcohol-based hand rub and isolation space",Conduct routine IPC audits and communicate findings to staff.,The facility needs stronger supervision and refresher training.
R0621,yes,25_34,female,cho,certificate,1_5,1_5,maternity,primary,urban,yes,gt2y,no,true,true,true,false,true,true,true,true,true,true,true,true,true,true,dk,3,4,1,2,4,3,3,3,3,2,2,2,2,4,3,4,3,3,3,3,3,3,5,2,3,4,4,2,4,5,3,3,4,5,3,3,5,4,3,5,4,3,4,3,5,3,4,3,4,2,4,3,4,2,3,3,4,3,3,3,2,2,2,1,1,2,1,3,3,2,4,2,2,3,1,1,3,3,2,2,often,na,sometimes,sometimes,rarely,sometimes,sometimes,rarely,rarely,rarely,rarely,rarely,not_available,partial,available,partial,available,available,available,available,available,available,available,available,available,available,partial,not_available,partial,available,available,partial,yes,yes,yes,no,yes,yes,yes,yes,no,no,no,yes,yes,yes,no,1,1,2,1,3,1,2,1,1,2,3,3,3,1,1,Limited water and hand-hygiene supplies,"Gloves, masks, disinfectants and waste bins",Conduct regular IPC and Lassa fever refresher training and outbreak drills.,Regular monitoring and adequate supplies would improve compliance.
R0622,yes,25_34,male,pharmacy,diploma,1_5,1_5,opd,primary,semiurban,no,unknown,no,true,false,true,dk,true,false,false,true,false,true,false,true,true,true,dk,3,3,3,4,3,3,2,2,3,3,3,4,2,1,4,4,3,5,3,3,5,5,3,3,3,3,3,4,3,3,2,4,4,3,3,3,4,4,4,3,5,4,3,3,4,5,3,3,4,4,4,3,3,3,2,4,1,4,4,2,2,4,4,2,5,3,4,4,4,3,2,4,4,4,4,3,4,3,4,4,often,rarely,often,always,rarely,often,sometimes,sometimes,always,often,often,sometimes,available,partial,available,not_available,available,available,available,not_available,available,available,available,available,not_available,not_available,not_available,available,available,available,available,not_available,no,yes,yes,no,yes,dk,yes,yes,no,dk,no,yes,dk,no,yes,1,1,3,2,3,1,2,3,2,3,3,3,3,2,2,Availability of IPC supplies and management support,"PPE, hand-hygiene supplies and running water",Conduct routine IPC audits and communicate findings to staff.,Regular monitoring and adequate supplies would improve compliance.
R0623,yes,25_34,female,doctor,master,1_5,1_5,maternity,primary,rural,no,unknown,yes,false,true,true,false,false,false,dk,false,dk,true,false,false,true,true,false,1,3,2,3,3,3,3,2,2,2,2,3,3,2,2,2,4,3,2,2,4,2,4,3,3,3,3,3,3,2,4,3,2,4,4,2,3,2,3,2,4,2,2,2,3,3,4,2,3,3,3,4,3,5,3,2,2,3,3,3,3,4,2,3,2,3,3,3,4,3,4,1,3,3,4,3,2,4,3,4,rarely,never,never,sometimes,rarely,rarely,never,never,sometimes,never,rarely,sometimes,available,available,available,available,partial,available,partial,available,available,available,available,available,not_available,not_available,available,unknown,partial,not_available,not_available,not_available,no,yes,no,no,yes,yes,yes,yes,no,dk,yes,no,dk,no,no,3,2,1,3,1,3,3,2,2,1,2,3,2,3,5,Availability of IPC supplies and management support,"Gloves, masks, disinfectants and waste bins","Provide a functional isolation area, clear SOPs and regular supervision.",The facility needs stronger supervision and refresher training.
R0624,yes,35_44,female,nurse_midwife,hnd,gt15,lt1,laboratory,primary,urban,no,unknown,no,true,true,true,false,true,true,true,true,true,true,true,dk,false,false,true,3,3,3,4,4,5,3,3,4,4,3,3,1,4,2,3,3,2,2,4,4,4,3,3,5,2,4,3,2,4,3,4,2,4,2,3,4,3,5,4,4,2,3,3,4,1,2,1,2,2,1,2,1,5,5,5,3,5,2,3,3,1,2,1,1,1,3,4,1,2,1,2,2,2,2,4,3,3,3,1,sometimes,often,often,sometimes,often,na,sometimes,sometimes,sometimes,sometimes,rarely,sometimes,available,partial,available,available,available,available,available,available,available,unknown,available,available,partial,partial,available,available,not_available,available,available,partial,yes,yes,no,no,yes,yes,yes,no,dk,yes,yes,no,yes,yes,yes,3,3,3,4,4,5,2,5,4,4,3,4,2,2,2,Insufficient refresher training and supervision,"Training materials, PPE and cleaning supplies","Provide a functional isolation area, clear SOPs and regular supervision.",Staff understand IPC but workload can affect compliance.
R0625,yes,25_34,male,pharmacy,diploma,1_5,1_5,opd,primary,semiurban,yes,gt2y,yes,dk,true,false,true,true,true,false,false,false,true,true,true,false,false,dk,4,4,5,4,4,5,3,3,3,4,4,5,4,4,4,3,4,3,3,3,4,1,2,2,4,2,2,2,1,4,3,4,3,2,2,3,3,2,5,4,3,3,4,2,2,3,4,3,3,4,4,3,2,2,1,2,4,5,5,3,3,2,2,3,2,2,4,2,2,2,4,2,2,2,1,3,2,4,3,2,often,often,rarely,sometimes,often,sometimes,often,often,often,often,sometimes,often,not_available,available,available,available,available,available,partial,partial,available,available,available,available,partial,not_available,available,available,not_available,not_available,partial,available,no,yes,yes,yes,yes,yes,yes,yes,yes,no,no,yes,yes,yes,yes,4,4,4,1,5,4,3,3,4,3,4,4,3,4,4,High workload and inadequate staffing,"PPE, hand-hygiene supplies and running water",Conduct routine IPC audits and communicate findings to staff.,Water supply and PPE availability should be maintained consistently.
R0626,yes,45_54,female,lab,bachelor,1_5,1_5,other,primary,urban,yes,7_12m,yes,true,false,dk,true,true,false,dk,true,false,true,false,true,dk,dk,dk,4,5,5,4,2,3,4,4,4,2,4,4,3,3,2,3,3,3,5,5,5,4,3,3,4,4,2,4,3,3,4,3,3,4,2,5,4,5,4,4,5,4,1,4,4,3,2,2,3,4,3,4,3,2,3,3,5,4,3,2,2,3,4,2,4,2,3,3,3,2,3,4,3,3,3,5,3,3,3,3,always,rarely,often,rarely,sometimes,sometimes,rarely,rarely,rarely,sometimes,sometimes,sometimes,partial,partial,available,available,available,partial,not_available,unknown,unknown,available,partial,available,available,partial,not_available,available,available,available,available,partial,no,dk,yes,no,no,no,yes,yes,yes,yes,yes,yes,yes,dk,yes,3,4,5,5,2,4,3,2,3,2,2,3,3,2,2,Limited water and hand-hygiene supplies,"Gloves, masks, disinfectants and waste bins","Improve water, sanitation, waste management and PPE availability.",The facility needs stronger supervision and refresher training.
R0627,yes,25_34,male,chew,bachelor,1_5,6_10,maternity,secondary,urban,no,unknown,no,true,true,dk,false,false,true,false,true,false,true,true,dk,true,false,false,2,1,3,3,3,3,3,4,3,3,3,4,2,4,3,3,3,1,3,2,2,4,4,3,4,3,3,4,4,3,4,3,2,3,3,3,2,3,3,4,3,2,2,4,4,2,4,3,3,3,3,4,3,3,3,2,3,3,3,4,3,4,4,2,3,2,4,2,5,4,3,4,4,4,4,3,2,2,4,3,often,always,always,often,always,often,always,often,always,always,sometimes,rarely,partial,available,partial,partial,available,not_available,available,partial,available,available,available,available,not_available,not_available,available,available,partial,partial,partial,not_available,yes,no,no,dk,no,yes,yes,no,dk,yes,yes,yes,no,yes,no,4,4,3,5,5,4,4,4,4,4,4,5,4,4,4,Limited water and hand-hygiene supplies,"PPE, alcohol-based hand rub and isolation space",Maintain emergency PPE stocks and strengthen referral and notification procedures.,Water supply and PPE availability should be maintained consistently.
R0628,yes,25_34,male,nurse_midwife,hnd,1_5,lt1,environmental,primary,urban,yes,6m,no,true,true,true,true,false,true,true,false,true,true,true,true,true,dk,dk,4,5,3,3,4,4,4,4,3,4,5,3,4,5,4,4,4,5,2,4,2,3,1,3,4,5,1,4,4,3,1,3,2,2,3,2,4,3,2,3,3,1,3,3,2,3,4,3,5,3,4,3,4,2,2,2,4,3,5,5,4,2,4,3,4,1,3,1,2,2,2,2,4,4,3,3,2,4,4,2,never,rarely,sometimes,often,rarely,sometimes,sometimes,never,sometimes,rarely,rarely,rarely,available,not_available,available,not_available,available,available,partial,not_available,available,available,available,available,available,available,not_available,partial,available,partial,partial,available,no,yes,no,yes,yes,yes,no,yes,yes,yes,dk,yes,yes,yes,yes,3,3,3,3,4,5,2,4,2,5,4,3,3,3,2,High workload and inadequate staffing,"Gloves, masks, disinfectants and waste bins",Maintain emergency PPE stocks and strengthen referral and notification procedures.,Regular monitoring and adequate supplies would improve compliance.
R0629,yes,45_54,female,environmental_health,bachelor,11_15,1_5,maternity,primary,rural,yes,gt2y,yes,true,true,true,false,false,dk,true,true,true,true,dk,true,true,true,dk,4,2,3,3,2,5,3,5,4,3,2,2,3,1,5,3,2,2,3,3,2,2,4,1,2,1,4,4,2,3,1,4,2,2,2,3,2,2,2,2,4,2,4,2,4,5,3,5,4,3,3,2,2,3,3,4,3,4,4,3,1,2,4,2,2,4,3,4,3,1,3,3,2,4,3,1,3,4,4,3,sometimes,sometimes,sometimes,rarely,always,often,sometimes,often,always,sometimes,often,rarely,not_available,available,partial,partial,available,available,unknown,not_available,available,available,partial,available,available,not_available,available,not_available,available,partial,partial,not_available,yes,yes,no,dk,yes,no,yes,no,yes,yes,yes,dk,no,no,no,3,3,4,3,2,2,3,1,4,3,3,3,2,3,3,Availability of IPC supplies and management support,"Water, soap and sharps containers",Conduct routine IPC audits and communicate findings to staff.,Regular monitoring and adequate supplies would improve compliance.
R0630,yes,55_plus,female,doctor,bachelor,1_5,1_5,maternity,secondary,urban,yes,6m,yes,true,true,true,false,false,true,true,true,true,true,false,false,true,true,true,3,3,4,3,4,4,3,5,3,5,4,4,3,4,3,4,4,2,2,3,4,5,3,2,4,4,5,4,5,5,5,5,5,3,3,5,4,5,4,5,3,5,5,3,3,3,3,3,4,2,1,3,2,4,4,4,3,2,3,1,2,4,4,4,3,5,3,4,2,3,4,2,2,4,3,4,2,4,4,2,often,sometimes,sometimes,often,sometimes,often,always,never,always,often,often,often,available,partial,available,available,available,available,available,partial,available,available,available,available,available,not_available,available,available,available,available,partial,partial,no,yes,no,yes,yes,no,yes,yes,dk,dk,dk,yes,no,yes,yes,3,5,3,2,2,4,3,5,3,2,5,2,4,3,4,High workload and inadequate staffing,"PPE, alcohol-based hand rub and isolation space",Maintain emergency PPE stocks and strengthen referral and notification procedures.,The facility needs stronger supervision and refresher training.
R0631,yes,25_34,female,cho,bachelor,11_15,1_5,opd,secondary,rural,yes,7_12m,yes,dk,true,dk,true,false,false,true,true,false,dk,true,true,true,false,true,5,3,3,5,4,5,4,5,4,4,5,5,5,3,5,4,3,5,5,5,3,2,3,4,2,3,3,2,3,2,3,3,1,3,4,2,2,3,3,4,4,4,5,3,1,1,2,3,2,4,4,3,4,4,3,4,5,3,3,2,2,3,4,3,3,4,3,3,4,3,3,2,4,4,4,4,3,2,4,4,sometimes,often,sometimes,often,rarely,sometimes,na,sometimes,often,sometimes,often,sometimes,not_available,not_available,available,partial,available,available,available,not_available,available,available,available,available,available,not_available,partial,available,partial,not_available,not_available,available,no,yes,yes,no,yes,no,yes,yes,no,dk,no,dk,dk,yes,yes,3,2,2,1,4,4,3,2,2,2,3,1,2,4,3,Availability of IPC supplies and management support,"Training materials, PPE and cleaning supplies","Provide a functional isolation area, clear SOPs and regular supervision.",Water supply and PPE availability should be maintained consistently.
R0632,yes,25_34,male,lab,bachelor,1_5,1_5,community,secondary,urban,yes,gt2y,yes,dk,true,true,true,dk,dk,false,false,dk,true,true,dk,true,true,true,3,4,5,5,4,3,5,3,4,3,4,3,3,5,3,4,3,4,5,5,4,2,2,4,3,4,4,3,5,3,4,3,5,4,3,3,3,4,2,3,4,3,5,3,4,2,2,3,2,4,3,2,4,3,3,2,4,4,3,2,3,4,5,4,4,3,5,5,3,3,3,4,4,5,3,4,5,3,5,5,sometimes,sometimes,sometimes,often,often,sometimes,often,na,sometimes,sometimes,sometimes,often,available,not_available,available,not_available,unknown,available,available,unknown,partial,available,available,available,not_available,not_available,available,available,available,unknown,available,available,yes,yes,yes,yes,yes,yes,yes,yes,yes,no,yes,yes,no,yes,yes,5,3,5,3,3,3,3,4,5,4,5,5,4,5,3,High workload and inadequate staffing,"PPE, hand-hygiene supplies and running water","Provide a functional isolation area, clear SOPs and regular supervision.",More practical outbreak drills and feedback would be useful.
R0633,yes,18_24,female,nurse_midwife,certificate,11_15,11_15,pharmacy,primary,semiurban,yes,gt2y,yes,true,true,true,false,false,true,true,true,true,true,true,true,true,false,true,3,3,3,5,2,1,4,4,2,1,4,4,4,2,2,3,4,4,4,2,2,3,4,4,3,4,4,3,4,4,3,2,5,2,3,5,2,4,3,4,2,3,3,4,5,3,1,3,5,3,3,2,3,2,4,3,4,4,2,2,3,4,2,2,4,4,2,4,3,2,2,5,3,3,3,5,3,3,3,3,na,rarely,never,sometimes,often,sometimes,rarely,always,often,sometimes,often,often,available,available,not_available,partial,partial,partial,available,not_available,not_available,available,partial,available,available,available,available,available,available,unknown,not_available,not_available,dk,no,yes,yes,yes,yes,no,yes,no,no,yes,yes,dk,dk,dk,3,2,3,2,1,4,2,3,3,3,2,3,3,4,2,Limited water and hand-hygiene supplies,"Water, soap and sharps containers","Improve water, sanitation, waste management and PPE availability.",Regular monitoring and adequate supplies would improve compliance.
R0634,yes,25_34,female,cho,master,1_5,lt1,pharmacy,primary,semiurban,yes,unknown,no,false,false,true,false,dk,dk,false,true,true,true,true,true,dk,false,true,4,3,3,4,3,4,3,5,5,4,4,3,3,4,3,4,3,3,3,3,3,4,5,4,2,4,5,5,5,5,4,4,4,3,5,2,4,4,3,3,3,5,3,3,5,5,4,4,5,4,4,5,5,2,2,2,2,4,4,4,3,2,4,3,4,4,4,3,3,3,3,4,4,3,3,1,4,2,2,3,rarely,sometimes,rarely,always,sometimes,often,rarely,sometimes,sometimes,rarely,sometimes,sometimes,partial,available,available,partial,available,available,available,available,available,not_available,partial,available,unknown,not_available,not_available,not_available,available,not_available,not_available,available,yes,yes,yes,yes,yes,yes,yes,yes,dk,yes,yes,yes,no,no,yes,4,4,3,4,4,3,4,3,3,4,4,3,4,3,3,Insufficient refresher training and supervision,"PPE, hand-hygiene supplies and running water","Improve water, sanitation, waste management and PPE availability.",Regular monitoring and adequate supplies would improve compliance.
R0635,yes,35_44,male,nurse_midwife,master,1_5,1_5,inpatient,secondary,rural,yes,unknown,yes,dk,false,true,false,false,false,true,false,true,true,true,dk,true,dk,true,3,3,2,4,4,3,3,4,4,5,2,3,2,3,3,3,4,4,4,4,3,4,4,3,4,4,4,3,3,2,4,3,4,3,3,5,5,3,2,4,3,2,5,4,4,3,3,3,3,3,4,4,3,3,2,3,2,3,2,5,3,4,4,1,2,3,2,2,4,2,2,3,3,3,4,2,3,4,4,3,often,often,often,sometimes,always,often,often,often,sometimes,often,often,often,available,available,available,partial,partial,available,available,available,available,available,available,not_available,available,available,partial,available,available,not_available,not_available,not_available,yes,no,yes,yes,no,yes,yes,yes,yes,yes,no,yes,dk,yes,yes,1,3,2,2,2,3,3,2,2,2,1,3,3,2,3,Inconsistent PPE availability,"Water, soap and sharps containers",Conduct routine IPC audits and communicate findings to staff.,Regular monitoring and adequate supplies would improve compliance.
R0636,yes,35_44,female,lab,certificate,6_10,1_5,inpatient,primary,urban,yes,7_12m,yes,true,false,true,dk,false,true,dk,true,true,false,false,true,dk,false,false,3,3,2,4,2,3,4,3,2,2,2,5,4,3,4,3,5,4,4,3,3,5,5,2,2,2,3,2,4,3,3,1,4,2,4,3,4,4,3,3,3,1,4,3,4,4,2,4,3,4,3,5,4,3,3,3,3,1,3,3,3,1,2,1,3,2,2,4,2,4,3,4,3,3,4,4,3,3,3,3,sometimes,rarely,always,often,often,sometimes,often,often,sometimes,sometimes,often,often,available,available,available,not_available,not_available,unknown,available,available,partial,available,available,available,not_available,not_available,available,available,partial,available,partial,available,dk,yes,no,yes,yes,yes,yes,yes,yes,dk,no,dk,dk,yes,dk,3,3,2,3,2,4,2,4,4,3,3,2,2,2,2,Insufficient refresher training and supervision,"PPE, alcohol-based hand rub and isolation space","Provide a functional isolation area, clear SOPs and regular supervision.",More practical outbreak drills and feedback would be useful.
R0637,yes,25_34,male,chew,bachelor,gt15,1_5,maternity,secondary,rural,yes,1_2y,no,true,true,true,false,false,dk,true,false,true,true,true,true,true,false,true,3,3,2,3,2,4,4,3,3,3,4,3,3,4,4,2,3,2,3,4,2,2,1,2,2,4,3,4,1,2,1,3,1,3,3,2,2,1,1,2,1,3,1,3,3,2,3,3,2,3,2,3,3,3,3,3,3,4,3,4,4,5,3,3,3,5,2,4,3,3,3,3,3,3,3,3,3,3,4,3,rarely,often,sometimes,sometimes,sometimes,sometimes,often,sometimes,often,often,sometimes,often,available,available,unknown,not_available,available,available,partial,partial,available,available,available,partial,available,available,available,not_available,partial,not_available,available,available,yes,yes,yes,no,yes,yes,yes,yes,yes,dk,no,yes,dk,yes,yes,4,4,2,3,3,3,4,1,2,2,3,2,4,3,2,Availability of IPC supplies and management support,"Gloves, masks, disinfectants and waste bins",Conduct regular IPC and Lassa fever refresher training and outbreak drills.,Staff understand IPC but workload can affect compliance.
R0638,yes,35_44,female,nurse_midwife,bachelor,1_5,1_5,opd,primary,urban,yes,6m,no,dk,true,true,false,false,true,false,dk,false,true,false,false,true,true,true,3,5,3,3,4,4,4,3,4,5,3,3,3,5,3,3,4,4,5,5,2,3,2,2,4,3,3,3,3,2,4,4,2,4,3,2,5,1,2,3,1,2,3,3,3,3,3,3,3,5,3,4,3,2,1,4,2,4,2,4,5,3,5,3,4,4,4,3,5,5,3,5,3,3,5,4,4,5,4,3,always,often,always,always,often,sometimes,always,often,always,always,often,often,available,not_available,available,unknown,available,partial,not_available,available,available,partial,available,available,partial,available,not_available,available,available,available,available,not_available,no,yes,yes,yes,no,yes,yes,no,no,no,yes,yes,dk,dk,yes,3,4,5,3,2,4,3,2,3,2,4,3,1,1,3,Limited water and hand-hygiene supplies,"PPE, alcohol-based hand rub and isolation space","Improve water, sanitation, waste management and PPE availability.",Water supply and PPE availability should be maintained consistently.
R0639,yes,18_24,female,jchew,master,1_5,6_10,opd,primary,urban,yes,unknown,no,true,true,true,true,false,true,false,false,true,dk,false,dk,dk,true,false,4,5,4,3,4,4,4,4,5,5,3,5,5,4,4,5,4,4,4,5,3,2,2,2,2,3,3,2,3,3,4,2,1,3,4,2,3,2,3,3,2,3,3,2,2,3,2,3,3,2,4,1,3,2,4,3,2,4,1,4,3,3,3,3,2,3,2,2,2,3,2,1,4,3,2,3,2,5,1,2,sometimes,na,sometimes,rarely,rarely,sometimes,sometimes,sometimes,sometimes,sometimes,rarely,never,available,available,available,not_available,partial,available,available,not_available,available,available,partial,available,partial,available,not_available,available,available,unknown,available,partial,yes,yes,no,no,no,no,dk,yes,yes,no,yes,no,yes,yes,yes,4,3,3,3,3,4,4,1,2,3,4,4,4,4,2,High workload and inadequate staffing,"Gloves, masks, disinfectants and waste bins",Conduct regular IPC and Lassa fever refresher training and outbreak drills.,Water supply and PPE availability should be maintained consistently.
R0640,yes,35_44,male,lab,master,1_5,1_5,opd,primary,urban,yes,6m,yes,true,true,false,false,false,true,true,true,true,true,true,true,true,false,dk,4,2,2,1,2,4,2,1,3,3,2,2,2,2,3,4,3,1,4,1,3,1,1,2,1,3,4,4,2,4,3,2,3,2,3,4,2,3,4,2,2,2,2,1,1,4,2,2,3,5,3,3,3,3,3,1,2,4,3,3,3,2,3,2,2,2,2,2,3,2,3,2,4,3,3,3,2,2,2,3,sometimes,rarely,sometimes,often,sometimes,rarely,rarely,rarely,rarely,sometimes,sometimes,rarely,not_available,available,available,available,available,available,available,available,available,available,partial,available,available,available,partial,available,available,partial,partial,not_available,dk,yes,yes,yes,yes,yes,yes,yes,no,dk,yes,yes,yes,dk,yes,4,4,3,4,3,2,4,1,3,2,4,4,2,3,4,High workload and inadequate staffing,"Training materials, PPE and cleaning supplies",Conduct routine IPC audits and communicate findings to staff.,Staff understand IPC but workload can affect compliance.
R0641,yes,25_34,male,nurse_midwife,bachelor,lt1,1_5,maternity,primary,urban,no,unknown,no,true,true,true,false,false,false,true,true,true,true,true,true,true,true,true,4,3,3,3,2,2,3,5,3,4,3,1,3,4,4,2,4,3,4,2,4,4,4,3,4,4,3,3,3,3,3,3,3,3,3,3,3,4,2,3,3,2,3,4,3,3,3,3,4,3,2,4,3,3,2,2,2,3,4,3,2,3,4,4,4,3,3,5,3,2,3,3,2,3,5,4,3,3,4,3,sometimes,often,always,rarely,always,sometimes,sometimes,always,often,always,always,often,available,not_available,available,partial,available,available,unknown,available,available,partial,not_available,partial,partial,available,available,available,available,not_available,not_available,not_available,yes,dk,yes,yes,dk,dk,yes,yes,no,yes,yes,yes,no,yes,yes,4,1,4,3,2,3,3,2,2,3,2,5,3,3,2,Limited water and hand-hygiene supplies,"PPE, alcohol-based hand rub and isolation space","Improve water, sanitation, waste management and PPE availability.",The facility needs stronger supervision and refresher training.
R0642,yes,25_34,female,chew,bachelor,11_15,lt1,paediatric,secondary,rural,no,unknown,no,true,true,true,false,false,false,true,false,true,true,true,true,true,false,dk,4,2,4,3,5,2,5,3,5,4,5,5,4,5,2,5,4,2,5,4,5,2,2,3,2,1,2,2,3,3,2,2,4,3,4,5,4,3,3,2,3,2,3,2,2,4,4,3,3,4,4,2,2,3,2,5,2,3,4,4,3,3,3,1,5,2,3,3,3,4,3,2,1,4,3,3,5,3,4,2,often,always,often,sometimes,often,always,rarely,sometimes,often,often,often,often,partial,available,available,available,available,partial,available,available,available,partial,available,available,not_available,unknown,available,available,available,partial,available,unknown,yes,dk,yes,no,no,yes,yes,yes,yes,yes,yes,no,yes,yes,no,4,3,4,3,4,3,2,3,3,2,3,4,2,3,1,High workload and inadequate staffing,"Water, soap and sharps containers",Maintain emergency PPE stocks and strengthen referral and notification procedures.,Staff understand IPC but workload can affect compliance.
R0643,yes,55_plus,male,attendant,bachelor,1_5,1_5,opd,secondary,semiurban,yes,gt2y,no,true,false,false,false,false,false,true,true,true,true,true,true,dk,false,true,5,4,4,3,3,2,2,4,3,3,2,4,3,4,2,3,3,2,4,2,5,5,4,2,5,4,2,4,2,4,1,4,3,3,4,3,2,3,2,2,5,3,4,3,3,4,3,4,2,5,4,5,3,2,2,2,2,4,4,5,5,3,3,2,5,2,3,4,4,3,3,5,3,4,4,4,4,3,4,3,sometimes,always,often,always,sometimes,often,often,always,always,often,rarely,often,available,available,available,partial,available,available,not_available,available,available,partial,available,available,not_available,partial,not_available,partial,available,partial,partial,available,yes,no,yes,no,dk,yes,yes,yes,yes,yes,yes,no,yes,yes,dk,5,3,3,3,3,4,3,4,2,4,5,3,4,4,3,High workload and inadequate staffing,"Training materials, PPE and cleaning supplies","Improve water, sanitation, waste management and PPE availability.",Regular monitoring and adequate supplies would improve compliance.
R0644,yes,18_24,female,nurse_midwife,master,1_5,6_10,community,secondary,semiurban,yes,gt2y,no,true,true,true,false,true,true,false,true,true,false,false,false,true,true,false,4,5,3,4,3,5,5,3,5,3,4,4,4,4,3,3,5,3,3,5,1,3,3,1,3,2,3,2,2,3,4,2,4,2,3,4,2,2,1,2,3,1,3,4,4,3,2,4,3,5,4,3,4,4,2,4,3,3,5,5,2,3,3,4,3,2,2,2,3,3,2,1,2,1,2,3,4,2,4,3,sometimes,sometimes,always,often,always,sometimes,rarely,sometimes,often,always,always,often,available,not_available,available,available,not_available,not_available,not_available,available,available,available,not_available,available,not_available,available,not_available,partial,available,partial,available,unknown,no,yes,no,yes,no,no,yes,no,yes,yes,yes,yes,yes,yes,no,3,4,3,4,2,3,2,3,2,3,4,4,3,5,3,Availability of IPC supplies and management support,"PPE, hand-hygiene supplies and running water","Provide a functional isolation area, clear SOPs and regular supervision.",More practical outbreak drills and feedback would be useful.
R0645,yes,35_44,male,chew,bachelor,6_10,lt1,inpatient,primary,urban,yes,gt2y,no,false,dk,false,true,false,true,true,dk,true,false,true,dk,dk,true,true,4,4,3,4,4,5,5,5,3,5,2,5,4,4,5,4,3,5,5,5,5,4,4,4,4,5,4,3,5,5,5,5,5,3,5,2,5,5,4,4,5,4,4,5,5,4,5,5,4,5,3,3,4,2,1,2,3,2,4,3,3,4,1,3,3,4,2,3,1,2,3,3,3,2,3,3,3,3,2,2,rarely,often,sometimes,often,sometimes,sometimes,often,often,sometimes,often,often,often,available,available,available,available,available,available,not_available,available,available,unknown,not_available,available,not_available,not_available,available,available,not_available,unknown,available,not_available,no,yes,no,yes,no,dk,yes,no,yes,yes,yes,no,dk,yes,yes,5,4,3,1,4,4,4,4,5,4,4,3,5,3,3,Insufficient refresher training and supervision,"PPE, hand-hygiene supplies and running water",Conduct routine IPC audits and communicate findings to staff.,Staff understand IPC but workload can affect compliance.
R0646,yes,45_54,female,cho,bachelor,6_10,lt1,community,secondary,urban,yes,1_2y,no,false,true,dk,false,true,dk,true,true,true,true,true,true,false,true,true,3,3,3,2,4,3,3,5,3,2,3,3,4,3,3,3,4,1,3,4,4,4,5,4,4,2,4,3,5,3,3,5,4,3,2,3,4,3,2,3,3,2,4,3,5,3,3,3,3,4,5,3,2,2,2,3,4,3,5,4,4,2,2,5,3,3,5,2,3,4,4,4,2,4,3,3,2,3,2,3,rarely,rarely,often,often,often,sometimes,often,sometimes,rarely,sometimes,often,sometimes,not_available,available,partial,available,available,available,available,available,not_available,available,available,available,available,not_available,available,not_available,available,available,available,available,yes,yes,no,dk,yes,yes,dk,yes,no,yes,yes,no,dk,no,no,3,2,4,2,4,3,3,4,4,3,3,2,4,3,4,Availability of IPC supplies and management support,"Training materials, PPE and cleaning supplies",Conduct regular IPC and Lassa fever refresher training and outbreak drills.,Regular monitoring and adequate supplies would improve compliance.
R0647,yes,45_54,male,lab,hnd,1_5,1_5,emergency,secondary,urban,no,unknown,yes,true,true,true,true,true,false,true,true,true,true,true,true,true,true,dk,5,3,5,2,3,2,3,4,4,4,3,3,4,4,5,4,4,5,3,2,3,3,4,5,3,3,3,3,3,3,2,3,2,4,3,2,2,2,2,4,2,4,2,3,3,4,3,3,3,4,4,5,3,2,3,3,3,3,5,3,2,3,4,4,2,4,2,2,2,5,4,2,4,3,3,5,3,2,2,3,sometimes,often,often,rarely,often,sometimes,sometimes,sometimes,often,often,always,often,available,available,available,not_available,partial,available,available,partial,available,available,available,available,partial,not_available,not_available,partial,unknown,available,not_available,available,no,yes,yes,yes,yes,yes,dk,yes,yes,yes,yes,dk,yes,no,dk,3,3,2,4,3,2,3,3,3,3,3,2,5,4,3,Limited isolation and waste-management infrastructure,"PPE, alcohol-based hand rub and isolation space",Conduct routine IPC audits and communicate findings to staff.,More practical outbreak drills and feedback would be useful.
R0648,yes,25_34,female,nurse_midwife,diploma,6_10,1_5,theatre,primary,rural,no,unknown,yes,true,true,true,false,false,true,dk,true,true,true,false,true,true,false,true,5,4,4,5,5,4,3,4,5,4,5,4,4,4,4,5,5,4,5,5,2,5,4,4,3,4,2,4,3,3,3,3,3,4,4,4,3,5,3,5,4,2,4,2,3,4,5,4,5,3,4,4,5,4,4,3,2,3,2,4,3,4,4,5,4,2,4,3,4,3,3,4,3,3,1,4,4,3,3,5,sometimes,often,sometimes,often,sometimes,sometimes,often,often,na,often,often,often,not_available,available,unknown,available,available,available,not_available,partial,available,available,available,available,available,available,available,available,available,available,available,partial,yes,no,dk,yes,dk,no,yes,yes,yes,dk,yes,yes,dk,yes,yes,5,1,3,4,4,2,4,3,4,5,2,2,3,4,2,Insufficient refresher training and supervision,"Water, soap and sharps containers",Conduct routine IPC audits and communicate findings to staff.,Staff understand IPC but workload can affect compliance.
R0649,yes,35_44,female,cho,master,6_10,11_15,environmental,primary,semiurban,yes,6m,no,dk,false,false,true,false,false,false,false,false,true,false,false,true,false,false,4,2,2,2,4,4,4,2,2,3,4,2,3,2,3,3,5,3,4,3,4,4,4,4,2,5,2,4,3,3,2,3,5,4,4,3,4,4,3,4,5,2,3,4,4,3,4,5,3,5,4,4,3,2,1,3,2,1,4,4,3,1,2,3,5,2,3,3,3,3,4,1,2,3,2,3,2,3,3,5,sometimes,sometimes,often,na,sometimes,sometimes,always,rarely,sometimes,sometimes,rarely,sometimes,available,available,available,not_available,available,available,available,not_available,not_available,available,available,partial,not_available,available,partial,available,not_available,available,available,available,yes,no,yes,yes,no,yes,yes,yes,yes,yes,yes,no,yes,yes,yes,3,2,1,1,2,3,2,3,3,2,2,3,2,3,1,Insufficient refresher training and supervision,"PPE, alcohol-based hand rub and isolation space",Conduct regular IPC and Lassa fever refresher training and outbreak drills.,Staff understand IPC but workload can affect compliance.
R0650,yes,45_54,female,chew,diploma,1_5,1_5,inpatient,primary,rural,yes,7_12m,yes,true,true,true,false,false,true,true,true,false,true,true,true,true,false,true,4,5,5,4,3,2,4,3,3,3,5,4,4,3,2,3,3,5,3,3,5,4,2,4,4,3,5,4,2,3,4,5,2,4,5,3,2,4,3,3,3,4,3,3,2,4,1,3,3,4,4,4,4,3,2,3,3,1,3,4,3,3,4,3,1,3,5,3,3,2,5,3,2,3,3,3,3,4,4,2,always,often,sometimes,sometimes,often,often,often,often,often,always,always,often,available,available,available,unknown,available,available,partial,available,available,partial,available,available,partial,not_available,available,available,available,available,not_available,available,yes,no,no,yes,no,yes,no,yes,no,dk,no,no,no,no,no,2,3,2,3,2,1,4,2,3,2,3,3,3,3,2,Limited water and hand-hygiene supplies,"Water, soap and sharps containers",Maintain emergency PPE stocks and strengthen referral and notification procedures.,The facility needs stronger supervision and refresher training.
R0651,yes,25_34,male,chew,diploma,1_5,1_5,paediatric,primary,semiurban,yes,7_12m,no,dk,false,true,false,true,false,dk,false,true,true,true,true,true,false,true,4,3,4,5,4,3,5,4,4,4,4,3,3,5,4,3,3,4,4,4,4,5,4,3,5,4,2,3,4,3,2,3,2,3,3,4,3,3,4,5,4,4,3,3,4,4,4,2,5,4,4,3,3,2,2,3,3,2,4,4,4,4,4,3,2,2,2,2,3,3,3,2,2,3,4,4,3,3,2,3,sometimes,always,always,often,often,often,sometimes,always,sometimes,often,sometimes,often,unknown,available,available,available,available,unknown,not_available,available,not_available,available,available,available,available,partial,available,not_available,available,available,available,partial,yes,yes,yes,yes,no,yes,yes,no,no,no,yes,no,yes,yes,yes,3,3,5,3,3,2,3,2,2,2,2,2,2,1,2,Insufficient refresher training and supervision,"Water, soap and sharps containers","Provide a functional isolation area, clear SOPs and regular supervision.",The facility needs stronger supervision and refresher training.
R0652,yes,55_plus,female,attendant,master,1_5,lt1,paediatric,primary,urban,yes,1_2y,yes,true,true,true,false,false,true,true,true,true,true,true,true,true,false,true,4,2,3,3,1,3,4,2,3,4,3,1,3,3,3,3,1,3,2,4,3,3,1,2,4,3,2,5,2,3,4,4,4,3,4,3,4,3,4,4,5,5,3,3,3,4,4,2,3,4,2,4,2,2,2,2,3,2,4,5,4,4,4,4,4,5,3,4,4,3,4,4,3,4,4,3,4,5,5,5,often,always,always,often,often,often,always,often,sometimes,sometimes,sometimes,always,available,available,available,available,available,available,available,partial,available,available,available,available,available,not_available,available,available,available,available,available,available,no,yes,yes,dk,yes,yes,yes,yes,yes,dk,dk,yes,yes,dk,yes,3,3,2,2,3,3,3,3,3,3,3,2,2,3,4,High workload and inadequate staffing,"Gloves, masks, disinfectants and waste bins",Maintain emergency PPE stocks and strengthen referral and notification procedures.,Regular monitoring and adequate supplies would improve compliance.
R0653,yes,18_24,male,jchew,hnd,6_10,6_10,other,primary,rural,yes,6m,yes,true,false,true,false,true,false,dk,true,dk,false,true,dk,false,true,true,3,4,4,4,3,2,2,4,3,3,3,3,5,5,5,4,2,4,3,4,3,3,3,3,4,3,3,3,2,3,3,3,2,5,3,2,3,5,3,3,2,4,2,3,4,3,3,5,3,3,5,3,4,1,2,2,1,3,3,4,4,4,3,4,3,4,3,3,3,3,5,5,4,2,2,4,3,3,4,5,sometimes,always,often,always,often,always,always,always,often,always,always,often,available,available,available,not_available,available,available,partial,available,available,partial,available,available,not_available,available,available,not_available,not_available,partial,available,available,no,no,yes,yes,yes,no,yes,yes,yes,dk,yes,yes,yes,yes,yes,2,4,4,2,5,4,4,4,3,3,3,4,3,4,4,Limited isolation and waste-management infrastructure,"Training materials, PPE and cleaning supplies","Improve water, sanitation, waste management and PPE availability.",Staff understand IPC but workload can affect compliance.
R0654,yes,25_34,male,pharmacy,bachelor,1_5,lt1,inpatient,primary,urban,yes,gt2y,no,true,false,false,false,true,true,true,true,false,false,true,true,true,false,false,3,4,5,3,4,5,4,4,5,3,3,5,4,4,3,3,3,3,5,2,4,4,5,4,5,4,4,5,3,4,3,2,2,4,3,4,5,3,4,3,1,4,3,4,3,2,3,2,4,3,4,5,3,3,3,4,2,2,3,4,3,5,3,4,3,1,3,2,4,4,3,3,3,1,4,3,4,3,4,2,always,often,sometimes,always,always,always,often,always,rarely,sometimes,always,sometimes,partial,available,available,unknown,available,available,unknown,available,available,available,partial,available,not_available,not_available,partial,not_available,available,available,not_available,available,yes,yes,dk,no,dk,yes,no,yes,no,yes,yes,dk,yes,yes,yes,3,4,3,5,5,4,3,4,3,3,5,5,3,4,5,Limited isolation and waste-management infrastructure,"PPE, alcohol-based hand rub and isolation space",Conduct regular IPC and Lassa fever refresher training and outbreak drills.,Water supply and PPE availability should be maintained consistently.
R0655,yes,18_24,female,cho,diploma,11_15,lt1,inpatient,secondary,urban,yes,7_12m,yes,true,true,true,false,false,true,true,true,true,false,true,true,true,dk,true,5,3,3,5,5,4,3,2,4,3,3,3,4,4,4,4,4,2,4,4,3,2,1,3,2,2,4,3,5,3,3,3,1,1,4,3,3,4,3,2,4,3,3,4,4,4,4,3,5,5,3,4,3,2,2,3,2,3,4,2,1,1,4,5,3,3,2,3,3,2,4,3,2,3,2,4,3,1,3,2,often,often,always,sometimes,rarely,often,sometimes,often,always,rarely,often,sometimes,available,partial,partial,partial,available,available,available,available,available,available,available,available,partial,not_available,available,not_available,partial,available,available,available,yes,dk,dk,no,yes,yes,yes,yes,yes,yes,no,no,no,no,yes,3,4,4,5,4,3,2,4,4,4,5,4,2,5,4,Availability of IPC supplies and management support,"Water, soap and sharps containers","Provide a functional isolation area, clear SOPs and regular supervision.",Staff understand IPC but workload can affect compliance.
R0656,yes,35_44,male,doctor,master,11_15,1_5,emergency,primary,urban,yes,7_12m,no,false,false,dk,dk,true,false,false,false,dk,false,dk,false,dk,false,false,2,3,4,4,2,5,4,3,2,2,3,4,2,2,3,4,2,4,4,4,2,2,2,3,4,4,5,3,1,3,3,5,4,3,2,4,4,3,2,5,4,3,3,4,3,3,2,4,2,2,3,2,2,3,4,5,3,4,2,1,2,4,2,3,2,3,2,4,1,2,3,1,2,2,4,3,3,4,3,2,often,rarely,sometimes,sometimes,often,always,rarely,rarely,often,never,often,rarely,available,available,partial,available,partial,available,available,partial,partial,available,partial,available,available,available,not_available,not_available,available,available,available,not_available,dk,yes,no,dk,yes,dk,dk,no,dk,no,yes,dk,yes,yes,yes,5,2,3,3,3,4,4,4,2,3,4,3,3,4,4,Limited water and hand-hygiene supplies,"PPE, hand-hygiene supplies and running water","Improve water, sanitation, waste management and PPE availability.",More practical outbreak drills and feedback would be useful.
R0657,yes,25_34,female,doctor,bachelor,11_15,lt1,emergency,secondary,semiurban,yes,1_2y,no,false,dk,dk,true,false,dk,dk,false,dk,true,false,false,false,dk,false,5,4,4,4,4,3,4,4,4,4,4,5,2,5,5,3,5,3,4,4,5,3,3,3,3,3,3,4,3,3,4,5,2,5,4,2,2,5,4,3,4,4,4,4,3,3,3,3,3,3,3,4,3,2,4,4,5,1,4,3,4,4,3,4,4,5,4,3,2,5,2,3,5,4,4,3,4,4,5,3,rarely,often,sometimes,sometimes,often,always,always,often,sometimes,often,rarely,sometimes,available,available,available,partial,available,partial,available,available,unknown,available,available,available,available,available,available,not_available,partial,partial,available,partial,yes,yes,yes,yes,yes,yes,dk,dk,no,yes,yes,yes,dk,yes,yes,3,2,2,3,3,4,3,2,3,2,2,1,2,2,1,Limited isolation and waste-management infrastructure,"Gloves, masks, disinfectants and waste bins",Conduct routine IPC audits and communicate findings to staff.,Water supply and PPE availability should be maintained consistently.
R0658,yes,18_24,male,lab,certificate,1_5,1_5,inpatient,primary,semiurban,yes,1_2y,no,true,true,true,false,false,false,true,true,true,true,true,dk,true,true,true,2,3,4,4,3,4,3,3,2,2,3,3,2,2,5,4,4,4,4,4,3,3,3,3,4,3,3,5,1,3,4,3,3,3,4,4,3,4,4,4,4,4,3,4,2,3,2,2,3,4,2,4,3,3,2,2,3,3,4,3,4,2,3,4,3,3,3,1,2,4,4,2,4,3,3,4,4,2,4,3,sometimes,rarely,often,rarely,often,sometimes,sometimes,always,always,sometimes,sometimes,always,partial,available,available,available,partial,available,available,available,available,available,available,available,available,available,available,partial,not_available,partial,available,available,no,yes,dk,yes,yes,yes,no,no,no,yes,yes,no,yes,yes,yes,4,3,3,3,3,2,5,2,5,3,4,2,4,4,4,Limited water and hand-hygiene supplies,"PPE, hand-hygiene supplies and running water",Conduct routine IPC audits and communicate findings to staff.,More practical outbreak drills and feedback would be useful.
R0659,yes,25_34,male,chew,hnd,gt15,gt15,opd,secondary,semiurban,yes,gt2y,yes,true,dk,true,false,false,true,true,true,true,true,true,true,true,false,true,4,3,4,5,5,4,5,5,4,4,4,5,5,5,3,5,4,3,4,3,4,3,2,4,3,4,4,2,4,5,4,5,3,3,4,4,4,2,2,2,5,4,4,4,3,3,3,2,4,2,4,5,4,1,3,3,3,3,5,5,4,4,3,4,3,5,3,4,5,4,4,4,5,3,5,3,4,3,4,5,always,always,always,often,sometimes,often,always,sometimes,always,often,always,often,available,available,available,partial,partial,partial,not_available,not_available,available,available,available,available,not_available,partial,available,available,available,available,not_available,available,yes,yes,no,dk,yes,yes,yes,yes,yes,dk,yes,no,no,yes,yes,4,2,3,3,4,3,4,2,3,2,4,4,3,5,5,High workload and inadequate staffing,"Water, soap and sharps containers",Maintain emergency PPE stocks and strengthen referral and notification procedures.,More practical outbreak drills and feedback would be useful.
R0660,yes,35_44,female,lab,bachelor,gt15,1_5,maternity,secondary,semiurban,yes,6m,no,true,false,false,false,false,true,true,true,false,dk,true,true,true,false,true,4,4,3,1,2,3,4,3,4,4,4,3,5,3,2,4,2,4,3,1,4,4,3,4,4,4,2,4,4,4,4,3,4,4,3,5,4,4,5,3,4,2,1,2,2,3,1,3,3,1,3,4,3,4,1,2,2,3,3,4,3,3,2,4,4,5,4,4,5,4,4,3,4,3,4,3,4,2,2,1,sometimes,sometimes,always,na,sometimes,sometimes,sometimes,rarely,sometimes,sometimes,sometimes,sometimes,available,available,available,available,available,partial,partial,partial,partial,available,available,available,partial,available,not_available,not_available,available,not_available,available,partial,yes,yes,dk,no,yes,dk,no,no,yes,yes,no,yes,no,no,no,3,2,4,3,4,2,3,1,5,4,1,3,4,2,3,Insufficient refresher training and supervision,"PPE, hand-hygiene supplies and running water","Provide a functional isolation area, clear SOPs and regular supervision.",More practical outbreak drills and feedback would be useful.
R0661,yes,35_44,female,nurse_midwife,bachelor,6_10,1_5,inpatient,primary,semiurban,no,unknown,no,false,true,dk,false,false,true,true,true,true,true,false,dk,true,false,true,5,3,3,3,5,3,4,5,3,4,4,4,4,5,5,4,4,5,3,4,2,1,4,2,4,3,3,3,4,3,2,3,5,2,3,4,2,2,1,3,5,2,3,5,2,4,5,3,3,5,4,5,5,3,2,1,1,2,5,3,3,2,5,5,3,3,3,3,5,4,3,2,4,3,4,4,2,2,3,4,rarely,sometimes,often,always,sometimes,sometimes,often,often,always,often,sometimes,sometimes,not_available,unknown,available,available,available,available,available,available,available,partial,partial,not_available,partial,available,available,available,available,not_available,available,not_available,dk,yes,yes,no,yes,dk,yes,no,yes,yes,no,no,no,dk,yes,2,3,3,3,3,4,2,2,3,2,4,3,1,2,5,Inconsistent PPE availability,"Water, soap and sharps containers",Conduct routine IPC audits and communicate findings to staff.,More practical outbreak drills and feedback would be useful.
R0662,yes,18_24,female,chew,master,6_10,lt1,pharmacy,primary,urban,no,unknown,yes,true,false,dk,false,false,dk,dk,true,false,dk,false,true,true,false,true,4,2,4,4,4,1,3,3,2,3,3,3,3,3,4,4,3,4,2,2,3,2,5,3,4,2,3,3,2,3,3,3,3,4,3,4,3,2,3,3,5,4,2,3,1,4,2,3,2,2,4,2,3,3,3,4,3,4,3,4,2,4,2,3,4,3,2,4,3,3,3,4,1,3,3,2,2,2,2,3,often,often,often,rarely,rarely,sometimes,rarely,sometimes,sometimes,rarely,na,never,available,available,partial,partial,available,not_available,available,partial,available,available,available,partial,available,partial,not_available,available,available,not_available,partial,not_available,yes,yes,no,no,yes,yes,yes,yes,no,dk,dk,yes,yes,yes,no,2,2,2,4,5,4,4,3,5,3,2,4,4,4,5,Limited isolation and waste-management infrastructure,"Gloves, masks, disinfectants and waste bins",Maintain emergency PPE stocks and strengthen referral and notification procedures.,Regular monitoring and adequate supplies would improve compliance.
R0663,yes,55_plus,male,chew,diploma,1_5,6_10,opd,primary,urban,yes,6m,yes,false,true,false,true,false,false,true,dk,false,dk,true,dk,true,true,true,3,5,3,3,2,3,4,5,4,3,2,5,4,2,4,2,3,4,4,3,1,4,2,3,3,4,3,1,3,3,3,3,3,4,4,3,5,4,3,3,4,2,4,3,3,3,2,4,4,3,3,4,4,4,3,3,2,2,3,5,3,1,2,2,3,3,3,3,3,2,2,3,2,1,2,4,2,3,4,2,sometimes,sometimes,often,rarely,often,sometimes,often,often,sometimes,rarely,sometimes,rarely,available,available,not_available,not_available,available,available,not_available,partial,available,available,available,available,not_available,available,available,available,partial,available,not_available,available,yes,yes,yes,yes,no,yes,yes,yes,dk,no,yes,dk,no,no,yes,4,3,3,3,3,3,4,2,4,3,3,2,2,1,2,High workload and inadequate staffing,"Training materials, PPE and cleaning supplies","Provide a functional isolation area, clear SOPs and regular supervision.",Water supply and PPE availability should be maintained consistently.
R0664,yes,25_34,male,nurse_midwife,master,gt15,1_5,opd,primary,urban,yes,7_12m,yes,true,true,false,false,false,true,false,true,false,true,dk,true,true,false,true,5,4,4,3,4,5,5,5,4,5,4,4,4,4,4,4,5,4,5,5,2,2,1,1,1,3,4,2,3,1,1,2,3,2,2,2,2,3,1,3,3,2,2,3,1,3,4,2,3,3,4,4,4,2,4,2,2,2,3,3,4,3,2,5,1,3,3,2,4,3,3,4,3,3,4,3,3,2,3,3,sometimes,na,sometimes,sometimes,often,often,often,sometimes,sometimes,rarely,often,often,available,available,partial,available,available,available,available,available,available,available,available,available,available,partial,not_available,not_available,available,available,available,not_available,dk,yes,yes,yes,yes,yes,yes,yes,no,yes,no,yes,yes,yes,dk,3,3,5,4,3,3,3,4,4,3,4,4,4,5,4,Insufficient refresher training and supervision,"PPE, alcohol-based hand rub and isolation space",Conduct regular IPC and Lassa fever refresher training and outbreak drills.,Water supply and PPE availability should be maintained consistently.
R0665,yes,25_34,female,cho,bachelor,6_10,1_5,opd,primary,urban,yes,1_2y,no,false,true,dk,true,true,false,false,true,false,dk,true,false,true,false,true,4,2,4,5,2,2,3,4,4,3,4,3,3,2,5,5,3,4,3,3,2,2,2,3,3,3,3,5,3,3,3,3,3,1,2,4,3,3,2,4,3,3,3,3,2,5,3,4,4,4,4,4,4,3,2,2,3,2,4,5,3,4,5,3,2,3,3,2,3,2,3,2,2,3,3,2,1,3,2,1,sometimes,sometimes,rarely,rarely,sometimes,often,often,sometimes,often,sometimes,often,often,available,not_available,not_available,not_available,partial,available,available,not_available,available,available,available,partial,available,not_available,available,partial,available,not_available,not_available,not_available,dk,no,yes,yes,dk,yes,dk,yes,yes,dk,yes,yes,yes,yes,yes,4,3,3,3,4,3,3,1,2,5,4,4,4,4,3,Limited water and hand-hygiene supplies,"PPE, alcohol-based hand rub and isolation space","Improve water, sanitation, waste management and PPE availability.",The facility needs stronger supervision and refresher training.
R0666,yes,35_44,female,cho,diploma,gt15,1_5,maternity,secondary,rural,no,unknown,no,dk,true,true,false,false,dk,true,true,false,false,false,false,true,false,false,3,4,2,2,4,3,4,2,2,3,5,4,3,4,3,3,3,2,5,1,4,3,4,3,4,1,4,4,5,3,5,5,5,5,4,4,4,2,5,4,5,4,5,4,3,2,1,5,3,4,4,3,5,2,2,3,3,2,4,4,3,2,2,5,2,2,3,2,4,3,3,4,4,3,2,2,3,1,3,3,sometimes,often,sometimes,sometimes,often,na,sometimes,sometimes,sometimes,sometimes,sometimes,sometimes,partial,partial,available,available,available,not_available,not_available,partial,available,available,available,available,available,available,not_available,unknown,available,available,not_available,available,yes,yes,yes,yes,no,no,yes,dk,no,dk,yes,yes,no,no,yes,4,3,3,3,1,3,2,2,3,4,2,1,2,3,2,Insufficient refresher training and supervision,"PPE, hand-hygiene supplies and running water",Maintain emergency PPE stocks and strengthen referral and notification procedures.,Regular monitoring and adequate supplies would improve compliance.
R0667,yes,25_34,female,chew,hnd,1_5,1_5,maternity,primary,rural,yes,1_2y,no,false,true,true,false,false,true,true,true,true,true,true,true,true,false,true,3,3,3,2,2,2,3,2,3,4,2,3,4,4,3,3,4,2,2,4,3,2,1,2,1,2,1,4,3,2,2,2,2,2,1,2,2,2,3,1,1,4,2,2,4,2,4,3,2,3,2,2,4,2,4,4,2,2,2,4,2,3,4,5,3,2,5,2,2,3,3,3,4,3,1,1,2,4,4,1,often,often,rarely,sometimes,always,always,often,always,rarely,often,often,sometimes,available,not_available,available,available,available,available,available,not_available,partial,available,not_available,partial,partial,partial,available,partial,not_available,partial,available,available,no,yes,no,yes,yes,no,yes,yes,yes,yes,yes,yes,yes,dk,yes,4,1,5,5,4,4,3,4,3,3,2,1,3,2,2,Availability of IPC supplies and management support,"Water, soap and sharps containers",Maintain emergency PPE stocks and strengthen referral and notification procedures.,Water supply and PPE availability should be maintained consistently.
R0668,yes,18_24,female,cho,hnd,1_5,1_5,laboratory,primary,urban,yes,7_12m,no,false,true,true,true,false,dk,true,dk,true,dk,true,true,true,false,true,4,4,3,5,4,4,3,4,3,2,4,2,3,3,4,2,4,2,3,3,5,4,2,2,2,4,3,4,2,4,3,3,2,2,3,3,4,3,3,1,3,3,2,4,3,4,2,2,2,2,2,2,2,5,2,4,5,4,2,1,5,4,5,3,4,2,3,2,3,4,3,4,4,3,3,5,5,2,4,3,sometimes,often,sometimes,often,na,sometimes,always,often,often,rarely,sometimes,sometimes,available,available,available,available,available,not_available,not_available,not_available,available,not_available,available,not_available,available,available,available,partial,available,not_available,available,partial,dk,yes,yes,no,yes,no,dk,no,dk,no,no,dk,dk,yes,no,4,5,3,4,4,4,3,3,4,5,4,3,4,3,3,Availability of IPC supplies and management support,"Gloves, masks, disinfectants and waste bins",Maintain emergency PPE stocks and strengthen referral and notification procedures.,Staff understand IPC but workload can affect compliance.
R0669,yes,35_44,female,lab,diploma,gt15,lt1,opd,secondary,semiurban,yes,gt2y,no,true,true,true,false,true,true,false,false,true,true,true,true,true,false,true,5,4,4,4,4,4,1,4,4,4,3,3,4,2,2,5,4,4,3,4,3,4,2,3,3,3,3,4,3,1,1,2,3,3,3,3,3,4,4,3,4,4,4,3,3,4,2,3,5,2,2,4,3,2,4,2,3,2,3,3,3,4,4,2,4,4,5,5,4,3,5,4,2,4,4,4,3,5,3,4,never,sometimes,sometimes,rarely,often,often,sometimes,rarely,sometimes,often,rarely,sometimes,partial,available,available,available,partial,available,available,available,available,partial,available,available,available,not_available,available,partial,available,available,available,available,yes,no,yes,yes,no,no,yes,yes,yes,yes,yes,no,yes,yes,yes,3,3,2,2,4,4,3,2,2,3,3,2,3,5,3,Inconsistent PPE availability,"Training materials, PPE and cleaning supplies","Provide a functional isolation area, clear SOPs and regular supervision.",The facility needs stronger supervision and refresher training.
R0670,yes,35_44,female,nurse_midwife,doctorate,1_5,1_5,laboratory,primary,urban,yes,7_12m,yes,true,true,true,false,true,true,true,true,true,true,true,true,true,false,true,5,5,4,4,2,3,5,3,3,3,4,5,5,5,3,5,5,4,4,3,4,2,2,4,4,3,3,5,3,4,3,2,4,3,4,2,5,3,4,4,2,4,3,3,5,3,5,3,5,5,3,3,3,2,2,4,3,1,4,2,3,4,2,3,4,5,5,5,5,4,4,5,3,5,3,4,4,4,5,5,sometimes,always,rarely,rarely,sometimes,often,sometimes,sometimes,sometimes,often,often,rarely,available,available,available,available,available,available,partial,available,available,available,partial,partial,available,available,partial,partial,available,available,available,available,no,no,no,yes,dk,yes,no,yes,dk,dk,yes,yes,yes,yes,yes,3,4,3,1,3,3,4,3,1,5,2,3,2,4,4,High workload and inadequate staffing,"Water, soap and sharps containers","Provide a functional isolation area, clear SOPs and regular supervision.",The facility needs stronger supervision and refresher training.
R0671,yes,35_44,female,cho,bachelor,1_5,lt1,inpatient,secondary,urban,yes,7_12m,yes,true,dk,false,true,false,true,dk,true,true,false,false,false,true,false,false,3,4,4,4,5,4,4,4,3,5,5,4,2,5,2,5,3,5,5,4,4,2,4,4,4,5,4,5,5,3,4,4,3,2,3,3,4,3,4,4,4,4,3,2,3,3,3,3,4,2,2,3,3,4,3,2,4,4,3,3,3,4,2,5,3,4,4,4,4,5,3,4,5,5,4,4,5,5,5,5,often,always,sometimes,always,often,always,often,always,always,always,always,always,available,not_available,available,not_available,partial,available,available,partial,available,available,available,available,not_available,available,not_available,available,not_available,not_available,available,available,yes,yes,no,yes,no,yes,yes,yes,yes,no,dk,yes,dk,no,yes,3,2,4,3,3,2,3,2,5,3,3,3,3,3,3,Inconsistent PPE availability,"Water, soap and sharps containers","Improve water, sanitation, waste management and PPE availability.",Regular monitoring and adequate supplies would improve compliance.
R0672,yes,18_24,male,cho,master,1_5,1_5,inpatient,primary,rural,yes,7_12m,no,true,false,dk,true,true,false,false,false,false,false,false,false,false,true,false,4,3,3,5,3,4,3,3,5,3,4,4,4,3,3,4,4,3,3,3,1,2,4,3,2,3,3,4,2,3,3,4,5,3,5,4,2,3,2,4,2,2,3,3,3,2,2,3,2,3,3,2,3,4,3,2,3,2,4,5,3,2,3,3,4,2,4,3,4,3,4,2,4,3,4,4,3,4,3,4,sometimes,rarely,often,often,sometimes,always,rarely,sometimes,never,never,sometimes,often,available,available,not_available,unknown,not_available,available,not_available,not_available,partial,available,available,not_available,available,unknown,available,available,available,available,available,available,yes,no,no,yes,yes,yes,no,yes,dk,dk,yes,yes,dk,dk,yes,5,3,3,2,5,3,3,1,3,4,2,2,3,2,3,Inconsistent PPE availability,"Gloves, masks, disinfectants and waste bins",Conduct regular IPC and Lassa fever refresher training and outbreak drills.,More practical outbreak drills and feedback would be useful.
R0673,yes,25_34,male,nurse_midwife,diploma,11_15,6_10,community,secondary,rural,yes,6m,no,true,true,false,false,true,true,true,true,false,true,true,true,true,false,true,4,3,2,5,5,3,4,5,3,5,3,5,4,4,4,5,5,3,5,4,3,3,4,3,3,3,3,3,2,3,3,3,3,2,3,4,3,4,3,2,4,3,3,2,3,1,2,2,3,2,5,3,3,3,4,4,2,3,3,3,5,5,3,3,3,3,4,3,3,3,2,3,2,3,3,5,2,4,5,3,sometimes,often,often,sometimes,never,sometimes,sometimes,often,sometimes,sometimes,often,rarely,available,partial,available,available,available,partial,available,partial,not_available,not_available,partial,partial,not_available,available,available,partial,not_available,not_available,available,available,yes,yes,yes,no,no,yes,dk,no,yes,dk,dk,dk,dk,yes,no,3,3,4,3,3,4,3,1,2,1,2,3,4,4,2,Insufficient refresher training and supervision,"Gloves, masks, disinfectants and waste bins",Maintain emergency PPE stocks and strengthen referral and notification procedures.,More practical outbreak drills and feedback would be useful.
R0674,yes,55_plus,female,pharmacy,diploma,11_15,1_5,opd,primary,rural,yes,gt2y,no,true,true,true,false,dk,true,true,true,true,false,true,false,true,false,true,4,3,1,3,4,2,4,5,2,4,3,5,3,4,3,3,3,2,2,4,3,2,4,3,4,3,3,4,2,2,2,3,2,2,1,2,5,4,1,2,5,3,4,3,3,4,4,2,3,3,1,3,1,2,3,3,4,3,3,2,3,4,3,3,3,3,2,3,2,4,3,2,2,2,2,3,4,1,2,3,sometimes,rarely,rarely,often,always,sometimes,sometimes,sometimes,often,often,sometimes,often,available,available,available,not_available,available,partial,available,available,available,available,available,available,partial,available,partial,not_available,available,available,partial,not_available,yes,yes,yes,no,yes,no,yes,no,no,no,no,no,dk,yes,yes,3,1,3,4,3,2,2,2,3,3,2,5,4,3,4,High workload and inadequate staffing,"Water, soap and sharps containers",Conduct routine IPC audits and communicate findings to staff.,More practical outbreak drills and feedback would be useful.
R0675,yes,25_34,male,nurse_midwife,master,lt1,lt1,environmental,secondary,rural,yes,gt2y,yes,true,false,dk,false,false,true,false,false,false,true,dk,true,true,dk,dk,3,4,2,2,3,4,3,3,3,4,4,3,3,3,3,5,3,3,5,4,4,3,4,3,5,3,4,4,2,5,4,4,3,3,3,2,5,5,1,3,3,3,5,4,3,2,3,1,2,1,2,2,3,3,3,3,4,4,2,2,3,4,3,3,3,3,2,3,2,3,2,3,3,1,4,2,5,3,3,2,rarely,sometimes,rarely,sometimes,rarely,sometimes,sometimes,sometimes,rarely,sometimes,sometimes,sometimes,available,partial,available,partial,available,available,partial,available,available,available,available,available,not_available,available,not_available,partial,available,partial,available,partial,no,yes,yes,yes,no,dk,yes,yes,yes,no,dk,no,yes,no,dk,3,3,5,4,2,3,2,2,2,2,5,2,4,3,4,High workload and inadequate staffing,"Gloves, masks, disinfectants and waste bins",Conduct routine IPC audits and communicate findings to staff.,More practical outbreak drills and feedback would be useful.
R0676,yes,35_44,female,nurse_midwife,bachelor,gt15,1_5,environmental,secondary,urban,yes,1_2y,yes,true,true,true,false,false,false,false,false,true,true,true,true,true,dk,dk,4,4,5,3,4,4,5,5,4,5,5,5,4,5,4,3,5,4,4,5,2,4,4,4,3,4,3,3,4,4,3,4,4,3,4,5,4,3,3,4,4,4,3,4,4,5,5,4,3,3,5,4,3,2,2,3,1,2,5,5,3,4,2,3,4,3,2,4,4,4,3,3,4,4,4,5,4,3,3,5,often,often,always,often,often,often,always,often,rarely,often,never,often,not_available,available,available,available,partial,available,not_available,not_available,partial,available,unknown,available,not_available,available,partial,available,partial,not_available,available,available,yes,no,yes,no,no,yes,yes,yes,dk,dk,yes,yes,yes,no,yes,3,2,5,4,3,3,4,4,4,2,3,3,3,4,4,Limited water and hand-hygiene supplies,"Training materials, PPE and cleaning supplies",Maintain emergency PPE stocks and strengthen referral and notification procedures.,Staff understand IPC but workload can affect compliance.
R0677,yes,45_54,male,cho,bachelor,1_5,1_5,paediatric,secondary,rural,yes,gt2y,yes,true,true,true,false,dk,true,true,true,true,true,true,true,true,false,true,5,3,4,4,4,5,5,4,4,4,5,4,5,5,3,4,5,5,5,4,2,3,2,3,1,3,3,4,2,3,3,2,3,4,2,2,4,3,3,2,2,3,4,4,3,4,3,3,4,4,3,3,2,2,4,2,2,2,4,4,3,3,3,3,3,3,4,3,1,4,4,3,2,2,3,3,4,2,3,3,sometimes,often,often,often,often,often,often,na,often,sometimes,sometimes,sometimes,partial,available,available,not_available,available,available,partial,partial,available,available,available,available,available,unknown,not_available,available,available,available,available,available,yes,yes,yes,no,yes,yes,dk,yes,no,yes,yes,no,yes,no,yes,1,3,3,1,2,4,3,3,3,2,2,4,2,2,4,Insufficient refresher training and supervision,"PPE, alcohol-based hand rub and isolation space","Improve water, sanitation, waste management and PPE availability.",Water supply and PPE availability should be maintained consistently.
R0678,yes,35_44,female,doctor,bachelor,6_10,gt15,other,primary,rural,yes,gt2y,yes,true,true,true,false,dk,false,dk,true,true,true,false,false,true,false,true,5,3,5,4,4,4,4,4,4,5,2,3,4,2,4,5,2,4,4,3,5,3,4,3,3,4,4,2,2,3,2,3,3,4,2,4,2,3,3,3,2,3,3,3,2,4,4,3,4,3,3,1,5,1,4,2,2,3,3,3,3,5,3,3,2,3,4,4,4,3,3,3,3,3,3,4,3,4,2,5,never,never,sometimes,sometimes,never,sometimes,always,rarely,often,sometimes,never,rarely,available,available,available,not_available,available,available,available,not_available,available,available,unknown,partial,unknown,partial,available,not_available,available,partial,partial,partial,yes,yes,yes,yes,yes,yes,yes,no,no,no,yes,no,yes,yes,yes,2,2,2,2,3,5,2,2,4,2,3,2,4,4,3,Insufficient refresher training and supervision,"PPE, alcohol-based hand rub and isolation space",Maintain emergency PPE stocks and strengthen referral and notification procedures.,Regular monitoring and adequate supplies would improve compliance.
R0679,yes,25_34,male,attendant,bachelor,1_5,gt15,paediatric,primary,rural,no,unknown,yes,true,true,false,false,true,true,true,true,true,true,true,true,true,dk,true,1,4,4,3,3,2,3,2,4,3,3,3,4,2,2,5,4,4,3,3,5,4,4,3,4,4,4,2,4,3,4,3,3,4,3,4,4,4,3,4,2,2,2,3,3,4,3,3,3,3,5,3,4,3,4,2,2,2,3,4,4,2,3,3,4,3,3,3,1,3,2,4,2,3,3,1,3,3,4,5,sometimes,sometimes,often,never,sometimes,sometimes,sometimes,sometimes,rarely,sometimes,rarely,never,partial,partial,available,partial,available,available,not_available,available,available,available,not_available,available,not_available,partial,available,partial,available,available,available,partial,dk,no,yes,no,yes,yes,no,yes,no,dk,no,yes,no,yes,yes,1,3,3,2,3,3,4,2,2,3,4,4,2,3,4,High workload and inadequate staffing,"Water, soap and sharps containers",Conduct regular IPC and Lassa fever refresher training and outbreak drills.,The facility needs stronger supervision and refresher training.
R0680,yes,35_44,male,nurse_midwife,bachelor,1_5,1_5,paediatric,secondary,urban,yes,1_2y,no,true,true,true,dk,false,false,true,true,true,true,dk,true,true,true,false,4,4,3,2,3,3,3,4,2,3,3,4,3,3,3,3,4,3,4,4,4,2,4,4,4,4,3,5,5,4,5,3,4,5,3,4,3,4,4,4,4,3,1,5,4,3,3,5,2,2,3,3,2,2,5,4,3,4,3,2,5,3,4,4,4,4,5,5,4,5,5,4,5,5,4,5,5,5,5,5,always,always,sometimes,often,always,often,often,often,always,always,often,always,partial,not_available,partial,available,partial,not_available,available,not_available,unknown,not_available,available,available,available,available,available,not_available,available,available,available,not_available,yes,no,yes,dk,yes,no,yes,yes,yes,yes,no,yes,dk,yes,yes,3,4,4,3,3,3,3,3,4,2,3,4,4,2,4,Limited water and hand-hygiene supplies,"Water, soap and sharps containers",Conduct routine IPC audits and communicate findings to staff.,The facility needs stronger supervision and refresher training.
R0681,yes,25_34,female,nurse_midwife,master,6_10,1_5,emergency,primary,urban,yes,unknown,yes,true,false,true,false,false,true,true,true,true,true,true,true,true,false,true,3,4,4,4,5,5,4,4,3,4,4,4,5,4,3,5,4,4,4,2,5,3,2,2,3,5,2,3,3,2,2,2,2,2,2,2,3,1,3,4,3,3,1,2,3,2,4,3,4,4,4,2,2,2,3,4,3,4,2,4,5,2,2,3,3,4,4,2,2,3,2,2,3,4,2,3,4,3,3,2,sometimes,rarely,sometimes,sometimes,often,sometimes,na,rarely,sometimes,rarely,sometimes,rarely,available,available,available,available,available,not_available,available,available,partial,available,not_available,available,available,not_available,not_available,available,not_available,partial,not_available,unknown,no,yes,no,no,no,yes,yes,yes,yes,yes,yes,yes,dk,yes,yes,4,5,3,4,4,5,4,1,3,4,4,4,3,3,3,Insufficient refresher training and supervision,"PPE, hand-hygiene supplies and running water","Provide a functional isolation area, clear SOPs and regular supervision.",The facility needs stronger supervision and refresher training.
R0682,yes,25_34,male,nurse_midwife,master,11_15,lt1,opd,primary,rural,no,unknown,yes,true,true,true,false,false,true,false,true,true,true,true,true,true,false,dk,1,4,5,4,3,2,3,3,4,3,5,3,3,2,2,3,1,2,3,4,4,5,5,3,3,5,4,4,5,4,5,4,4,5,5,3,3,3,5,5,4,5,5,3,5,3,3,4,4,3,4,3,3,3,2,2,4,5,3,3,3,3,3,3,3,4,3,3,2,2,4,3,4,3,3,3,2,3,4,3,sometimes,often,sometimes,na,always,often,often,na,often,sometimes,sometimes,always,available,available,available,not_available,unknown,available,partial,not_available,partial,available,available,available,not_available,not_available,available,available,available,available,partial,partial,yes,yes,yes,no,no,no,no,yes,yes,no,no,yes,no,yes,yes,3,4,2,2,3,1,3,4,3,3,2,4,2,3,3,Limited isolation and waste-management infrastructure,"PPE, alcohol-based hand rub and isolation space",Conduct routine IPC audits and communicate findings to staff.,Regular monitoring and adequate supplies would improve compliance.
R0683,yes,25_34,female,chew,diploma,1_5,11_15,emergency,primary,urban,yes,6m,yes,false,false,false,dk,false,true,true,true,false,true,true,true,false,false,true,5,4,4,5,4,2,3,3,2,2,4,3,3,4,4,3,3,4,4,5,1,2,1,1,2,3,2,3,3,4,1,2,1,2,2,3,3,2,1,2,1,3,2,2,3,4,3,5,3,2,3,4,3,5,4,3,3,2,5,4,5,3,4,4,3,3,3,2,4,5,3,5,3,4,3,3,3,2,3,4,always,rarely,rarely,always,rarely,often,rarely,rarely,sometimes,rarely,sometimes,sometimes,available,not_available,partial,not_available,available,partial,partial,available,available,not_available,available,available,available,available,not_available,partial,partial,available,available,available,no,yes,yes,yes,no,yes,no,no,no,yes,yes,no,no,yes,no,4,3,4,3,2,4,4,3,3,3,4,4,3,4,3,High workload and inadequate staffing,"Water, soap and sharps containers",Maintain emergency PPE stocks and strengthen referral and notification procedures.,Staff understand IPC but workload can affect compliance.
R0684,yes,35_44,female,jchew,hnd,1_5,11_15,theatre,secondary,semiurban,no,unknown,yes,true,true,true,false,false,true,true,true,true,true,true,true,true,false,true,3,5,4,4,3,5,3,5,3,5,4,4,3,5,5,3,5,4,4,5,2,2,3,3,4,5,3,2,4,5,3,4,3,4,1,5,4,3,2,3,3,5,3,2,3,4,3,4,2,2,3,3,4,3,2,1,3,3,3,3,3,5,5,2,4,3,1,3,1,2,3,1,3,5,3,4,3,2,3,3,often,often,na,sometimes,often,often,sometimes,sometimes,sometimes,sometimes,na,sometimes,available,available,available,not_available,not_available,available,not_available,not_available,not_available,available,partial,available,available,available,available,available,partial,available,available,not_available,yes,yes,no,dk,yes,yes,no,yes,no,yes,yes,no,yes,yes,yes,3,3,3,3,3,2,3,2,5,3,4,3,3,2,2,Limited water and hand-hygiene supplies,"Water, soap and sharps containers",Conduct regular IPC and Lassa fever refresher training and outbreak drills.,The facility needs stronger supervision and refresher training.
R0685,yes,25_34,male,cho,hnd,11_15,lt1,opd,secondary,urban,no,unknown,yes,false,true,true,false,false,true,dk,true,true,true,true,true,true,false,true,5,3,4,4,2,4,3,3,4,4,4,4,4,4,3,4,5,4,5,3,2,3,4,3,2,3,2,1,1,4,2,3,2,3,4,2,2,1,3,3,1,1,3,3,3,3,2,1,5,5,3,2,3,2,2,3,4,3,3,4,2,2,5,3,2,3,2,2,4,4,3,3,4,4,1,3,4,3,3,2,sometimes,rarely,sometimes,never,sometimes,sometimes,rarely,never,rarely,rarely,sometimes,sometimes,not_available,available,available,available,available,available,unknown,available,available,available,not_available,unknown,not_available,partial,available,not_available,not_available,available,available,available,yes,yes,yes,yes,dk,no,dk,no,yes,no,yes,yes,yes,no,no,2,2,2,3,4,4,1,2,3,2,1,5,3,4,4,Insufficient refresher training and supervision,"PPE, hand-hygiene supplies and running water","Improve water, sanitation, waste management and PPE availability.",Water supply and PPE availability should be maintained consistently.
R0686,yes,55_plus,male,chew,certificate,1_5,1_5,community,secondary,rural,no,unknown,yes,true,true,true,true,dk,true,true,true,true,dk,true,true,dk,false,true,4,3,2,2,2,2,3,2,1,4,4,3,4,3,5,3,5,4,5,3,4,4,3,5,4,3,3,5,1,4,3,3,4,4,2,3,4,4,4,5,4,4,5,4,3,3,5,4,4,3,3,2,4,3,2,2,2,4,5,3,3,3,3,1,2,4,2,3,3,4,3,3,3,3,4,3,3,3,3,3,rarely,rarely,sometimes,rarely,never,rarely,rarely,sometimes,often,sometimes,often,rarely,not_available,available,partial,available,available,available,partial,available,not_available,partial,available,available,not_available,available,not_available,available,available,not_available,available,available,no,yes,yes,yes,yes,yes,yes,dk,no,yes,no,yes,dk,dk,yes,4,4,3,3,4,4,2,2,2,4,1,3,2,3,3,Limited water and hand-hygiene supplies,"PPE, hand-hygiene supplies and running water",Conduct regular IPC and Lassa fever refresher training and outbreak drills.,The facility needs stronger supervision and refresher training.
R0687,yes,45_54,female,chew,bachelor,gt15,1_5,emergency,primary,semiurban,yes,6m,yes,true,true,true,false,false,true,true,true,true,true,true,true,true,false,true,3,5,3,4,4,4,5,5,2,5,4,3,4,5,5,3,5,4,4,4,5,3,3,4,4,3,3,5,4,5,3,5,3,1,2,4,2,5,5,5,3,3,3,4,4,5,4,2,4,4,2,4,4,2,1,2,2,3,3,4,2,5,3,2,4,4,4,4,4,4,5,3,4,4,4,3,4,4,4,4,always,often,often,always,always,always,always,always,always,always,always,always,available,not_available,available,available,available,partial,not_available,partial,partial,not_available,available,not_available,available,available,not_available,not_available,available,available,partial,available,dk,no,yes,dk,yes,no,yes,yes,yes,dk,yes,yes,dk,no,yes,4,3,4,2,5,3,5,3,5,3,3,2,3,4,2,Insufficient refresher training and supervision,"Water, soap and sharps containers",Maintain emergency PPE stocks and strengthen referral and notification procedures.,Staff understand IPC but workload can affect compliance.
R0688,yes,35_44,female,other,certificate,1_5,1_5,inpatient,primary,rural,yes,1_2y,yes,true,true,true,false,false,true,true,true,true,true,false,true,true,false,true,3,4,4,3,5,4,5,4,3,2,3,3,4,4,5,2,3,4,4,5,4,3,2,1,3,4,5,4,4,4,4,3,4,2,3,5,3,3,3,4,3,3,2,4,4,3,3,4,3,2,5,4,3,3,3,1,4,1,3,4,2,3,3,4,1,3,3,3,4,3,4,3,4,1,3,2,3,4,4,1,sometimes,always,rarely,rarely,rarely,sometimes,sometimes,often,rarely,often,rarely,sometimes,not_available,partial,partial,available,partial,available,partial,not_available,available,available,available,available,available,partial,available,available,available,not_available,not_available,not_available,yes,no,yes,yes,yes,no,yes,dk,yes,yes,yes,yes,no,no,dk,4,5,4,5,2,4,4,1,2,5,3,3,3,3,4,Limited water and hand-hygiene supplies,"Training materials, PPE and cleaning supplies",Maintain emergency PPE stocks and strengthen referral and notification procedures.,Regular monitoring and adequate supplies would improve compliance.
R0689,yes,25_34,male,nurse_midwife,bachelor,1_5,1_5,laboratory,secondary,urban,no,unknown,yes,true,true,true,false,false,true,true,true,true,true,true,true,true,false,true,4,4,3,4,2,3,3,4,3,4,4,3,2,3,3,4,3,3,3,3,4,5,4,3,3,2,3,4,2,3,3,4,3,5,5,3,5,5,1,5,5,3,4,4,4,1,3,3,4,2,1,4,3,2,3,4,2,3,3,4,2,3,4,3,2,5,4,2,5,4,4,5,4,4,3,3,3,5,3,4,often,sometimes,often,often,often,sometimes,always,often,often,rarely,sometimes,often,available,available,available,available,available,unknown,partial,available,unknown,partial,unknown,available,available,partial,partial,not_available,partial,not_available,available,not_available,yes,dk,no,yes,yes,yes,yes,yes,yes,yes,dk,no,yes,yes,yes,2,3,4,2,2,5,3,3,4,3,2,2,3,1,4,Availability of IPC supplies and management support,"Training materials, PPE and cleaning supplies",Maintain emergency PPE stocks and strengthen referral and notification procedures.,The facility needs stronger supervision and refresher training.
R0690,yes,25_34,female,chew,diploma,1_5,11_15,emergency,primary,urban,yes,1_2y,no,dk,true,true,false,false,true,true,true,true,true,true,true,true,false,true,2,4,4,3,4,4,4,5,3,4,4,3,5,3,4,4,2,3,4,4,3,3,3,2,2,3,5,5,3,5,3,2,5,4,2,2,3,3,3,4,3,3,3,3,5,3,1,3,4,3,3,3,2,3,3,4,3,3,3,3,3,4,5,4,4,3,2,3,4,3,3,3,4,4,3,3,4,2,3,4,always,often,often,often,always,always,sometimes,always,always,na,always,always,available,partial,available,available,available,partial,available,available,not_available,available,available,partial,partial,available,available,available,partial,available,not_available,available,no,yes,yes,no,yes,dk,yes,yes,no,dk,yes,yes,dk,no,yes,4,3,2,3,3,2,3,4,3,2,4,3,4,1,3,Limited isolation and waste-management infrastructure,"Gloves, masks, disinfectants and waste bins",Maintain emergency PPE stocks and strengthen referral and notification procedures.,Regular monitoring and adequate supplies would improve compliance.
R0691,yes,35_44,female,attendant,certificate,6_10,11_15,opd,secondary,rural,yes,7_12m,yes,false,false,false,false,true,false,true,false,false,true,false,true,false,true,dk,4,5,3,5,4,5,3,3,4,4,4,5,4,5,4,3,5,3,5,2,3,4,3,2,4,2,4,2,3,2,2,4,4,3,2,3,4,4,2,4,3,3,4,1,3,5,4,4,4,5,4,4,3,1,1,1,3,2,4,4,4,3,3,3,3,4,4,3,1,2,2,3,3,3,4,2,2,3,4,4,often,often,always,always,often,always,often,always,always,always,often,rarely,partial,available,partial,not_available,available,available,not_available,available,partial,available,available,unknown,available,not_available,available,available,available,available,available,available,yes,yes,no,yes,no,dk,no,no,yes,dk,yes,yes,dk,yes,dk,3,2,3,3,5,3,3,3,3,3,3,3,4,4,4,Limited isolation and waste-management infrastructure,"Gloves, masks, disinfectants and waste bins",Conduct routine IPC audits and communicate findings to staff.,More practical outbreak drills and feedback would be useful.
R0692,yes,45_54,male,jchew,hnd,6_10,6_10,maternity,primary,semiurban,no,unknown,no,true,true,true,false,false,true,true,true,true,true,true,true,true,false,true,5,3,3,2,3,4,3,2,2,4,3,2,4,3,5,4,5,3,3,5,2,4,5,2,4,3,3,3,3,4,3,3,2,3,3,4,3,4,1,5,4,5,3,3,3,2,3,2,3,2,5,3,3,2,3,2,2,2,4,4,5,5,3,2,4,4,1,4,3,3,5,4,2,3,2,2,1,3,5,4,sometimes,often,often,always,always,rarely,often,sometimes,always,often,often,often,available,available,available,available,available,available,available,not_available,available,available,available,partial,unknown,available,available,available,available,available,partial,not_available,yes,dk,yes,yes,yes,yes,yes,yes,dk,yes,yes,yes,dk,yes,no,2,5,2,3,3,2,3,4,4,4,2,4,2,2,4,Insufficient refresher training and supervision,"Training materials, PPE and cleaning supplies",Maintain emergency PPE stocks and strengthen referral and notification procedures.,Staff understand IPC but workload can affect compliance.
R0693,yes,35_44,female,cho,bachelor,6_10,1_5,pharmacy,primary,semiurban,yes,1_2y,no,false,false,true,dk,false,true,dk,dk,true,dk,dk,false,true,false,false,3,3,4,4,3,5,3,2,4,4,5,4,3,4,4,3,5,3,3,3,3,1,3,4,4,3,3,2,1,4,2,3,2,3,2,2,2,3,3,3,4,3,3,1,3,3,3,2,4,2,2,3,3,5,2,3,3,4,1,2,2,2,2,2,3,1,3,3,2,1,3,3,4,2,3,2,4,2,3,1,sometimes,sometimes,sometimes,rarely,sometimes,rarely,sometimes,never,sometimes,rarely,rarely,sometimes,available,not_available,available,partial,not_available,partial,available,available,available,partial,not_available,available,not_available,available,not_available,available,available,available,unknown,partial,yes,yes,yes,yes,no,dk,no,no,yes,dk,yes,yes,dk,yes,yes,3,3,5,2,4,3,3,4,3,3,4,2,2,3,4,Availability of IPC supplies and management support,"PPE, alcohol-based hand rub and isolation space",Maintain emergency PPE stocks and strengthen referral and notification procedures.,Regular monitoring and adequate supplies would improve compliance.
R0694,yes,35_44,male,lab,hnd,1_5,1_5,other,primary,semiurban,yes,7_12m,no,dk,true,true,false,false,true,true,true,true,false,true,true,true,false,true,3,3,2,5,2,2,3,3,3,4,4,2,5,2,2,2,2,3,4,3,3,2,4,3,3,4,2,1,4,1,4,3,3,2,2,2,4,3,4,1,1,2,5,4,2,4,3,2,3,5,3,4,3,2,4,3,3,2,4,4,3,3,4,2,4,3,4,1,3,3,4,3,3,3,3,2,3,4,4,3,sometimes,never,sometimes,always,often,rarely,often,often,sometimes,often,sometimes,often,available,not_available,available,available,available,partial,not_available,not_available,available,available,available,not_available,partial,not_available,available,available,available,available,available,not_available,yes,yes,yes,yes,no,dk,yes,yes,no,yes,yes,yes,dk,yes,no,1,2,3,2,4,2,3,1,2,3,2,5,2,2,2,Availability of IPC supplies and management support,"Gloves, masks, disinfectants and waste bins",Maintain emergency PPE stocks and strengthen referral and notification procedures.,Regular monitoring and adequate supplies would improve compliance.
R0695,yes,25_34,female,nurse_midwife,diploma,1_5,gt15,opd,secondary,rural,yes,1_2y,yes,false,false,false,dk,false,true,false,true,false,false,dk,false,dk,dk,dk,2,3,4,3,3,2,3,4,3,2,3,3,4,2,2,4,2,4,3,3,2,3,2,1,3,2,3,2,2,3,2,1,3,2,3,3,2,1,3,3,3,3,3,3,2,2,3,3,3,3,2,3,2,3,3,3,3,3,2,2,3,4,4,4,4,4,2,2,2,3,3,4,4,3,3,2,3,3,5,2,never,sometimes,rarely,often,often,rarely,sometimes,sometimes,often,often,often,often,available,available,available,partial,partial,available,not_available,not_available,available,available,available,available,not_available,not_available,available,available,not_available,available,partial,available,yes,no,no,yes,dk,yes,no,no,yes,dk,no,yes,dk,dk,yes,2,3,3,1,2,2,3,3,2,3,1,1,2,3,3,Inconsistent PPE availability,"PPE, hand-hygiene supplies and running water","Provide a functional isolation area, clear SOPs and regular supervision.",The facility needs stronger supervision and refresher training.
R0696,yes,25_34,female,nurse_midwife,diploma,11_15,lt1,laboratory,primary,rural,yes,6m,no,true,false,true,false,false,false,false,false,false,dk,false,false,dk,false,false,4,3,3,4,3,2,2,4,4,5,4,3,3,3,3,3,4,3,3,4,3,4,2,1,2,3,3,3,3,2,4,3,3,5,3,4,2,4,2,2,4,2,3,3,3,4,3,4,3,3,3,1,4,3,3,3,5,3,1,3,4,4,2,4,3,2,4,3,1,1,3,4,2,4,2,5,3,3,2,2,rarely,rarely,sometimes,often,sometimes,rarely,rarely,sometimes,sometimes,sometimes,sometimes,na,available,not_available,partial,not_available,not_available,available,available,not_available,available,available,partial,available,not_available,available,available,available,partial,unknown,not_available,available,yes,no,no,yes,yes,no,yes,yes,yes,dk,no,no,no,yes,no,4,2,4,2,3,4,3,3,3,4,5,3,4,1,3,High workload and inadequate staffing,"Gloves, masks, disinfectants and waste bins",Conduct regular IPC and Lassa fever refresher training and outbreak drills.,Water supply and PPE availability should be maintained consistently.
R0697,yes,25_34,female,cho,certificate,11_15,6_10,environmental,primary,urban,yes,gt2y,no,true,true,dk,false,false,false,true,true,true,true,dk,true,true,false,dk,2,3,4,4,2,3,5,1,4,4,4,3,4,2,3,4,4,4,4,3,2,3,4,4,3,3,4,3,3,4,5,4,3,3,3,4,3,3,3,3,4,2,4,3,5,4,2,4,3,4,4,4,5,3,2,3,3,2,5,5,2,3,4,3,3,2,3,5,4,3,3,4,2,2,4,3,4,2,4,4,often,always,always,sometimes,sometimes,often,always,often,always,always,sometimes,often,available,not_available,available,not_available,available,available,available,available,available,available,unknown,available,available,available,available,available,available,available,not_available,available,no,dk,yes,yes,no,no,yes,no,no,dk,yes,yes,no,yes,no,3,4,4,3,3,3,4,2,4,3,3,3,4,4,4,High workload and inadequate staffing,"PPE, alcohol-based hand rub and isolation space",Maintain emergency PPE stocks and strengthen referral and notification procedures.,More practical outbreak drills and feedback would be useful.
R0698,yes,45_54,female,chew,hnd,11_15,1_5,maternity,primary,urban,no,unknown,yes,true,false,true,false,false,false,true,true,true,true,true,true,true,false,true,5,2,5,1,2,4,2,3,2,3,3,3,4,3,4,4,3,4,3,2,2,5,3,3,4,1,4,3,4,3,3,1,3,3,3,2,4,2,3,2,4,5,4,3,2,2,4,3,4,4,3,3,3,4,3,3,1,3,4,3,3,3,5,1,2,4,3,2,4,4,4,4,3,3,3,3,3,4,4,4,often,often,often,na,often,sometimes,rarely,often,rarely,often,often,often,partial,available,available,not_available,available,available,available,partial,available,available,partial,partial,available,available,partial,unknown,available,not_available,not_available,not_available,yes,yes,yes,no,yes,no,yes,yes,yes,yes,yes,yes,no,yes,yes,3,5,1,2,4,4,3,4,3,3,4,2,3,2,5,Limited water and hand-hygiene supplies,"PPE, alcohol-based hand rub and isolation space","Provide a functional isolation area, clear SOPs and regular supervision.",Staff understand IPC but workload can affect compliance.
R0699,yes,35_44,female,jchew,bachelor,6_10,11_15,paediatric,secondary,rural,no,unknown,yes,true,true,false,false,false,true,true,true,true,true,true,true,true,false,true,5,5,4,3,4,2,5,4,5,4,4,5,3,4,2,3,5,5,2,4,3,3,4,4,3,4,2,3,3,4,3,2,4,4,3,3,4,5,4,2,5,2,4,4,3,5,4,3,4,5,4,4,1,1,3,3,3,3,4,4,4,4,3,2,2,4,4,3,4,3,3,3,3,3,2,3,2,3,3,3,always,always,sometimes,always,often,sometimes,sometimes,often,always,always,sometimes,sometimes,available,partial,available,partial,available,partial,available,not_available,partial,available,partial,available,not_available,available,available,not_available,available,available,not_available,available,yes,no,yes,no,yes,no,yes,yes,dk,dk,no,yes,no,yes,dk,5,3,5,3,3,3,5,4,3,4,3,5,3,4,3,Inconsistent PPE availability,"Training materials, PPE and cleaning supplies",Conduct routine IPC audits and communicate findings to staff.,The facility needs stronger supervision and refresher training.
R0700,yes,25_34,male,nurse_midwife,bachelor,6_10,1_5,paediatric,primary,rural,yes,1_2y,no,false,false,true,false,false,true,false,false,dk,true,true,dk,true,true,true,3,4,4,3,3,2,3,3,4,2,4,5,3,2,3,3,4,2,4,3,2,4,2,4,3,4,1,5,2,4,3,3,2,3,4,4,4,1,3,3,5,3,4,3,2,3,4,4,2,3,5,4,3,4,4,3,3,2,3,5,3,4,4,4,3,2,3,4,2,3,3,2,4,3,2,3,3,2,4,3,sometimes,sometimes,rarely,often,always,often,rarely,sometimes,sometimes,rarely,rarely,sometimes,partial,unknown,available,not_available,available,partial,available,partial,available,available,available,available,not_available,available,available,partial,unknown,partial,not_available,not_available,yes,yes,dk,yes,no,no,no,yes,dk,yes,yes,dk,yes,no,yes,4,3,3,4,3,5,3,5,4,4,5,3,3,4,5,Limited isolation and waste-management infrastructure,"PPE, alcohol-based hand rub and isolation space","Improve water, sanitation, waste management and PPE availability.",Staff understand IPC but workload can affect compliance.
R0701,yes,25_34,female,cho,master,1_5,lt1,theatre,primary,rural,yes,6m,yes,true,true,true,false,false,true,true,false,false,true,true,true,true,false,true,3,4,2,4,5,3,2,1,4,4,2,4,1,3,3,3,3,4,4,2,2,4,4,3,3,3,3,4,2,3,5,4,4,4,3,4,4,3,3,5,4,3,4,4,3,5,5,4,4,4,4,3,3,4,3,2,3,2,2,4,2,3,3,1,2,1,2,3,4,3,2,3,3,3,3,3,2,1,4,3,often,sometimes,often,sometimes,often,sometimes,sometimes,sometimes,often,sometimes,often,often,available,not_available,available,available,available,partial,available,not_available,available,available,available,available,unknown,available,not_available,available,available,available,partial,partial,yes,no,no,yes,yes,no,yes,yes,yes,no,dk,no,dk,yes,yes,4,3,3,4,4,3,3,2,3,5,3,2,2,3,4,Inconsistent PPE availability,"Gloves, masks, disinfectants and waste bins",Conduct regular IPC and Lassa fever refresher training and outbreak drills.,More practical outbreak drills and feedback would be useful.
R0702,yes,25_34,female,cho,hnd,6_10,1_5,community,primary,rural,no,unknown,yes,true,true,true,false,false,true,true,true,true,dk,true,true,true,false,true,3,3,4,4,3,4,3,4,3,3,3,4,4,2,3,3,3,3,2,4,3,3,3,3,3,5,4,4,3,2,3,3,4,2,5,3,3,4,3,3,2,3,5,1,5,2,3,3,4,3,4,4,4,1,1,3,1,2,5,2,5,3,4,4,2,3,4,4,3,5,4,3,3,3,3,4,4,5,4,4,sometimes,always,always,always,often,always,always,often,always,always,often,always,not_available,available,partial,available,available,available,not_available,available,available,partial,available,available,available,available,available,available,available,not_available,partial,available,no,dk,dk,yes,yes,yes,yes,no,yes,yes,yes,no,dk,dk,yes,3,3,2,4,4,3,3,3,1,1,4,3,4,3,4,Inconsistent PPE availability,"Training materials, PPE and cleaning supplies","Provide a functional isolation area, clear SOPs and regular supervision.",Water supply and PPE availability should be maintained consistently.
R0703,yes,35_44,female,cho,certificate,6_10,1_5,laboratory,primary,semiurban,no,unknown,no,false,dk,true,dk,true,false,true,true,true,true,true,true,false,false,dk,3,3,2,4,1,3,3,2,4,2,2,3,4,5,2,2,3,2,3,3,2,2,5,3,2,2,4,5,3,2,5,3,4,4,3,4,1,4,3,3,4,3,3,5,3,1,1,3,3,3,3,2,3,3,1,4,2,4,1,3,3,3,3,3,5,2,3,4,4,3,3,2,4,3,2,4,4,2,2,3,sometimes,always,sometimes,often,rarely,often,sometimes,sometimes,sometimes,sometimes,often,sometimes,not_available,available,available,available,available,available,available,available,partial,available,available,unknown,available,available,not_available,partial,available,available,available,available,yes,yes,yes,no,yes,no,yes,yes,no,dk,yes,yes,yes,yes,yes,3,2,5,4,4,3,4,5,4,5,3,4,2,5,4,Inconsistent PPE availability,"PPE, hand-hygiene supplies and running water","Improve water, sanitation, waste management and PPE availability.",The facility needs stronger supervision and refresher training.
R0704,yes,35_44,female,cho,master,11_15,6_10,opd,primary,urban,yes,6m,yes,true,false,dk,false,false,dk,false,false,true,dk,false,true,false,dk,false,3,5,2,4,5,4,5,4,5,5,5,4,4,4,5,5,4,5,3,3,5,1,3,3,3,3,4,2,2,2,4,4,4,4,4,3,3,2,3,5,2,4,3,3,5,3,2,3,2,4,4,2,2,2,4,3,3,3,3,1,3,4,3,5,2,4,3,2,3,3,3,3,2,3,3,3,5,3,3,5,often,rarely,sometimes,rarely,often,always,often,rarely,sometimes,sometimes,sometimes,sometimes,not_available,partial,available,not_available,unknown,available,partial,unknown,available,available,available,partial,available,available,available,available,available,not_available,available,not_available,yes,yes,yes,yes,dk,dk,yes,yes,no,yes,yes,yes,dk,yes,yes,2,3,4,3,3,2,3,3,3,3,2,3,4,1,3,Limited isolation and waste-management infrastructure,"PPE, alcohol-based hand rub and isolation space",Conduct routine IPC audits and communicate findings to staff.,Regular monitoring and adequate supplies would improve compliance.
R0705,yes,25_34,female,nurse_midwife,hnd,6_10,1_5,laboratory,secondary,semiurban,no,unknown,no,dk,true,false,false,false,true,true,true,true,true,true,true,true,true,true,2,2,3,4,3,3,4,1,4,2,1,2,4,1,3,3,3,3,4,3,3,4,4,3,3,4,5,3,3,4,4,4,5,5,4,4,4,5,4,4,3,2,4,4,3,3,4,4,4,3,3,3,3,2,1,2,4,2,4,5,3,3,1,3,3,3,3,3,4,4,2,2,4,3,2,3,2,3,4,3,often,sometimes,rarely,often,always,rarely,sometimes,often,sometimes,often,rarely,often,available,available,partial,not_available,available,available,available,available,available,partial,available,available,not_available,available,available,not_available,available,partial,partial,available,yes,no,no,yes,yes,dk,yes,dk,yes,no,no,yes,yes,no,yes,2,4,4,1,3,2,2,2,2,2,4,1,3,1,4,Availability of IPC supplies and management support,"Training materials, PPE and cleaning supplies",Conduct routine IPC audits and communicate findings to staff.,The facility needs stronger supervision and refresher training.
R0706,yes,35_44,female,jchew,certificate,1_5,1_5,paediatric,primary,semiurban,yes,gt2y,no,true,true,true,true,false,false,false,true,dk,true,true,true,true,true,false,2,3,3,3,3,1,2,4,2,3,2,3,2,2,2,3,3,3,4,2,3,4,3,2,2,3,3,3,3,3,4,5,5,4,3,3,2,3,3,4,3,5,3,3,4,4,5,4,4,4,4,3,3,2,2,1,2,2,4,2,3,3,3,3,3,5,2,4,5,4,5,4,4,5,2,5,3,4,4,4,often,rarely,rarely,sometimes,sometimes,na,often,sometimes,sometimes,sometimes,rarely,sometimes,partial,not_available,available,not_available,available,available,partial,available,available,available,available,available,available,available,available,not_available,available,partial,available,partial,yes,yes,yes,yes,yes,no,yes,yes,no,yes,yes,yes,dk,yes,yes,4,3,3,3,4,3,3,3,4,4,4,3,4,3,3,Limited water and hand-hygiene supplies,"PPE, hand-hygiene supplies and running water",Conduct regular IPC and Lassa fever refresher training and outbreak drills.,Staff understand IPC but workload can affect compliance.
R0707,yes,45_54,male,cho,bachelor,lt1,1_5,laboratory,primary,rural,yes,7_12m,no,true,false,dk,false,false,dk,true,false,true,true,true,false,true,dk,false,1,2,3,2,3,2,3,3,1,3,3,2,3,3,2,4,3,3,2,2,3,3,3,3,2,5,3,4,5,3,2,2,4,4,5,3,3,4,1,4,2,3,4,4,4,3,4,2,4,2,3,4,5,4,3,5,3,4,4,4,5,5,3,3,2,3,3,3,3,3,3,3,3,5,4,3,3,5,4,5,often,always,often,sometimes,sometimes,always,always,sometimes,always,always,always,often,partial,partial,available,available,unknown,available,available,available,available,available,available,available,available,available,available,partial,available,available,not_available,not_available,no,no,yes,yes,no,no,yes,no,no,yes,yes,yes,no,yes,no,5,4,3,4,4,5,4,3,4,5,4,5,5,3,3,Availability of IPC supplies and management support,"PPE, hand-hygiene supplies and running water","Provide a functional isolation area, clear SOPs and regular supervision.",Regular monitoring and adequate supplies would improve compliance.
R0708,yes,25_34,female,pharmacy,bachelor,1_5,1_5,inpatient,primary,semiurban,no,unknown,no,true,false,true,true,false,true,true,true,true,false,true,false,dk,false,true,3,4,3,3,3,3,4,3,5,4,4,4,4,2,3,3,1,4,3,4,3,4,3,3,3,3,2,2,3,3,4,3,4,1,4,3,2,4,3,1,3,2,2,5,2,2,2,1,1,2,3,3,1,3,5,3,2,3,2,3,3,4,5,2,4,3,2,2,2,2,3,2,2,2,2,2,4,2,3,3,sometimes,sometimes,never,often,sometimes,sometimes,sometimes,rarely,often,sometimes,sometimes,rarely,available,available,partial,not_available,partial,available,not_available,available,available,available,available,not_available,available,unknown,partial,partial,available,not_available,not_available,available,no,dk,yes,no,yes,yes,yes,yes,yes,yes,yes,no,dk,no,yes,3,2,2,2,1,3,3,2,4,3,2,3,1,2,3,Availability of IPC supplies and management support,"Gloves, masks, disinfectants and waste bins","Provide a functional isolation area, clear SOPs and regular supervision.",Staff understand IPC but workload can affect compliance.
R0709,yes,25_34,male,nurse_midwife,hnd,lt1,1_5,opd,secondary,rural,yes,6m,no,true,dk,true,true,false,false,true,true,false,dk,true,false,true,false,true,4,4,4,4,3,5,1,4,3,5,2,4,3,4,4,4,4,4,3,3,2,4,2,2,4,2,3,3,2,3,4,2,3,2,4,3,2,3,4,4,5,3,3,2,4,2,3,3,4,3,3,3,2,4,4,3,3,3,2,1,3,3,4,4,5,2,3,4,3,3,4,3,4,3,2,2,2,2,4,4,rarely,rarely,sometimes,rarely,rarely,often,often,sometimes,sometimes,rarely,sometimes,sometimes,partial,not_available,available,not_available,available,available,available,available,available,not_available,available,available,available,not_available,available,not_available,available,available,available,available,no,yes,yes,yes,no,dk,yes,no,no,yes,yes,no,no,dk,no,3,2,2,3,2,1,4,2,1,2,2,3,3,4,2,Limited isolation and waste-management infrastructure,"Water, soap and sharps containers","Provide a functional isolation area, clear SOPs and regular supervision.",Water supply and PPE availability should be maintained consistently.
R0710,yes,25_34,female,doctor,master,1_5,6_10,emergency,secondary,urban,yes,7_12m,no,true,true,true,false,false,true,true,true,dk,true,true,true,true,false,true,3,2,3,3,2,3,3,4,4,2,3,4,4,4,4,2,3,2,4,2,4,5,5,5,3,5,3,4,5,5,5,4,5,4,5,2,3,5,3,4,3,5,5,5,4,4,3,4,4,2,3,2,4,3,2,4,3,2,2,4,1,2,4,3,1,3,3,2,3,3,4,3,3,2,5,3,2,4,5,3,often,always,rarely,often,sometimes,sometimes,often,rarely,sometimes,often,sometimes,often,available,available,not_available,available,available,available,not_available,available,available,partial,unknown,partial,available,partial,available,partial,available,unknown,partial,available,yes,yes,yes,yes,dk,no,yes,yes,yes,dk,yes,yes,dk,yes,yes,3,5,2,1,3,4,3,4,2,4,4,3,3,3,4,High workload and inadequate staffing,"PPE, hand-hygiene supplies and running water",Conduct regular IPC and Lassa fever refresher training and outbreak drills.,The facility needs stronger supervision and refresher training.
R0711,yes,25_34,female,jchew,bachelor,lt1,11_15,maternity,primary,semiurban,yes,6m,yes,true,false,true,false,false,dk,true,true,false,true,true,dk,true,dk,true,4,3,3,2,3,4,3,2,4,3,3,3,1,2,3,3,3,2,5,1,2,1,2,3,3,2,4,3,4,3,4,2,5,3,3,4,2,5,4,2,3,3,3,2,3,4,3,3,2,3,3,4,3,4,3,2,2,4,3,2,3,3,4,3,3,4,4,3,5,4,4,4,4,4,3,1,3,5,2,4,sometimes,often,often,sometimes,rarely,often,sometimes,rarely,often,sometimes,always,often,available,available,available,partial,available,available,available,not_available,not_available,available,partial,available,unknown,partial,not_available,available,available,not_available,available,available,no,yes,no,yes,no,yes,yes,yes,yes,dk,yes,no,dk,yes,yes,4,3,3,2,3,2,5,5,2,4,3,4,3,4,4,Limited isolation and waste-management infrastructure,"Training materials, PPE and cleaning supplies",Maintain emergency PPE stocks and strengthen referral and notification procedures.,Staff understand IPC but workload can affect compliance.
R0712,yes,18_24,male,nurse_midwife,diploma,1_5,1_5,laboratory,primary,rural,yes,gt2y,no,false,false,true,false,false,false,true,true,true,true,true,false,true,false,false,4,4,3,4,3,3,5,3,5,4,5,5,3,3,5,4,4,5,5,4,4,4,3,2,3,4,4,3,3,5,3,3,3,2,4,4,3,3,4,3,3,2,4,2,3,4,3,3,4,3,3,3,4,3,2,3,3,3,5,2,3,4,5,4,5,4,4,2,3,3,3,4,3,2,3,5,3,3,3,4,often,sometimes,sometimes,always,sometimes,sometimes,sometimes,often,na,always,always,sometimes,partial,available,available,not_available,available,available,available,not_available,available,available,unknown,not_available,partial,not_available,available,partial,available,not_available,available,not_available,yes,yes,dk,yes,yes,yes,no,yes,yes,yes,yes,yes,dk,no,no,4,3,3,4,1,3,3,4,3,2,5,2,2,4,4,Insufficient refresher training and supervision,"Water, soap and sharps containers",Conduct regular IPC and Lassa fever refresher training and outbreak drills.,More practical outbreak drills and feedback would be useful.
R0713,yes,45_54,female,attendant,diploma,1_5,6_10,maternity,primary,rural,yes,7_12m,yes,true,true,true,true,true,false,true,true,true,true,false,dk,true,false,true,2,3,4,3,3,2,3,3,2,2,1,3,2,1,3,3,2,2,2,3,4,4,2,3,2,2,2,2,3,3,1,2,2,3,3,4,2,3,1,2,2,2,1,2,2,2,1,2,1,3,2,3,2,4,4,5,4,4,1,1,4,4,3,3,4,3,2,3,3,3,3,2,3,2,3,3,3,3,3,3,sometimes,rarely,often,often,sometimes,sometimes,na,sometimes,sometimes,sometimes,rarely,rarely,partial,partial,partial,partial,available,not_available,available,not_available,available,available,available,available,available,not_available,available,not_available,not_available,available,available,available,no,yes,yes,yes,yes,no,no,no,dk,yes,no,dk,dk,no,dk,1,2,2,3,1,3,3,3,1,2,2,3,2,2,2,Limited isolation and waste-management infrastructure,"Water, soap and sharps containers",Conduct regular IPC and Lassa fever refresher training and outbreak drills.,The facility needs stronger supervision and refresher training.
R0714,yes,18_24,female,chew,master,6_10,1_5,community,secondary,semiurban,yes,6m,no,true,dk,dk,true,true,true,false,true,true,false,true,true,dk,false,true,3,5,4,3,3,4,4,3,4,3,4,3,4,3,4,4,4,4,4,4,4,2,3,3,3,4,5,2,3,5,4,5,5,3,3,1,3,2,3,3,5,4,5,4,3,4,4,2,1,5,4,4,4,2,3,3,2,4,5,2,3,2,2,4,1,3,4,3,3,2,3,3,3,3,3,2,4,4,3,2,sometimes,rarely,never,sometimes,rarely,sometimes,rarely,often,rarely,rarely,never,never,available,unknown,available,not_available,available,not_available,available,partial,available,available,available,available,not_available,available,available,partial,available,available,not_available,not_available,no,yes,yes,dk,no,yes,yes,yes,yes,dk,yes,yes,dk,dk,no,3,4,3,2,2,2,2,4,3,2,2,3,2,2,3,Limited isolation and waste-management infrastructure,"Water, soap and sharps containers",Conduct regular IPC and Lassa fever refresher training and outbreak drills.,More practical outbreak drills and feedback would be useful.
R0715,yes,45_54,female,cho,doctorate,1_5,6_10,community,primary,urban,yes,1_2y,yes,true,true,true,false,false,true,true,true,true,true,true,true,true,false,true,5,3,2,5,3,3,2,3,2,4,3,4,5,3,3,4,2,3,3,4,4,2,3,4,5,2,4,5,4,3,4,4,3,4,2,4,4,3,3,4,3,2,4,5,3,3,3,3,5,5,5,3,5,3,2,2,2,3,3,5,4,4,4,3,4,4,3,3,2,2,2,1,2,4,4,3,3,3,3,2,sometimes,often,sometimes,often,rarely,always,sometimes,sometimes,often,sometimes,never,rarely,available,available,available,available,available,not_available,unknown,available,available,available,available,available,available,not_available,available,available,partial,not_available,available,not_available,no,dk,yes,yes,dk,yes,no,no,yes,no,yes,no,no,yes,dk,4,3,3,3,3,2,1,3,3,3,4,3,2,3,3,High workload and inadequate staffing,"PPE, hand-hygiene supplies and running water","Provide a functional isolation area, clear SOPs and regular supervision.",Water supply and PPE availability should be maintained consistently.
R0716,yes,35_44,female,lab,bachelor,6_10,1_5,emergency,secondary,urban,no,unknown,no,true,dk,true,false,true,true,true,false,false,false,true,false,true,false,false,3,2,3,4,1,3,3,1,1,3,1,2,2,2,2,2,2,3,3,1,1,4,3,3,3,2,2,3,4,4,4,4,3,1,3,1,4,2,2,3,4,3,2,3,3,1,3,1,2,2,2,2,4,4,4,4,5,4,2,1,3,1,1,1,4,4,4,2,3,1,5,2,3,3,2,3,3,3,3,3,rarely,often,sometimes,always,often,na,often,sometimes,sometimes,always,sometimes,rarely,available,available,available,unknown,available,available,unknown,not_available,available,available,not_available,available,available,not_available,not_available,not_available,available,partial,partial,available,yes,yes,no,yes,yes,dk,no,no,yes,yes,no,yes,dk,no,no,3,2,3,1,2,3,3,2,2,3,3,3,2,3,2,High workload and inadequate staffing,"Water, soap and sharps containers",Conduct regular IPC and Lassa fever refresher training and outbreak drills.,Staff understand IPC but workload can affect compliance.
R0717,yes,25_34,female,lab,bachelor,6_10,11_15,paediatric,primary,urban,no,unknown,no,true,true,true,false,false,true,true,true,true,true,true,true,true,false,true,4,4,4,4,4,4,4,4,4,3,5,3,5,4,4,5,4,5,4,5,4,2,3,3,4,4,5,4,3,3,3,4,4,4,3,3,4,4,4,2,3,5,4,5,5,4,5,4,3,4,5,4,3,4,1,2,3,2,4,4,4,2,4,3,2,3,4,4,2,4,3,3,4,4,3,3,4,4,2,3,sometimes,often,always,often,sometimes,often,often,always,often,sometimes,sometimes,sometimes,available,available,available,available,unknown,available,available,not_available,available,available,not_available,available,not_available,not_available,available,not_available,available,available,partial,available,yes,dk,no,yes,dk,yes,no,yes,dk,dk,yes,yes,dk,yes,no,3,2,3,3,4,4,2,4,4,3,3,2,3,3,2,Limited isolation and waste-management infrastructure,"PPE, hand-hygiene supplies and running water","Provide a functional isolation area, clear SOPs and regular supervision.",Water supply and PPE availability should be maintained consistently.
R0718,yes,18_24,male,nurse_midwife,diploma,1_5,6_10,environmental,primary,urban,yes,gt2y,yes,false,false,false,true,true,true,false,dk,false,false,dk,true,true,true,false,2,3,4,3,4,4,3,2,4,2,3,4,5,3,3,3,4,2,3,1,1,4,2,2,4,3,3,3,3,5,3,4,2,4,3,2,3,3,3,3,2,4,3,4,4,3,5,4,4,3,2,3,3,1,2,4,4,3,3,3,3,3,2,1,3,3,2,4,3,1,3,2,3,3,4,3,3,4,5,2,often,sometimes,often,sometimes,na,sometimes,often,often,often,often,always,sometimes,partial,partial,available,not_available,not_available,partial,available,not_available,partial,not_available,available,available,not_available,partial,partial,available,available,available,not_available,available,yes,no,yes,yes,dk,no,dk,no,yes,dk,dk,no,dk,no,no,2,2,4,2,2,2,3,3,1,1,2,3,3,2,3,Inconsistent PPE availability,"Gloves, masks, disinfectants and waste bins",Conduct routine IPC audits and communicate findings to staff.,More practical outbreak drills and feedback would be useful.
R0719,yes,25_34,female,nurse_midwife,hnd,1_5,lt1,laboratory,primary,rural,yes,1_2y,no,true,true,false,true,true,false,false,false,false,false,false,true,true,true,true,5,1,2,2,2,3,4,2,1,1,3,2,4,3,3,3,1,1,2,4,3,3,2,4,3,2,3,3,2,4,4,3,3,2,1,1,3,2,3,1,3,2,4,3,4,3,1,4,4,2,2,2,2,4,3,3,4,4,2,1,3,2,2,1,4,3,2,3,3,1,2,3,1,2,2,2,3,1,2,3,often,sometimes,often,often,sometimes,rarely,sometimes,always,often,rarely,na,sometimes,available,available,available,available,not_available,available,available,not_available,available,available,available,not_available,not_available,available,partial,available,not_available,available,not_available,not_available,dk,dk,no,yes,yes,yes,no,yes,yes,yes,dk,dk,no,yes,yes,1,3,2,2,2,3,3,2,1,3,1,1,2,3,3,High workload and inadequate staffing,"PPE, hand-hygiene supplies and running water",Conduct regular IPC and Lassa fever refresher training and outbreak drills.,Water supply and PPE availability should be maintained consistently.
R0720,yes,25_34,female,pharmacy,master,11_15,1_5,community,primary,urban,no,unknown,no,true,true,true,false,true,true,true,true,true,true,true,true,true,false,true,4,5,2,5,4,4,4,3,4,2,4,2,4,3,4,4,3,2,3,5,4,4,4,2,2,4,4,4,3,4,3,3,3,5,5,3,3,5,2,4,2,3,4,4,3,2,1,3,4,3,3,3,2,3,4,4,4,2,4,4,2,3,1,1,3,1,2,1,2,2,3,2,2,3,5,3,3,3,3,3,often,often,sometimes,often,sometimes,often,always,often,often,sometimes,often,often,available,not_available,available,available,available,available,not_available,available,available,not_available,available,available,available,not_available,available,partial,available,available,available,unknown,no,dk,dk,dk,yes,yes,no,dk,no,no,yes,yes,no,yes,yes,3,3,3,3,3,2,2,3,2,2,4,3,5,3,3,Availability of IPC supplies and management support,"PPE, hand-hygiene supplies and running water",Maintain emergency PPE stocks and strengthen referral and notification procedures.,The facility needs stronger supervision and refresher training.
R0721,yes,55_plus,female,lab,hnd,lt1,6_10,emergency,primary,rural,no,unknown,yes,true,true,true,false,false,true,true,true,true,true,true,true,true,false,false,3,2,4,2,4,4,3,3,3,2,4,3,5,5,3,4,4,4,3,3,3,5,3,3,4,5,4,5,4,4,3,2,3,3,4,5,4,5,5,2,4,3,4,4,4,2,3,2,3,1,3,4,3,3,2,3,3,4,2,4,4,3,2,4,2,2,3,4,2,4,3,5,3,1,2,3,2,3,3,3,sometimes,often,sometimes,often,always,always,sometimes,never,often,sometimes,often,often,partial,available,available,not_available,available,not_available,available,available,available,available,not_available,available,partial,available,not_available,available,available,available,available,available,dk,yes,yes,no,dk,dk,yes,yes,yes,yes,yes,yes,no,no,no,3,2,2,3,4,4,5,3,4,2,4,3,4,3,4,Insufficient refresher training and supervision,"Training materials, PPE and cleaning supplies",Conduct regular IPC and Lassa fever refresher training and outbreak drills.,Staff understand IPC but workload can affect compliance.
R0722,yes,45_54,male,nurse_midwife,bachelor,gt15,lt1,environmental,primary,rural,yes,6m,no,true,dk,false,true,false,true,true,true,true,dk,true,true,true,dk,true,4,3,2,5,2,3,4,3,4,4,3,4,3,4,4,3,3,4,3,2,1,3,4,2,1,4,3,4,3,3,2,2,4,3,2,3,3,2,3,3,3,3,3,2,4,4,5,5,5,4,4,2,2,2,2,1,3,4,4,5,5,3,5,4,4,4,3,4,3,4,4,4,4,4,5,4,4,4,3,3,sometimes,sometimes,rarely,sometimes,never,sometimes,rarely,sometimes,rarely,sometimes,sometimes,rarely,partial,partial,available,available,available,not_available,available,not_available,available,partial,not_available,available,available,not_available,partial,not_available,not_available,available,available,not_available,no,yes,yes,yes,dk,no,no,yes,no,no,yes,yes,dk,no,no,3,3,4,3,3,3,1,4,5,3,4,2,1,2,4,Inconsistent PPE availability,"Training materials, PPE and cleaning supplies",Conduct regular IPC and Lassa fever refresher training and outbreak drills.,More practical outbreak drills and feedback would be useful.
R0723,yes,25_34,male,chew,bachelor,1_5,lt1,inpatient,secondary,semiurban,yes,6m,no,true,dk,true,dk,dk,true,true,true,true,true,false,true,true,false,true,3,3,4,3,4,3,3,5,3,4,4,3,4,3,3,2,4,4,2,3,3,3,4,4,3,4,2,3,3,4,4,3,2,3,2,3,3,3,3,3,4,3,2,3,3,2,1,3,2,2,4,2,3,2,4,4,3,4,4,3,4,2,4,3,2,3,4,3,3,2,2,2,1,2,1,2,2,1,1,3,always,often,rarely,always,often,often,sometimes,often,always,sometimes,sometimes,sometimes,available,partial,available,partial,partial,available,partial,partial,available,partial,partial,available,available,available,partial,not_available,not_available,available,available,not_available,yes,no,dk,no,yes,yes,no,no,yes,yes,no,no,yes,yes,yes,2,3,4,1,3,2,4,4,3,3,1,3,3,4,3,Inconsistent PPE availability,"PPE, hand-hygiene supplies and running water",Maintain emergency PPE stocks and strengthen referral and notification procedures.,Regular monitoring and adequate supplies would improve compliance.
R0724,yes,55_plus,female,nurse_midwife,bachelor,6_10,gt15,community,primary,rural,yes,gt2y,yes,true,true,true,false,false,true,true,true,true,true,true,true,true,false,false,4,4,4,3,5,3,4,1,3,4,3,4,3,4,4,4,2,3,4,5,1,4,3,3,4,3,2,1,3,2,1,2,1,2,1,2,3,3,2,2,1,2,1,1,4,3,3,4,3,4,2,4,4,2,3,3,3,5,3,2,3,3,2,5,2,1,1,4,3,2,3,4,2,2,4,3,1,3,4,2,often,sometimes,often,often,often,always,rarely,sometimes,sometimes,often,sometimes,na,available,available,available,partial,partial,available,partial,available,available,available,available,partial,partial,not_available,not_available,available,available,not_available,available,partial,yes,yes,yes,yes,no,yes,yes,dk,yes,yes,yes,yes,dk,yes,yes,2,1,1,1,2,2,2,2,2,2,2,1,4,2,2,Inconsistent PPE availability,"PPE, alcohol-based hand rub and isolation space","Improve water, sanitation, waste management and PPE availability.",More practical outbreak drills and feedback would be useful.
R0725,yes,35_44,female,chew,hnd,6_10,1_5,inpatient,primary,urban,yes,gt2y,yes,true,true,true,false,false,true,dk,true,false,false,false,true,true,false,true,2,2,3,3,3,3,2,4,2,2,4,2,4,3,3,4,2,3,1,3,5,4,3,3,4,4,5,3,4,4,3,4,5,4,5,5,5,2,3,5,4,5,5,3,4,2,4,4,1,4,4,4,4,3,2,4,2,4,1,3,2,2,1,2,2,2,2,3,3,4,2,3,3,4,1,2,1,3,1,2,always,often,often,rarely,always,often,always,often,often,often,sometimes,sometimes,available,partial,available,available,available,unknown,partial,partial,available,available,available,available,available,partial,available,not_available,available,not_available,available,available,no,yes,no,yes,no,yes,yes,yes,no,no,yes,yes,yes,yes,yes,5,5,4,5,4,5,2,5,4,3,3,3,3,4,3,Limited water and hand-hygiene supplies,"Gloves, masks, disinfectants and waste bins",Conduct routine IPC audits and communicate findings to staff.,More practical outbreak drills and feedback would be useful.
R0726,yes,35_44,male,chew,master,1_5,1_5,inpatient,primary,semiurban,no,unknown,yes,true,true,dk,false,false,false,false,false,true,true,true,dk,dk,dk,dk,4,3,2,3,4,3,5,5,4,4,4,3,4,2,5,4,5,3,4,4,3,5,5,5,3,4,4,4,4,3,4,3,4,4,3,3,5,4,5,4,4,2,4,4,3,3,2,4,3,5,3,4,3,3,3,2,3,2,2,4,4,5,3,3,3,3,3,1,3,5,4,4,4,5,3,3,3,3,3,3,often,always,often,always,often,always,often,sometimes,always,always,often,always,available,available,not_available,available,available,available,available,partial,available,available,partial,available,available,available,partial,partial,available,available,not_available,partial,yes,yes,yes,yes,dk,no,yes,no,no,dk,no,no,dk,yes,yes,1,3,3,4,3,4,3,3,3,4,2,4,1,3,4,Limited water and hand-hygiene supplies,"Training materials, PPE and cleaning supplies","Improve water, sanitation, waste management and PPE availability.",The facility needs stronger supervision and refresher training.
R0727,yes,35_44,male,chew,certificate,1_5,11_15,opd,primary,rural,yes,7_12m,no,dk,true,dk,false,true,true,false,dk,true,false,false,true,true,dk,dk,4,5,5,2,4,2,3,3,4,3,3,3,2,4,2,3,3,5,4,3,3,2,1,3,4,3,3,3,3,4,3,3,1,4,4,1,3,4,3,2,3,4,2,4,2,5,2,3,1,3,4,2,3,3,2,3,2,4,4,1,2,3,2,2,2,3,3,2,2,1,2,2,3,2,2,2,4,2,1,1,sometimes,often,rarely,rarely,rarely,often,sometimes,rarely,sometimes,often,sometimes,sometimes,available,partial,available,partial,available,available,partial,not_available,available,partial,available,not_available,available,available,partial,not_available,not_available,available,available,not_available,yes,yes,dk,dk,yes,yes,no,yes,no,yes,yes,yes,dk,dk,yes,4,3,3,3,2,3,3,3,4,2,3,2,3,4,2,Limited water and hand-hygiene supplies,"PPE, hand-hygiene supplies and running water",Maintain emergency PPE stocks and strengthen referral and notification procedures.,Staff understand IPC but workload can affect compliance.
R0728,yes,45_54,male,chew,diploma,11_15,1_5,emergency,primary,semiurban,no,unknown,no,true,true,false,true,false,true,true,true,true,true,true,true,dk,false,true,4,3,3,2,3,3,3,2,4,4,3,3,3,3,4,3,4,3,4,3,2,3,3,2,3,4,5,5,4,3,5,4,4,5,2,3,3,3,3,2,4,4,4,4,4,3,2,3,2,5,3,1,5,3,2,4,3,3,1,3,3,2,3,4,3,3,3,3,3,3,1,4,4,3,3,4,4,2,3,3,sometimes,rarely,sometimes,rarely,rarely,often,sometimes,often,rarely,often,rarely,often,available,available,available,unknown,available,available,not_available,available,available,partial,partial,partial,available,available,not_available,available,available,available,not_available,available,yes,no,no,no,yes,yes,yes,yes,yes,yes,yes,no,yes,no,no,4,3,4,3,3,5,3,4,2,5,5,4,2,4,4,High workload and inadequate staffing,"PPE, alcohol-based hand rub and isolation space",Maintain emergency PPE stocks and strengthen referral and notification procedures.,The facility needs stronger supervision and refresher training.
R0729,yes,25_34,male,doctor,master,6_10,1_5,inpatient,primary,urban,no,unknown,no,true,true,true,false,false,true,dk,true,true,false,true,true,true,false,true,2,4,4,3,4,5,3,4,3,3,4,3,4,2,5,4,3,3,2,3,5,2,3,3,2,5,4,3,3,2,4,3,3,3,4,2,3,4,3,2,3,4,3,3,4,3,3,4,2,4,3,3,3,2,4,3,3,4,4,4,3,4,3,5,2,4,2,3,4,3,2,3,3,4,3,3,3,3,3,3,often,rarely,sometimes,always,rarely,always,sometimes,never,sometimes,sometimes,sometimes,always,available,not_available,available,available,available,available,available,available,not_available,partial,available,available,partial,not_available,available,available,available,not_available,available,partial,yes,no,no,yes,yes,no,yes,yes,yes,dk,yes,yes,no,yes,yes,2,2,2,1,2,4,4,3,2,3,2,3,3,2,2,Inconsistent PPE availability,"PPE, hand-hygiene supplies and running water","Improve water, sanitation, waste management and PPE availability.",Regular monitoring and adequate supplies would improve compliance.
R0730,yes,35_44,male,nurse_midwife,master,1_5,1_5,inpatient,secondary,urban,yes,1_2y,no,true,false,false,dk,dk,false,true,dk,false,false,true,false,true,false,true,2,4,3,3,4,4,4,3,4,3,2,2,3,4,5,2,4,1,4,5,4,4,2,1,4,4,3,4,4,3,3,3,2,4,4,4,4,4,4,4,2,3,3,3,2,3,3,3,5,3,4,3,5,4,3,2,1,2,5,4,4,5,3,5,4,3,3,5,2,4,5,4,3,3,3,3,2,3,4,3,always,sometimes,often,often,often,always,sometimes,often,often,sometimes,often,often,available,available,available,available,available,available,available,available,not_available,not_available,available,not_available,not_available,available,not_available,not_available,available,available,not_available,available,yes,yes,no,no,no,yes,yes,no,yes,no,no,yes,dk,yes,yes,4,2,4,3,4,4,3,3,3,5,3,3,3,4,3,Inconsistent PPE availability,"Training materials, PPE and cleaning supplies",Maintain emergency PPE stocks and strengthen referral and notification procedures.,More practical outbreak drills and feedback would be useful.
R0731,yes,55_plus,female,nurse_midwife,bachelor,1_5,1_5,opd,secondary,rural,yes,1_2y,yes,true,true,true,false,false,true,true,true,true,true,true,true,true,false,true,4,3,3,3,4,5,2,5,2,4,3,3,3,2,3,3,2,5,4,3,3,3,3,2,3,2,3,1,2,3,2,2,2,4,3,2,3,2,4,4,4,4,4,2,3,4,3,2,4,3,5,3,1,2,2,2,3,3,3,3,3,3,5,3,3,3,3,3,3,2,3,2,3,2,2,2,2,5,2,3,sometimes,rarely,rarely,sometimes,rarely,sometimes,rarely,often,sometimes,sometimes,rarely,often,partial,not_available,available,not_available,available,partial,partial,available,not_available,partial,available,available,not_available,not_available,partial,available,partial,available,available,not_available,yes,dk,dk,yes,yes,yes,dk,no,no,yes,no,yes,yes,dk,no,4,3,3,3,3,2,4,4,3,4,3,3,4,2,1,Limited water and hand-hygiene supplies,"PPE, alcohol-based hand rub and isolation space",Conduct routine IPC audits and communicate findings to staff.,Water supply and PPE availability should be maintained consistently.
R0732,yes,35_44,female,nurse_midwife,hnd,11_15,gt15,pharmacy,primary,semiurban,no,unknown,no,false,dk,dk,false,false,true,true,false,false,true,false,true,false,false,dk,5,4,5,3,4,3,5,4,4,4,4,3,5,3,2,4,4,3,3,4,3,5,4,2,5,3,4,3,5,4,4,5,3,3,4,3,4,3,3,4,3,4,3,2,3,2,4,3,3,3,3,2,3,5,3,4,4,5,3,3,3,3,3,3,3,3,2,1,4,2,4,4,4,3,2,3,3,3,3,1,sometimes,sometimes,often,sometimes,sometimes,sometimes,always,sometimes,sometimes,often,often,often,available,available,partial,unknown,available,available,not_available,available,not_available,not_available,available,available,not_available,available,partial,available,available,not_available,partial,available,yes,no,yes,yes,yes,yes,yes,yes,yes,dk,dk,yes,dk,yes,dk,4,1,4,2,4,1,3,5,3,3,2,4,3,2,3,High workload and inadequate staffing,"Water, soap and sharps containers",Conduct routine IPC audits and communicate findings to staff.,Regular monitoring and adequate supplies would improve compliance.
R0733,yes,55_plus,female,nurse_midwife,hnd,6_10,6_10,inpatient,secondary,urban,yes,6m,yes,true,true,true,false,dk,true,true,false,true,true,true,true,true,false,true,2,2,3,2,3,3,3,2,3,2,3,2,4,3,2,4,3,2,2,1,2,3,1,2,2,3,2,2,1,4,3,3,2,1,2,4,2,3,3,2,3,2,3,1,2,3,3,4,3,4,3,1,4,1,3,3,1,1,5,3,4,2,2,3,5,3,3,4,3,4,3,3,3,3,4,4,4,3,3,4,sometimes,sometimes,rarely,sometimes,often,rarely,often,rarely,often,sometimes,sometimes,sometimes,available,available,available,not_available,available,available,not_available,available,available,available,available,available,not_available,not_available,available,not_available,available,not_available,unknown,available,dk,no,yes,yes,yes,yes,yes,yes,dk,yes,yes,no,dk,no,yes,2,4,4,3,4,4,3,3,2,3,3,4,2,3,3,High workload and inadequate staffing,"Water, soap and sharps containers","Provide a functional isolation area, clear SOPs and regular supervision.",The facility needs stronger supervision and refresher training.
R0734,yes,35_44,female,cho,bachelor,lt1,11_15,environmental,secondary,semiurban,yes,6m,no,false,dk,true,dk,true,false,true,dk,false,false,false,dk,dk,dk,dk,3,2,3,4,3,3,4,3,2,4,5,3,3,4,2,4,3,2,4,3,2,4,3,2,5,4,1,3,4,3,3,3,2,3,3,3,2,3,2,2,4,1,2,3,3,4,4,3,4,3,4,4,4,4,4,1,3,4,3,2,4,4,3,4,2,3,5,3,3,5,2,3,3,4,4,3,3,1,3,3,rarely,rarely,rarely,often,never,rarely,sometimes,sometimes,never,rarely,rarely,often,not_available,available,available,available,available,available,not_available,available,available,partial,available,available,available,unknown,not_available,available,available,available,partial,not_available,yes,yes,no,dk,yes,yes,yes,yes,yes,yes,yes,no,yes,no,no,3,3,4,2,2,3,2,3,3,2,5,4,3,2,4,Inconsistent PPE availability,"Training materials, PPE and cleaning supplies",Maintain emergency PPE stocks and strengthen referral and notification procedures.,The facility needs stronger supervision and refresher training.
R0735,yes,25_34,male,cho,diploma,11_15,1_5,emergency,secondary,semiurban,no,unknown,yes,dk,true,true,dk,false,true,true,true,true,true,true,dk,dk,false,true,3,5,3,4,3,2,3,5,5,3,4,5,3,4,3,3,5,5,5,5,4,3,3,2,2,4,3,1,3,5,3,1,4,3,1,3,2,2,2,4,3,3,2,3,2,4,2,2,2,3,2,4,3,3,2,3,5,3,3,3,4,2,3,2,3,2,3,2,3,1,4,3,2,3,3,2,3,2,3,4,sometimes,sometimes,sometimes,often,rarely,often,sometimes,rarely,rarely,sometimes,often,rarely,partial,available,available,unknown,not_available,not_available,partial,available,available,partial,partial,available,available,not_available,available,available,available,not_available,available,partial,no,yes,yes,yes,no,no,no,dk,dk,yes,dk,yes,no,yes,yes,3,3,4,4,2,4,2,2,1,2,4,3,1,4,4,Availability of IPC supplies and management support,"Gloves, masks, disinfectants and waste bins","Provide a functional isolation area, clear SOPs and regular supervision.",Water supply and PPE availability should be maintained consistently.
R0736,yes,18_24,male,attendant,certificate,1_5,lt1,maternity,primary,rural,no,unknown,yes,true,true,false,dk,false,true,true,true,true,true,true,true,true,false,true,2,2,4,3,3,3,2,4,4,2,1,3,3,5,4,4,2,2,3,5,2,3,2,4,1,3,2,1,2,4,4,2,3,4,5,4,4,2,3,2,1,2,2,4,2,2,1,2,1,2,3,3,3,3,2,3,3,4,4,2,3,3,2,3,4,5,4,2,2,3,3,4,2,3,2,3,3,1,3,2,never,rarely,sometimes,sometimes,sometimes,rarely,sometimes,rarely,rarely,sometimes,always,sometimes,available,partial,available,available,available,available,available,available,available,available,available,partial,available,not_available,available,available,unknown,partial,partial,partial,dk,no,dk,yes,dk,yes,yes,no,yes,no,no,dk,yes,dk,no,4,4,3,2,2,1,2,1,2,2,3,3,1,2,3,Availability of IPC supplies and management support,"PPE, hand-hygiene supplies and running water",Maintain emergency PPE stocks and strengthen referral and notification procedures.,Regular monitoring and adequate supplies would improve compliance.
R0737,yes,45_54,female,nurse_midwife,bachelor,gt15,1_5,laboratory,secondary,semiurban,no,unknown,no,true,true,false,true,true,true,true,true,true,true,dk,true,dk,true,dk,2,3,4,2,3,3,3,3,2,3,5,2,3,3,1,4,4,2,3,3,1,3,4,4,4,4,2,3,4,4,3,5,3,3,3,4,2,3,4,4,4,2,3,3,3,4,2,5,2,2,3,3,4,3,4,1,5,4,3,2,2,3,1,2,2,2,2,4,5,3,4,3,4,3,2,3,4,2,4,4,never,rarely,sometimes,often,never,rarely,rarely,always,sometimes,rarely,rarely,rarely,partial,available,available,available,partial,partial,available,partial,unknown,available,not_available,partial,available,available,not_available,available,available,available,available,not_available,no,no,yes,yes,dk,no,no,yes,no,dk,yes,yes,dk,yes,yes,4,3,2,2,3,3,4,1,2,2,4,3,4,1,3,Limited isolation and waste-management infrastructure,"PPE, hand-hygiene supplies and running water",Conduct regular IPC and Lassa fever refresher training and outbreak drills.,The facility needs stronger supervision and refresher training.
R0738,yes,25_34,male,doctor,bachelor,gt15,1_5,opd,primary,rural,yes,1_2y,no,true,false,true,false,false,dk,true,true,false,true,true,true,true,false,true,2,3,3,2,3,3,3,3,3,3,2,3,4,4,3,3,3,2,4,4,4,3,5,3,4,4,3,2,2,3,3,3,3,1,3,4,3,3,2,3,3,3,4,4,4,3,2,4,4,1,3,4,3,4,5,3,3,3,5,3,2,3,2,1,2,3,3,3,4,3,3,2,3,1,2,4,3,3,3,4,often,always,often,always,rarely,sometimes,rarely,often,often,rarely,sometimes,often,available,available,available,not_available,not_available,partial,not_available,partial,available,available,available,available,available,available,available,not_available,available,not_available,unknown,available,yes,dk,yes,dk,yes,yes,yes,yes,yes,yes,no,no,yes,dk,yes,2,2,3,1,2,3,1,2,3,1,1,1,2,4,1,Inconsistent PPE availability,"Water, soap and sharps containers","Improve water, sanitation, waste management and PPE availability.",More practical outbreak drills and feedback would be useful.
R0739,yes,45_54,female,nurse_midwife,bachelor,6_10,6_10,opd,primary,urban,no,unknown,yes,true,false,dk,true,dk,true,true,true,false,true,true,true,true,dk,true,4,2,2,5,4,3,4,5,4,3,3,5,3,3,3,4,5,4,4,3,2,4,4,4,5,4,4,4,2,5,3,5,4,4,4,4,3,5,4,5,5,5,3,4,4,3,3,3,2,3,3,3,3,5,3,2,5,5,3,1,3,5,3,2,2,2,5,4,3,4,3,4,3,3,4,3,3,3,3,2,always,always,always,sometimes,sometimes,sometimes,often,often,na,always,always,sometimes,not_available,available,available,available,available,not_available,not_available,available,available,available,available,available,not_available,partial,partial,not_available,not_available,not_available,partial,unknown,no,yes,yes,dk,yes,no,yes,yes,no,yes,dk,yes,no,yes,dk,4,4,3,5,4,4,3,4,4,3,4,4,4,5,3,Limited isolation and waste-management infrastructure,"Training materials, PPE and cleaning supplies",Maintain emergency PPE stocks and strengthen referral and notification procedures.,Water supply and PPE availability should be maintained consistently.
R0740,yes,35_44,female,nurse_midwife,diploma,1_5,11_15,pharmacy,secondary,rural,yes,7_12m,no,true,true,true,false,false,true,true,false,false,true,true,true,true,false,dk,3,4,3,5,5,4,5,3,2,3,4,1,3,3,4,3,3,1,3,4,3,5,4,4,5,5,3,3,5,4,4,4,3,3,3,4,4,5,4,4,3,2,4,5,3,5,5,4,5,3,4,3,3,2,2,3,1,2,3,4,2,3,2,2,2,2,2,4,3,4,3,3,2,3,4,3,4,2,3,2,rarely,sometimes,rarely,rarely,often,sometimes,sometimes,rarely,rarely,often,sometimes,sometimes,available,partial,available,available,available,available,available,available,unknown,available,available,available,partial,partial,not_available,available,unknown,available,not_available,partial,dk,yes,no,yes,yes,no,yes,yes,dk,yes,yes,yes,yes,yes,dk,3,2,4,3,2,2,4,2,3,4,4,2,3,1,3,Limited isolation and waste-management infrastructure,"Gloves, masks, disinfectants and waste bins",Conduct regular IPC and Lassa fever refresher training and outbreak drills.,Water supply and PPE availability should be maintained consistently.
R0741,yes,45_54,female,jchew,bachelor,6_10,1_5,opd,primary,rural,no,unknown,yes,true,false,true,false,dk,false,false,true,false,true,true,true,true,false,true,5,3,3,5,4,4,4,5,5,4,5,4,5,4,4,3,5,5,3,5,3,3,3,3,4,4,4,3,4,3,3,3,4,3,4,2,5,3,3,3,2,1,4,4,3,4,3,4,3,2,4,3,4,3,3,4,3,4,2,4,2,2,2,4,3,2,2,2,2,3,1,5,1,2,2,2,2,1,2,4,rarely,always,always,often,rarely,sometimes,sometimes,sometimes,often,often,often,often,available,available,partial,available,available,available,not_available,not_available,partial,available,partial,available,available,partial,not_available,not_available,available,available,available,not_available,yes,yes,yes,no,yes,no,no,no,yes,yes,yes,no,yes,no,no,3,3,2,3,1,4,4,3,4,4,3,4,2,3,3,Limited water and hand-hygiene supplies,"PPE, alcohol-based hand rub and isolation space",Conduct regular IPC and Lassa fever refresher training and outbreak drills.,The facility needs stronger supervision and refresher training.
R0742,yes,35_44,female,environmental_health,master,gt15,6_10,community,primary,semiurban,no,unknown,no,true,true,true,false,false,true,true,true,false,true,true,true,true,dk,true,2,2,4,4,2,2,3,3,2,2,4,2,2,4,2,2,1,5,4,3,3,3,4,4,3,4,2,4,4,3,4,3,4,4,4,1,4,3,3,4,2,4,2,4,3,5,2,4,2,3,3,5,4,3,3,3,5,3,3,3,3,4,3,2,4,1,3,3,2,3,2,3,2,2,2,2,5,4,2,3,rarely,often,often,always,sometimes,sometimes,always,often,na,often,sometimes,always,available,unknown,available,available,not_available,available,available,not_available,not_available,partial,available,available,available,available,available,available,available,available,available,available,yes,yes,no,no,yes,yes,yes,yes,yes,yes,dk,yes,yes,yes,yes,2,1,2,4,3,2,3,3,2,3,3,3,2,3,1,High workload and inadequate staffing,"Training materials, PPE and cleaning supplies",Maintain emergency PPE stocks and strengthen referral and notification procedures.,More practical outbreak drills and feedback would be useful.
R0743,yes,45_54,female,chew,bachelor,gt15,1_5,opd,secondary,semiurban,yes,6m,no,false,true,true,dk,true,true,true,true,dk,false,false,true,dk,dk,true,4,4,5,4,4,3,4,4,2,4,3,4,4,4,4,5,3,3,5,5,2,3,4,4,5,1,3,3,3,2,4,4,4,4,3,4,3,2,3,4,4,2,4,3,3,4,4,3,2,3,4,4,1,1,4,3,3,4,3,3,3,4,2,3,2,5,4,3,4,1,4,3,5,4,3,2,3,5,4,4,sometimes,sometimes,sometimes,sometimes,rarely,rarely,sometimes,rarely,rarely,rarely,sometimes,sometimes,available,not_available,partial,available,available,not_available,available,available,available,not_available,available,available,partial,available,available,not_available,partial,available,not_available,available,yes,no,no,yes,yes,no,yes,yes,yes,dk,yes,no,yes,no,no,3,4,3,5,4,3,4,3,5,4,2,3,3,3,4,High workload and inadequate staffing,"Gloves, masks, disinfectants and waste bins","Provide a functional isolation area, clear SOPs and regular supervision.",Regular monitoring and adequate supplies would improve compliance.
R0744,yes,35_44,female,doctor,master,11_15,6_10,inpatient,secondary,urban,yes,6m,no,true,true,true,false,false,true,true,true,true,true,true,false,true,false,true,3,4,1,2,4,2,2,2,4,4,2,3,3,3,3,2,2,2,3,3,3,3,5,3,4,3,5,3,3,2,4,3,3,3,4,4,3,3,3,4,4,4,2,4,4,4,3,3,4,4,3,2,1,3,4,5,3,5,4,4,2,3,5,2,3,3,3,2,3,3,4,4,4,2,3,3,3,3,4,3,always,always,often,always,often,sometimes,often,often,often,always,sometimes,often,available,available,not_available,available,available,available,available,not_available,available,available,available,available,available,available,available,not_available,not_available,partial,partial,available,no,yes,no,no,yes,yes,dk,no,dk,dk,no,dk,yes,yes,no,1,4,3,1,2,3,1,1,3,2,1,2,2,1,2,High workload and inadequate staffing,"PPE, hand-hygiene supplies and running water","Provide a functional isolation area, clear SOPs and regular supervision.",More practical outbreak drills and feedback would be useful.
R0745,yes,25_34,female,nurse_midwife,diploma,11_15,11_15,opd,primary,semiurban,no,unknown,no,dk,true,false,true,false,true,true,false,false,true,false,dk,dk,false,dk,4,4,5,4,4,4,4,5,5,4,3,4,5,4,5,3,3,4,3,3,5,2,4,3,4,3,3,4,2,4,3,4,3,3,3,3,2,2,2,3,4,3,3,1,4,4,4,5,3,5,3,3,3,1,2,3,3,2,4,4,4,3,5,2,3,4,4,3,4,4,2,3,1,4,4,4,4,3,3,3,rarely,rarely,often,often,rarely,always,sometimes,often,rarely,often,rarely,never,unknown,available,available,partial,available,partial,available,available,available,available,available,not_available,available,available,not_available,partial,available,available,available,available,no,yes,yes,yes,yes,yes,yes,yes,dk,no,no,no,no,no,yes,5,1,2,2,2,4,3,3,3,3,4,3,4,4,5,Limited isolation and waste-management infrastructure,"PPE, alcohol-based hand rub and isolation space",Conduct routine IPC audits and communicate findings to staff.,Regular monitoring and adequate supplies would improve compliance.
R0746,yes,18_24,female,chew,master,6_10,lt1,opd,secondary,urban,yes,6m,yes,true,true,true,dk,false,true,true,true,true,true,true,true,true,false,true,5,4,3,5,5,4,4,4,4,5,4,3,4,4,5,4,4,4,3,5,5,3,4,3,5,4,2,5,2,4,4,5,4,4,2,3,3,3,4,3,5,2,3,4,3,3,2,3,4,4,5,2,3,3,4,2,1,2,4,4,3,4,4,2,2,2,4,4,4,4,3,3,3,4,4,5,3,3,3,5,often,sometimes,sometimes,rarely,sometimes,rarely,sometimes,always,sometimes,always,rarely,sometimes,not_available,available,not_available,partial,available,available,not_available,not_available,unknown,available,available,available,partial,available,available,available,partial,not_available,available,available,dk,yes,no,yes,yes,no,no,no,yes,yes,no,yes,dk,no,yes,4,5,4,4,4,4,4,4,4,5,4,5,4,5,4,Limited isolation and waste-management infrastructure,"PPE, alcohol-based hand rub and isolation space","Improve water, sanitation, waste management and PPE availability.",The facility needs stronger supervision and refresher training.
R0747,yes,25_34,female,other,doctorate,6_10,6_10,inpatient,secondary,urban,yes,6m,yes,true,true,false,true,false,true,true,false,true,true,true,true,true,false,true,3,3,3,1,2,3,2,2,3,3,5,4,3,4,3,3,4,3,3,3,3,2,2,3,2,4,3,3,4,4,2,3,3,2,2,4,4,2,3,3,4,3,2,4,3,2,2,4,3,1,3,2,3,3,1,3,3,4,3,3,3,3,2,4,3,3,4,3,2,3,4,3,3,3,3,4,3,2,4,2,often,often,often,often,sometimes,often,often,always,sometimes,often,often,always,available,available,not_available,available,available,available,not_available,partial,not_available,available,available,available,available,available,partial,available,available,partial,unknown,available,yes,yes,yes,no,no,yes,no,yes,yes,dk,yes,no,dk,yes,yes,1,3,1,2,2,2,1,3,1,4,4,2,2,4,3,Insufficient refresher training and supervision,"PPE, alcohol-based hand rub and isolation space",Maintain emergency PPE stocks and strengthen referral and notification procedures.,More practical outbreak drills and feedback would be useful.
R0748,yes,25_34,female,nurse_midwife,certificate,11_15,lt1,opd,primary,urban,yes,gt2y,no,true,true,true,true,false,true,true,true,true,true,true,true,true,false,true,4,3,5,4,3,3,4,3,4,3,4,4,2,3,5,2,4,4,5,4,3,2,3,1,4,3,2,3,3,3,3,2,2,2,4,3,3,2,5,3,4,2,3,4,3,3,3,2,2,3,1,2,3,3,2,5,3,2,3,3,1,2,3,3,3,2,3,4,3,3,1,1,1,4,3,4,2,3,2,3,never,sometimes,na,rarely,rarely,never,sometimes,rarely,rarely,never,rarely,never,partial,available,available,available,available,unknown,available,unknown,available,available,available,unknown,not_available,not_available,available,not_available,available,not_available,not_available,available,yes,yes,yes,yes,no,yes,dk,yes,yes,dk,yes,no,dk,no,yes,4,3,4,3,5,5,2,3,4,3,2,3,2,3,3,High workload and inadequate staffing,"PPE, hand-hygiene supplies and running water",Conduct regular IPC and Lassa fever refresher training and outbreak drills.,More practical outbreak drills and feedback would be useful.
R0749,yes,25_34,female,nurse_midwife,bachelor,1_5,lt1,opd,primary,urban,yes,7_12m,yes,false,true,true,dk,false,dk,true,dk,false,false,true,true,dk,false,false,3,2,3,5,4,1,2,4,5,4,5,3,2,4,1,3,5,4,4,4,3,2,2,2,2,1,1,2,2,1,1,2,3,3,2,1,1,1,4,4,2,2,1,2,2,2,2,2,3,1,2,2,3,3,4,3,3,5,2,2,4,3,4,3,4,3,2,4,3,2,4,3,2,2,2,3,1,3,2,3,sometimes,often,na,often,sometimes,rarely,often,sometimes,rarely,sometimes,never,often,partial,available,available,partial,not_available,partial,not_available,partial,not_available,available,available,unknown,not_available,not_available,available,available,not_available,available,not_available,available,no,no,yes,yes,no,dk,yes,dk,yes,no,no,yes,yes,yes,yes,3,2,2,2,2,4,3,2,3,2,3,2,2,3,4,Availability of IPC supplies and management support,"Gloves, masks, disinfectants and waste bins","Improve water, sanitation, waste management and PPE availability.",Water supply and PPE availability should be maintained consistently.
R0750,yes,25_34,male,cho,hnd,lt1,1_5,laboratory,primary,semiurban,no,unknown,yes,dk,dk,false,true,true,false,true,dk,false,false,false,false,true,true,false,3,3,4,4,2,5,3,4,4,2,3,2,2,4,3,4,1,2,3,2,1,3,3,3,4,3,4,4,3,3,3,4,2,2,4,5,3,1,3,3,3,2,3,3,3,3,4,3,4,2,3,1,4,4,4,5,3,3,3,4,2,4,4,4,2,1,4,3,2,3,3,2,2,2,4,2,3,2,3,3,often,always,often,sometimes,sometimes,sometimes,often,always,often,sometimes,often,sometimes,partial,not_available,available,available,available,unknown,not_available,not_available,available,available,available,partial,partial,partial,available,partial,partial,not_available,not_available,not_available,no,dk,no,yes,yes,yes,yes,no,yes,dk,dk,yes,no,yes,yes,3,3,3,3,2,3,3,1,3,2,3,3,3,4,2,High workload and inadequate staffing,"PPE, alcohol-based hand rub and isolation space",Maintain emergency PPE stocks and strengthen referral and notification procedures.,Staff understand IPC but workload can affect compliance.
R0751,yes,25_34,male,cho,doctorate,6_10,6_10,opd,primary,rural,yes,7_12m,no,dk,true,false,dk,true,true,false,true,false,dk,false,true,false,true,dk,3,5,2,3,5,3,4,4,3,4,3,3,4,3,3,5,3,5,5,3,2,3,4,4,2,3,3,3,3,2,4,1,3,5,5,2,4,4,5,4,3,4,2,5,4,1,3,3,3,5,3,2,3,3,3,4,3,4,3,2,5,3,5,4,3,4,4,3,2,3,3,4,3,3,3,4,3,3,3,4,often,often,sometimes,often,sometimes,often,rarely,rarely,sometimes,sometimes,sometimes,often,partial,not_available,available,not_available,available,partial,not_available,available,available,not_available,not_available,not_available,available,available,not_available,available,partial,not_available,available,available,yes,yes,dk,dk,yes,yes,no,yes,no,dk,yes,yes,yes,yes,yes,4,4,4,5,5,5,3,4,5,4,5,4,4,5,4,Inconsistent PPE availability,"PPE, hand-hygiene supplies and running water","Provide a functional isolation area, clear SOPs and regular supervision.",Water supply and PPE availability should be maintained consistently.
R0752,yes,25_34,male,lab,bachelor,6_10,6_10,maternity,primary,rural,yes,6m,yes,false,true,true,true,true,true,true,dk,false,true,true,true,false,true,false,2,3,3,3,3,4,3,4,3,2,3,3,3,4,3,3,3,3,3,3,4,3,3,3,3,4,3,3,3,4,3,1,2,4,2,2,3,3,1,4,4,4,3,4,3,4,1,2,2,4,2,4,1,1,4,3,2,3,3,4,1,2,4,3,3,1,2,1,2,2,3,2,1,1,2,1,4,3,3,2,rarely,often,sometimes,sometimes,sometimes,rarely,rarely,rarely,rarely,often,rarely,sometimes,available,available,available,available,available,available,available,available,available,available,partial,available,available,available,available,unknown,available,partial,partial,partial,no,yes,yes,yes,no,yes,no,yes,yes,no,yes,yes,yes,yes,yes,4,4,2,2,3,3,3,4,2,4,3,3,2,3,4,Availability of IPC supplies and management support,"Gloves, masks, disinfectants and waste bins",Maintain emergency PPE stocks and strengthen referral and notification procedures.,More practical outbreak drills and feedback would be useful.
R0753,yes,45_54,female,chew,master,1_5,gt15,paediatric,primary,semiurban,yes,gt2y,no,false,true,false,dk,false,true,true,false,true,true,false,true,dk,true,false,3,5,4,3,4,3,1,4,3,3,3,4,2,4,4,1,3,4,4,2,3,3,3,3,2,5,5,2,3,2,2,3,3,4,3,3,3,3,4,4,3,5,4,4,2,3,1,3,3,5,4,2,2,4,3,3,2,3,3,2,3,2,2,3,2,4,4,2,3,1,2,3,1,3,3,3,3,3,3,2,sometimes,always,often,often,sometimes,sometimes,always,always,often,sometimes,sometimes,sometimes,available,available,available,not_available,not_available,available,available,available,available,not_available,available,available,available,available,not_available,not_available,available,available,available,available,no,yes,yes,dk,yes,dk,yes,yes,no,yes,yes,no,dk,no,yes,3,2,2,2,4,4,3,4,2,2,2,5,4,1,3,Limited isolation and waste-management infrastructure,"PPE, alcohol-based hand rub and isolation space",Conduct routine IPC audits and communicate findings to staff.,Regular monitoring and adequate supplies would improve compliance.
R0754,yes,45_54,male,cho,master,11_15,lt1,community,primary,semiurban,yes,6m,no,true,true,true,false,true,true,false,true,true,true,true,false,true,false,true,4,2,3,4,3,4,3,2,5,3,2,4,4,4,3,3,3,1,3,5,3,4,5,2,3,3,2,3,4,4,4,3,1,4,3,2,4,3,3,2,2,2,4,3,2,1,3,2,3,2,3,4,3,3,3,2,3,5,2,3,4,5,3,3,4,2,5,3,3,3,3,2,3,4,1,3,4,3,2,1,sometimes,sometimes,sometimes,often,sometimes,sometimes,sometimes,rarely,often,sometimes,na,often,not_available,partial,partial,not_available,available,available,available,partial,available,not_available,not_available,available,available,partial,not_available,not_available,available,available,partial,partial,yes,yes,yes,yes,dk,no,no,yes,yes,dk,yes,no,yes,no,yes,3,4,4,4,2,4,5,2,4,4,5,3,3,3,5,Inconsistent PPE availability,"Gloves, masks, disinfectants and waste bins",Conduct regular IPC and Lassa fever refresher training and outbreak drills.,The facility needs stronger supervision and refresher training.
R0755,yes,25_34,female,doctor,diploma,6_10,6_10,paediatric,primary,urban,no,unknown,yes,false,false,true,false,false,false,true,dk,true,true,true,true,false,false,true,3,3,3,3,4,3,4,3,4,4,3,4,4,4,3,3,4,3,2,3,3,3,3,4,3,3,2,4,2,2,3,2,2,2,4,4,3,3,3,1,2,4,5,2,3,3,3,5,3,4,4,4,5,2,1,2,3,3,4,3,3,3,5,1,4,4,2,1,3,5,2,1,3,2,1,3,2,2,2,3,rarely,rarely,sometimes,often,rarely,rarely,sometimes,often,sometimes,sometimes,sometimes,often,available,available,available,available,available,partial,not_available,available,available,available,not_available,partial,partial,not_available,partial,available,available,available,available,available,no,yes,yes,yes,yes,yes,yes,dk,yes,no,no,yes,yes,yes,yes,4,4,5,3,3,3,3,2,2,3,4,3,3,3,5,Limited water and hand-hygiene supplies,"Gloves, masks, disinfectants and waste bins",Conduct regular IPC and Lassa fever refresher training and outbreak drills.,More practical outbreak drills and feedback would be useful.
R0756,yes,35_44,male,nurse_midwife,diploma,gt15,1_5,laboratory,primary,rural,yes,6m,yes,false,true,false,true,false,false,true,false,true,true,false,true,true,true,true,2,5,3,3,3,4,3,3,4,1,4,3,4,4,3,2,3,3,4,3,3,4,1,3,4,5,4,3,4,3,3,4,3,4,2,4,5,1,5,3,4,3,5,4,5,3,4,3,4,3,4,3,4,2,3,3,3,4,2,3,1,3,5,3,1,2,3,3,3,3,3,4,4,4,3,4,4,3,2,4,often,na,rarely,rarely,sometimes,often,rarely,rarely,sometimes,sometimes,rarely,sometimes,available,available,available,unknown,available,partial,available,available,available,available,available,available,available,available,available,available,available,not_available,available,partial,no,yes,no,yes,yes,yes,yes,yes,dk,no,yes,yes,no,dk,yes,4,5,2,3,3,5,3,3,2,4,4,4,4,3,4,Inconsistent PPE availability,"Gloves, masks, disinfectants and waste bins",Conduct routine IPC audits and communicate findings to staff.,Water supply and PPE availability should be maintained consistently.
R0757,yes,45_54,male,jchew,certificate,6_10,1_5,environmental,primary,rural,yes,7_12m,yes,true,true,dk,false,false,true,true,true,true,false,false,true,true,false,true,3,4,5,4,5,4,3,4,3,3,3,3,3,4,5,5,3,4,4,4,3,3,3,2,2,3,2,3,4,3,3,2,2,3,2,3,3,3,1,2,3,1,1,1,2,2,1,4,2,3,3,2,1,2,3,2,3,2,3,3,2,2,3,3,1,1,2,3,2,3,3,2,2,3,2,4,2,2,2,2,often,sometimes,often,sometimes,often,always,often,often,often,often,sometimes,always,available,available,available,partial,not_available,available,available,not_available,available,available,available,available,available,partial,available,not_available,available,partial,available,not_available,yes,yes,yes,yes,yes,yes,yes,no,yes,yes,no,yes,dk,no,dk,3,2,3,2,2,1,1,3,3,2,3,2,2,2,4,Insufficient refresher training and supervision,"Training materials, PPE and cleaning supplies","Provide a functional isolation area, clear SOPs and regular supervision.",The facility needs stronger supervision and refresher training.
R0758,yes,25_34,male,nurse_midwife,other,gt15,1_5,opd,primary,rural,yes,unknown,no,false,dk,false,true,dk,true,false,true,dk,dk,true,true,true,true,false,5,4,3,3,3,3,2,3,4,5,4,5,5,4,4,3,3,5,4,3,4,3,2,4,2,4,3,1,2,3,2,3,3,3,3,3,2,4,3,3,3,4,1,3,2,3,4,3,2,3,3,4,3,2,4,3,2,3,3,1,1,2,3,3,3,2,2,4,3,1,2,1,1,2,3,3,3,3,3,1,often,sometimes,sometimes,rarely,rarely,sometimes,often,sometimes,often,sometimes,often,sometimes,available,partial,available,unknown,not_available,available,not_available,available,available,available,partial,not_available,partial,available,available,available,partial,available,available,available,yes,yes,no,dk,yes,dk,no,yes,yes,dk,dk,no,dk,dk,yes,2,2,3,3,2,1,1,2,2,2,1,1,1,2,2,Limited isolation and waste-management infrastructure,"Gloves, masks, disinfectants and waste bins",Conduct routine IPC audits and communicate findings to staff.,Water supply and PPE availability should be maintained consistently.
R0759,yes,25_34,male,nurse_midwife,bachelor,lt1,1_5,laboratory,primary,semiurban,no,unknown,yes,true,true,true,false,false,true,false,true,true,true,dk,true,true,false,dk,4,2,2,4,4,2,5,3,3,4,3,3,3,3,3,3,4,5,2,4,4,3,2,3,3,4,5,4,4,3,3,4,2,3,3,3,4,2,2,2,2,3,4,3,3,4,4,3,3,3,3,3,3,4,3,3,3,3,3,3,3,2,1,2,3,3,3,4,3,4,4,3,2,4,1,3,3,4,4,2,rarely,never,rarely,sometimes,sometimes,rarely,rarely,sometimes,rarely,sometimes,often,sometimes,available,available,available,available,available,available,partial,available,available,available,available,available,not_available,available,available,available,available,partial,available,not_available,yes,dk,yes,yes,dk,no,yes,yes,yes,yes,no,no,dk,yes,yes,3,4,3,4,4,3,3,4,3,3,4,4,2,2,4,High workload and inadequate staffing,"PPE, hand-hygiene supplies and running water","Improve water, sanitation, waste management and PPE availability.",The facility needs stronger supervision and refresher training.
R0760,yes,35_44,female,chew,bachelor,1_5,1_5,maternity,secondary,rural,yes,6m,yes,true,true,false,false,false,false,true,true,true,true,true,false,false,false,true,3,3,2,3,3,3,2,3,2,3,3,2,3,3,2,4,4,2,1,2,1,2,1,3,4,3,3,2,2,2,3,2,1,3,2,2,2,2,2,3,1,3,2,2,2,2,3,3,2,2,2,2,4,4,3,1,3,4,2,3,4,2,2,3,1,4,3,1,3,3,3,3,4,2,2,3,2,3,2,2,often,rarely,rarely,sometimes,rarely,rarely,sometimes,rarely,sometimes,rarely,na,never,partial,not_available,available,available,available,partial,partial,partial,available,available,available,available,available,not_available,available,available,not_available,available,partial,not_available,yes,dk,no,yes,yes,dk,dk,yes,no,dk,yes,no,dk,yes,yes,4,3,3,2,4,1,2,4,3,3,3,4,5,2,3,High workload and inadequate staffing,"PPE, hand-hygiene supplies and running water",Conduct routine IPC audits and communicate findings to staff.,The facility needs stronger supervision and refresher training.
R0761,yes,55_plus,male,cho,bachelor,1_5,6_10,pharmacy,primary,rural,yes,6m,no,true,dk,true,false,false,true,true,true,true,true,true,true,true,false,true,3,3,5,5,5,3,4,3,5,3,3,2,3,4,3,5,3,4,3,3,3,3,3,2,4,2,2,5,2,1,1,3,1,2,3,2,2,2,3,1,2,3,3,2,1,3,4,4,3,4,4,4,4,1,1,1,2,2,3,4,3,2,3,2,2,4,4,3,3,2,3,4,4,3,2,3,2,2,2,1,often,always,sometimes,often,sometimes,always,often,often,often,sometimes,often,always,unknown,not_available,not_available,partial,partial,available,available,available,partial,available,not_available,available,available,partial,available,available,available,not_available,partial,available,yes,no,yes,yes,yes,no,yes,no,yes,yes,no,no,dk,no,no,5,2,4,4,4,3,3,2,2,3,3,4,4,3,3,High workload and inadequate staffing,"Training materials, PPE and cleaning supplies","Provide a functional isolation area, clear SOPs and regular supervision.",The facility needs stronger supervision and refresher training.
R0762,yes,45_54,female,nurse_midwife,bachelor,lt1,6_10,emergency,primary,semiurban,yes,7_12m,yes,true,true,true,false,false,false,false,true,true,true,false,true,false,false,false,3,5,3,5,5,4,5,3,3,4,3,4,4,4,3,4,3,2,4,3,3,3,3,4,2,5,2,2,5,3,5,4,2,3,3,3,3,4,3,3,5,2,4,4,4,3,3,2,1,4,2,3,4,4,2,3,2,2,2,4,2,3,3,2,2,3,3,3,3,3,4,3,3,5,2,5,3,5,3,4,always,often,often,sometimes,often,often,rarely,often,often,always,sometimes,often,available,available,not_available,available,partial,available,not_available,not_available,available,available,available,available,not_available,available,available,available,available,not_available,not_available,not_available,yes,no,yes,no,yes,yes,yes,yes,no,yes,yes,no,yes,yes,dk,3,3,3,3,4,3,5,3,3,3,4,3,3,5,2,High workload and inadequate staffing,"Gloves, masks, disinfectants and waste bins",Conduct regular IPC and Lassa fever refresher training and outbreak drills.,Regular monitoring and adequate supplies would improve compliance.
R0763,yes,25_34,male,chew,diploma,1_5,lt1,environmental,secondary,semiurban,yes,1_2y,yes,false,dk,true,false,true,false,dk,true,true,false,false,true,false,true,dk,4,3,5,5,5,3,5,4,4,3,5,5,3,3,5,4,4,5,4,5,3,3,4,5,4,3,3,3,1,3,2,5,4,4,3,4,3,3,4,3,4,3,1,5,4,3,4,4,3,3,3,3,2,4,3,1,3,4,4,2,4,3,2,4,3,2,3,4,3,5,3,3,4,4,2,3,4,3,3,2,sometimes,often,always,sometimes,sometimes,always,often,sometimes,rarely,always,often,often,partial,partial,available,available,partial,available,partial,not_available,not_available,available,available,available,available,available,available,available,available,available,not_available,available,yes,no,yes,dk,no,yes,yes,yes,yes,dk,no,no,no,no,yes,4,3,3,3,2,4,3,2,2,4,4,2,3,2,3,Limited water and hand-hygiene supplies,"Gloves, masks, disinfectants and waste bins","Improve water, sanitation, waste management and PPE availability.",Regular monitoring and adequate supplies would improve compliance.
R0764,yes,18_24,female,doctor,hnd,6_10,11_15,opd,primary,semiurban,yes,1_2y,no,false,false,true,true,true,true,dk,true,false,true,false,true,dk,true,dk,4,4,3,5,5,4,5,2,4,5,3,4,2,2,3,4,3,3,4,3,5,3,5,4,2,4,3,1,4,4,4,5,3,3,4,4,4,4,3,4,4,4,4,3,4,2,4,4,3,3,4,3,3,4,4,2,2,3,4,3,2,4,2,4,4,4,4,4,3,3,2,1,3,3,2,3,2,2,2,1,rarely,often,often,sometimes,often,rarely,rarely,sometimes,sometimes,always,sometimes,sometimes,available,available,available,partial,available,available,partial,available,available,available,available,available,not_available,available,available,available,available,partial,not_available,available,yes,no,dk,yes,no,yes,yes,yes,no,no,yes,yes,no,yes,yes,3,2,2,3,3,3,4,2,4,2,5,4,2,3,3,Availability of IPC supplies and management support,"Training materials, PPE and cleaning supplies",Conduct regular IPC and Lassa fever refresher training and outbreak drills.,Staff understand IPC but workload can affect compliance.
R0765,yes,18_24,female,chew,certificate,6_10,gt15,laboratory,primary,semiurban,yes,7_12m,yes,false,false,true,true,false,true,false,true,true,dk,false,true,true,false,true,3,4,4,3,5,5,5,3,2,4,4,3,4,4,2,5,2,2,3,4,3,4,4,4,3,4,3,4,5,4,2,3,3,1,4,3,4,4,4,4,5,2,3,4,3,4,4,3,2,3,2,1,3,3,5,3,2,3,2,3,3,3,4,4,5,3,4,5,2,4,3,3,2,4,4,3,3,3,3,3,always,often,often,always,often,sometimes,often,always,always,always,always,always,available,partial,available,partial,unknown,not_available,not_available,not_available,available,partial,available,not_available,not_available,unknown,partial,partial,partial,available,not_available,available,no,dk,yes,yes,yes,yes,yes,yes,yes,dk,yes,yes,dk,no,yes,2,3,3,4,4,3,2,3,4,4,5,3,2,3,4,Limited water and hand-hygiene supplies,"Gloves, masks, disinfectants and waste bins","Provide a functional isolation area, clear SOPs and regular supervision.",The facility needs stronger supervision and refresher training.
R0766,yes,45_54,female,chew,bachelor,1_5,1_5,paediatric,primary,semiurban,yes,gt2y,no,true,true,true,false,true,true,dk,true,false,true,dk,true,true,true,false,3,3,4,2,2,2,3,4,3,4,3,3,3,3,3,4,5,3,4,4,3,3,2,3,1,3,2,5,4,4,3,5,3,1,3,2,4,2,3,3,5,4,4,3,3,4,3,3,4,1,3,3,3,4,4,2,5,2,3,1,3,3,2,3,2,3,3,4,2,4,3,2,3,2,3,2,3,4,5,4,sometimes,sometimes,rarely,sometimes,always,often,often,often,na,always,rarely,often,available,available,partial,not_available,not_available,partial,available,available,available,available,not_available,available,partial,available,partial,not_available,available,available,partial,available,no,no,yes,yes,yes,yes,no,no,no,no,yes,yes,dk,yes,no,3,2,3,3,2,3,3,4,2,1,2,2,3,2,2,Insufficient refresher training and supervision,"Training materials, PPE and cleaning supplies","Provide a functional isolation area, clear SOPs and regular supervision.",More practical outbreak drills and feedback would be useful.
R0767,yes,45_54,female,chew,bachelor,gt15,gt15,emergency,primary,rural,yes,7_12m,no,true,true,dk,false,false,true,false,true,true,true,false,false,true,false,true,3,4,3,4,3,4,4,4,2,1,4,4,3,4,4,2,5,4,1,3,4,3,2,5,4,5,5,3,5,5,3,4,4,4,4,4,4,4,3,3,5,5,4,4,5,5,3,4,4,3,3,4,4,4,2,2,2,2,3,4,3,2,3,3,4,3,3,3,2,3,3,2,4,2,2,3,4,1,3,3,often,sometimes,always,often,often,sometimes,often,always,often,sometimes,na,often,unknown,available,available,partial,available,partial,partial,available,available,available,available,available,partial,available,not_available,available,available,partial,partial,available,dk,yes,yes,no,dk,yes,yes,yes,yes,yes,no,yes,yes,yes,yes,5,5,2,3,5,3,4,4,4,5,5,4,4,5,3,High workload and inadequate staffing,"PPE, hand-hygiene supplies and running water",Conduct regular IPC and Lassa fever refresher training and outbreak drills.,Regular monitoring and adequate supplies would improve compliance.
R0768,yes,35_44,female,chew,hnd,6_10,gt15,pharmacy,primary,rural,yes,1_2y,no,true,true,true,dk,true,true,true,dk,true,false,true,false,true,false,true,2,2,4,3,3,3,3,3,4,3,4,4,3,3,2,3,5,1,2,5,2,3,4,3,3,4,3,4,1,2,3,3,4,4,4,2,4,3,1,5,3,1,2,3,4,5,3,2,4,4,3,4,2,1,3,3,4,4,4,2,1,3,2,3,1,4,3,3,2,2,1,1,1,2,3,3,1,2,4,4,sometimes,sometimes,rarely,sometimes,often,sometimes,rarely,sometimes,sometimes,often,often,always,partial,available,available,available,available,available,partial,available,available,available,partial,available,not_available,available,available,not_available,available,not_available,not_available,available,yes,yes,yes,yes,yes,yes,yes,yes,dk,yes,yes,dk,yes,dk,yes,1,2,4,5,1,5,2,2,3,2,2,4,2,1,2,Limited water and hand-hygiene supplies,"Training materials, PPE and cleaning supplies",Maintain emergency PPE stocks and strengthen referral and notification procedures.,Water supply and PPE availability should be maintained consistently.
R0769,yes,45_54,female,doctor,master,6_10,1_5,emergency,primary,semiurban,yes,7_12m,no,true,true,true,true,false,true,dk,false,false,false,false,true,dk,false,true,3,4,5,4,4,2,4,3,5,5,4,4,3,3,3,2,3,3,4,5,3,4,3,2,3,2,3,3,2,2,2,2,4,3,3,3,4,2,3,4,3,2,2,3,4,5,3,5,3,3,2,1,4,1,1,1,2,3,2,5,3,2,3,5,1,4,3,5,2,3,3,3,4,3,5,3,4,4,5,2,sometimes,often,rarely,often,sometimes,sometimes,na,often,sometimes,always,always,often,available,available,available,unknown,not_available,partial,available,available,available,available,available,available,not_available,not_available,available,partial,partial,partial,partial,available,dk,no,no,yes,yes,yes,no,no,dk,yes,no,yes,dk,no,yes,2,3,3,3,4,3,2,3,5,2,4,3,3,2,5,Inconsistent PPE availability,"Water, soap and sharps containers",Maintain emergency PPE stocks and strengthen referral and notification procedures.,Regular monitoring and adequate supplies would improve compliance.
R0770,yes,35_44,female,nurse_midwife,master,gt15,1_5,community,primary,urban,no,unknown,no,true,false,false,true,false,true,true,true,true,dk,true,false,true,false,true,1,4,4,5,3,5,3,4,4,5,4,3,4,4,4,5,4,5,4,3,3,4,3,1,3,3,1,4,2,3,4,3,1,3,2,2,3,3,2,3,3,4,3,2,3,5,4,4,4,4,4,3,3,3,4,3,2,4,2,2,3,3,4,5,3,5,4,3,4,4,4,2,3,5,4,3,4,3,3,4,sometimes,sometimes,sometimes,rarely,often,often,often,sometimes,often,sometimes,sometimes,often,available,partial,partial,not_available,not_available,partial,available,unknown,available,available,partial,available,not_available,available,available,available,available,available,not_available,available,yes,yes,yes,yes,yes,yes,dk,yes,yes,dk,yes,dk,yes,dk,dk,3,2,4,2,4,1,1,4,4,2,3,4,2,4,1,Limited isolation and waste-management infrastructure,"PPE, alcohol-based hand rub and isolation space","Provide a functional isolation area, clear SOPs and regular supervision.",Regular monitoring and adequate supplies would improve compliance.
R0771,yes,35_44,female,lab,master,6_10,1_5,inpatient,secondary,semiurban,no,unknown,no,false,false,false,dk,false,false,false,false,false,true,false,true,true,false,false,4,2,5,2,4,4,2,2,5,3,3,4,4,1,2,3,3,3,3,3,2,5,3,2,3,2,3,3,3,2,5,3,5,3,3,3,5,2,2,2,3,3,3,3,1,3,2,2,4,3,4,3,4,3,1,2,3,3,4,3,5,4,4,3,4,3,5,2,3,4,3,3,4,3,5,3,2,3,3,4,sometimes,often,sometimes,sometimes,rarely,often,always,sometimes,sometimes,always,sometimes,always,not_available,available,available,available,not_available,available,not_available,available,partial,available,available,not_available,partial,not_available,not_available,not_available,available,available,partial,available,no,yes,yes,yes,yes,no,yes,yes,no,dk,yes,dk,no,dk,no,4,3,3,3,4,4,2,4,4,4,4,3,4,5,5,Availability of IPC supplies and management support,"Water, soap and sharps containers",Conduct routine IPC audits and communicate findings to staff.,More practical outbreak drills and feedback would be useful.
R0772,yes,25_34,female,doctor,hnd,1_5,11_15,maternity,primary,rural,yes,gt2y,yes,false,false,true,true,false,false,false,true,false,true,false,true,true,false,false,2,3,3,3,5,4,3,4,3,1,5,3,4,3,4,4,2,3,5,4,2,4,3,2,5,2,4,4,4,3,4,3,3,3,2,3,1,4,2,3,3,4,5,3,2,3,4,2,4,4,5,3,2,3,2,5,4,3,2,3,3,4,2,3,2,3,2,2,3,4,3,2,2,3,4,3,1,4,3,2,often,sometimes,often,often,sometimes,sometimes,often,often,sometimes,never,rarely,sometimes,partial,available,partial,not_available,available,available,not_available,available,available,not_available,available,available,available,not_available,not_available,not_available,available,available,not_available,partial,yes,yes,yes,no,yes,no,no,yes,yes,yes,no,no,no,yes,no,3,2,3,3,3,3,3,3,3,3,2,5,3,2,2,Inconsistent PPE availability,"Gloves, masks, disinfectants and waste bins",Conduct routine IPC audits and communicate findings to staff.,Water supply and PPE availability should be maintained consistently.
R0773,yes,25_34,male,environmental_health,bachelor,6_10,1_5,emergency,primary,rural,yes,1_2y,yes,true,true,false,dk,true,true,dk,dk,false,true,true,false,false,dk,true,5,3,4,5,5,2,4,4,4,3,2,5,4,4,5,5,2,4,4,3,3,5,3,4,4,5,4,3,2,3,4,4,3,5,4,2,3,4,3,4,3,4,3,4,4,4,4,4,4,2,2,3,4,3,1,2,3,1,5,3,3,4,4,3,3,3,4,1,3,4,3,4,3,4,2,5,4,2,3,3,sometimes,always,sometimes,sometimes,sometimes,rarely,sometimes,often,sometimes,sometimes,sometimes,sometimes,available,not_available,partial,partial,available,available,not_available,available,available,available,available,unknown,partial,available,not_available,available,available,available,not_available,not_available,dk,yes,no,yes,no,yes,yes,yes,no,no,yes,no,no,no,no,2,2,3,4,1,1,1,5,3,3,3,3,3,3,1,Inconsistent PPE availability,"PPE, alcohol-based hand rub and isolation space","Provide a functional isolation area, clear SOPs and regular supervision.",Water supply and PPE availability should be maintained consistently.
R0774,yes,35_44,male,nurse_midwife,bachelor,6_10,lt1,opd,secondary,rural,yes,1_2y,no,false,dk,true,true,dk,dk,true,false,false,true,dk,dk,true,true,false,1,2,4,4,3,2,3,3,4,3,2,1,2,2,3,3,4,3,2,4,4,3,3,3,3,4,2,2,3,3,3,3,3,4,4,2,2,2,3,3,3,2,5,2,1,2,4,2,3,4,2,3,2,5,3,3,5,3,3,3,1,3,2,2,3,1,2,4,3,3,4,3,2,3,3,3,3,2,4,3,sometimes,often,rarely,rarely,sometimes,sometimes,often,sometimes,often,sometimes,sometimes,rarely,available,available,available,available,available,available,partial,not_available,available,available,available,partial,not_available,available,not_available,partial,available,available,partial,not_available,dk,dk,yes,no,yes,no,yes,no,yes,no,yes,yes,no,yes,no,3,3,1,1,2,2,2,3,1,2,2,2,2,1,4,Inconsistent PPE availability,"PPE, hand-hygiene supplies and running water",Conduct routine IPC audits and communicate findings to staff.,The facility needs stronger supervision and refresher training.
R0775,yes,25_34,female,chew,bachelor,1_5,gt15,pharmacy,primary,rural,yes,7_12m,yes,true,true,true,false,false,true,true,true,true,true,true,true,true,false,true,3,3,3,4,2,2,3,4,2,3,2,3,4,3,3,2,4,3,3,4,2,4,3,2,3,3,2,3,5,4,2,4,3,2,3,3,3,4,1,2,3,2,3,3,2,3,3,1,3,1,2,2,1,3,3,5,5,5,1,1,3,4,2,3,2,3,3,2,2,2,3,2,3,2,3,3,2,2,2,3,often,rarely,often,always,sometimes,often,sometimes,often,sometimes,sometimes,sometimes,sometimes,available,available,partial,available,available,available,available,not_available,available,available,available,partial,not_available,available,available,available,available,available,available,not_available,no,no,yes,yes,yes,yes,no,yes,yes,dk,yes,yes,yes,yes,yes,3,4,3,3,3,2,3,3,2,2,4,3,3,4,4,Limited water and hand-hygiene supplies,"Gloves, masks, disinfectants and waste bins",Maintain emergency PPE stocks and strengthen referral and notification procedures.,The facility needs stronger supervision and refresher training.
R0776,yes,25_34,female,attendant,master,1_5,11_15,maternity,primary,rural,yes,1_2y,no,true,true,true,false,true,true,true,false,true,true,true,true,true,false,false,2,4,4,5,2,4,4,3,5,2,4,3,4,1,3,3,4,4,4,4,1,3,4,2,3,1,4,4,4,1,1,1,3,3,2,3,2,4,2,1,4,4,1,2,5,2,2,2,3,3,3,4,4,3,3,5,3,3,4,2,3,2,1,1,3,3,3,2,2,4,4,3,3,2,2,4,3,3,2,2,rarely,often,rarely,often,sometimes,sometimes,sometimes,rarely,always,often,sometimes,sometimes,partial,available,available,available,available,available,not_available,available,not_available,available,available,available,available,available,not_available,available,available,available,not_available,partial,yes,yes,yes,no,yes,yes,no,yes,yes,yes,no,yes,yes,yes,yes,2,3,3,4,5,4,4,2,3,2,4,2,3,3,3,Limited water and hand-hygiene supplies,"PPE, alcohol-based hand rub and isolation space",Conduct regular IPC and Lassa fever refresher training and outbreak drills.,Water supply and PPE availability should be maintained consistently.
R0777,yes,25_34,female,jchew,bachelor,1_5,6_10,opd,primary,rural,yes,gt2y,yes,dk,true,false,false,true,dk,false,true,true,true,dk,false,true,true,dk,2,4,5,3,4,5,2,4,3,2,2,4,4,4,3,2,4,3,1,4,4,3,4,1,3,3,2,2,2,4,2,3,2,2,3,4,4,3,4,4,3,3,5,4,3,2,3,2,3,4,3,4,2,5,4,5,3,3,3,3,4,3,4,3,3,3,2,4,4,2,4,2,3,1,4,1,3,3,4,3,sometimes,sometimes,sometimes,sometimes,often,na,sometimes,often,rarely,sometimes,na,rarely,available,partial,available,not_available,unknown,available,available,not_available,available,partial,available,available,not_available,available,partial,available,available,available,available,not_available,yes,yes,dk,dk,yes,no,yes,yes,yes,dk,yes,dk,no,no,yes,2,4,4,2,4,4,2,4,2,4,2,3,3,4,2,Availability of IPC supplies and management support,"Gloves, masks, disinfectants and waste bins","Improve water, sanitation, waste management and PPE availability.",More practical outbreak drills and feedback would be useful.
R0778,yes,55_plus,female,pharmacy,bachelor,lt1,1_5,other,secondary,rural,yes,gt2y,yes,true,true,false,false,false,false,true,true,true,dk,true,true,true,false,true,4,4,2,2,5,3,4,4,2,3,3,3,3,4,5,4,4,2,4,4,3,1,4,2,4,3,2,4,3,2,3,3,4,4,3,4,3,3,3,4,4,3,2,3,1,3,4,5,4,4,4,3,4,1,2,3,4,1,5,3,4,3,5,2,3,2,2,4,4,4,4,1,3,2,3,4,4,4,2,3,rarely,sometimes,always,sometimes,rarely,rarely,sometimes,sometimes,often,sometimes,sometimes,often,available,available,available,available,partial,available,available,not_available,available,available,partial,available,not_available,available,not_available,available,not_available,not_available,available,available,yes,yes,yes,no,yes,yes,yes,yes,no,yes,no,no,dk,yes,yes,5,5,4,3,3,4,3,4,4,4,5,5,3,3,3,Limited water and hand-hygiene supplies,"Training materials, PPE and cleaning supplies","Improve water, sanitation, waste management and PPE availability.",Staff understand IPC but workload can affect compliance.
R0779,yes,55_plus,male,cho,diploma,11_15,1_5,opd,primary,rural,no,unknown,yes,true,true,true,false,false,true,true,true,false,true,true,false,true,true,dk,3,2,2,3,4,4,3,5,2,3,3,2,3,2,3,3,4,3,3,3,2,3,2,2,1,3,3,3,2,1,3,3,2,3,3,3,4,1,2,5,2,2,2,2,3,3,4,4,3,4,5,2,3,3,3,1,2,1,3,3,5,2,2,2,3,2,4,2,3,5,2,4,3,1,4,3,3,2,3,4,rarely,rarely,sometimes,rarely,often,sometimes,rarely,rarely,rarely,never,often,sometimes,available,available,available,available,available,available,not_available,available,not_available,partial,available,available,available,not_available,available,available,available,available,available,available,yes,no,yes,yes,yes,yes,yes,yes,no,no,yes,yes,no,no,yes,3,3,3,2,3,3,1,3,3,3,3,3,2,3,3,Limited isolation and waste-management infrastructure,"PPE, hand-hygiene supplies and running water","Improve water, sanitation, waste management and PPE availability.",Regular monitoring and adequate supplies would improve compliance.
R0780,yes,45_54,male,cho,hnd,lt1,1_5,community,primary,urban,no,unknown,yes,true,true,true,false,false,true,true,true,true,true,false,true,true,false,true,3,3,2,3,3,4,2,2,3,2,3,4,3,4,3,3,4,3,5,2,4,3,5,3,3,4,4,4,3,3,3,4,5,4,3,3,3,3,3,5,3,4,4,4,4,2,5,3,3,4,1,4,2,3,5,4,2,3,3,3,5,2,4,3,4,3,4,3,5,3,1,3,4,3,4,4,4,5,4,3,sometimes,often,always,always,often,often,rarely,often,always,sometimes,always,often,available,available,partial,available,available,available,not_available,not_available,available,not_available,available,available,available,partial,available,available,partial,unknown,not_available,available,no,yes,yes,no,dk,yes,yes,no,no,dk,yes,no,dk,dk,yes,5,5,4,2,4,5,4,4,4,4,3,2,4,5,4,Inconsistent PPE availability,"Water, soap and sharps containers","Improve water, sanitation, waste management and PPE availability.",More practical outbreak drills and feedback would be useful.
R0781,yes,35_44,male,lab,hnd,11_15,1_5,paediatric,secondary,rural,yes,6m,no,true,true,true,false,false,false,true,true,dk,false,true,false,true,false,false,4,4,3,4,5,3,4,2,4,2,5,5,3,2,4,4,5,4,4,3,2,3,1,2,1,2,3,2,2,3,3,2,4,3,4,2,3,4,2,4,2,2,4,4,2,4,4,3,3,3,5,3,4,2,4,2,2,3,3,4,4,3,3,3,4,3,1,3,3,2,4,2,5,3,3,3,4,4,2,5,sometimes,rarely,rarely,never,never,always,sometimes,sometimes,often,often,sometimes,often,available,available,available,available,available,available,available,not_available,available,available,available,available,not_available,not_available,available,not_available,partial,available,available,available,yes,yes,no,yes,dk,yes,yes,yes,dk,no,no,dk,no,yes,no,1,4,4,4,5,3,5,4,4,4,3,4,3,3,3,Inconsistent PPE availability,"PPE, hand-hygiene supplies and running water",Conduct routine IPC audits and communicate findings to staff.,Staff understand IPC but workload can affect compliance.
